claim_id,first_submitted_at,source,has_resubmission,resubmission_count,resubmission_delay_hours,is_fraud,split_assignment
WC700000,2025-04-01 03:24,legacy_zoho,1,2,24.0,0,train_split
WC700001,2025-04-01 03:38,legacy_zoho,0,1,0.0,0,train_split
WC700002,2025-04-01 03:46,legacy_zoho,0,1,0.0,0,train_split
WC700003,2025-04-01 03:50,legacy_zoho,0,1,0.0,0,train_split
WC700004,2025-04-01 04:14,legacy_zoho,0,1,0.0,0,train_split
WC700005,2025-04-01 04:15,legacy_zoho,0,1,0.0,0,train_split
WC700006,2025-04-01 04:15,legacy_zoho,0,1,0.0,0,train_split
WC700007,2025-04-01 04:22,legacy_zoho,0,1,0.0,0,train_split
WC700008,2025-04-01 05:05,legacy_zoho,0,1,0.0,0,train_split
WC700009,2025-04-01 05:37,legacy_zoho,0,1,0.0,0,train_split
WC700010,2025-04-01 06:10,legacy_zoho,0,1,0.0,0,train_split
WC700011,2025-04-01 06:44,legacy_zoho,0,1,0.0,0,train_split
WC700012,2025-04-01 07:11,legacy_zoho,0,1,0.0,0,train_split
WC700013,2025-04-01 07:40,legacy_zoho,0,1,0.0,0,train_split
WC700014,2025-04-01 07:56,legacy_zoho,0,1,0.0,0,train_split
WC700015,2025-04-01 08:10,legacy_zoho,0,1,0.0,0,train_split
WC700016,2025-04-01 08:12,legacy_zoho,0,1,0.0,0,train_split
WC700017,2025-04-01 12:00,legacy_zoho,0,1,0.0,0,train_split
WC700018,2025-04-01 12:02,legacy_zoho,0,1,0.0,0,train_split
WC700019,2025-04-01 12:22,legacy_zoho,0,1,0.0,0,train_split
WC700020,2025-04-01 13:27,legacy_zoho,0,1,0.0,0,train_split
WC700021,2025-04-01 13:31,legacy_zoho,0,1,0.0,0,train_split
WC700022,2025-04-01 15:13,legacy_zoho,1,2,96.0,0,train_split
WC700023,2025-04-01 15:28,legacy_zoho,0,1,0.0,0,train_split
WC700024,2025-04-01 19:10,legacy_zoho,0,1,0.0,0,train_split
WC700025,2025-04-01 19:56,legacy_zoho,0,1,0.0,0,train_split
WC700026,2025-04-01 20:00,legacy_zoho,0,1,0.0,0,train_split
WC700027,2025-04-01 20:29,legacy_zoho,0,1,0.0,0,train_split
WC700028,2025-04-01 21:44,legacy_zoho,0,1,0.0,0,train_split
WC700029,2025-04-01 21:50,legacy_zoho,0,1,0.0,0,train_split
WC700030,2025-04-01 22:58,legacy_zoho,0,1,0.0,0,train_split
WC700031,2025-04-02 00:07,legacy_zoho,0,1,0.0,0,train_split
WC700032,2025-04-02 00:41,legacy_zoho,0,1,0.0,0,train_split
WC700033,2025-04-02 01:18,legacy_zoho,0,1,0.0,0,train_split
WC700034,2025-04-02 01:56,legacy_zoho,0,1,0.0,0,train_split
WC700035,2025-04-02 05:46,legacy_zoho,1,2,48.0,0,train_split
WC700036,2025-04-02 06:42,legacy_zoho,0,1,0.0,0,train_split
WC700037,2025-04-02 06:59,legacy_zoho,0,1,0.0,0,train_split
WC700038,2025-04-02 07:19,legacy_zoho,0,1,0.0,0,train_split
WC700039,2025-04-02 07:24,legacy_zoho,0,1,0.0,0,train_split
WC700040,2025-04-02 08:21,legacy_zoho,0,1,0.0,0,train_split
WC700041,2025-04-02 08:28,legacy_zoho,0,1,0.0,0,train_split
WC700042,2025-04-02 10:48,legacy_zoho,0,1,0.0,0,train_split
WC700043,2025-04-02 11:37,legacy_zoho,0,1,0.0,0,train_split
WC700044,2025-04-02 12:06,legacy_zoho,0,1,0.0,0,train_split
WC700045,2025-04-02 12:58,legacy_zoho,0,1,0.0,0,train_split
WC700046,2025-04-02 13:06,legacy_zoho,0,1,0.0,0,train_split
WC700047,2025-04-02 14:38,legacy_zoho,0,1,0.0,0,train_split
WC700048,2025-04-02 14:58,legacy_zoho,0,1,0.0,0,train_split
WC700049,2025-04-02 15:08,legacy_zoho,0,1,0.0,0,train_split
WC700050,2025-04-02 16:19,legacy_zoho,0,1,0.0,0,train_split
WC700051,2025-04-02 16:48,legacy_zoho,0,1,0.0,0,train_split
WC700052,2025-04-02 16:59,legacy_zoho,0,1,0.0,0,train_split
WC700053,2025-04-02 17:43,legacy_zoho,0,1,0.0,0,train_split
WC700054,2025-04-02 18:10,legacy_zoho,0,1,0.0,0,train_split
WC700055,2025-04-02 18:27,legacy_zoho,0,1,0.0,0,train_split
WC700056,2025-04-02 18:28,legacy_zoho,0,1,0.0,0,train_split
WC700057,2025-04-02 18:32,legacy_zoho,0,1,0.0,0,train_split
WC700058,2025-04-02 19:05,legacy_zoho,1,2,96.0,0,train_split
WC700059,2025-04-02 19:43,legacy_zoho,0,1,0.0,0,train_split
WC700060,2025-04-02 21:06,legacy_zoho,0,1,0.0,0,train_split
WC700061,2025-04-02 22:40,legacy_zoho,0,1,0.0,0,train_split
WC700062,2025-04-02 22:41,legacy_zoho,0,1,0.0,0,train_split
WC700063,2025-04-02 23:05,legacy_zoho,0,1,0.0,0,train_split
WC700064,2025-04-02 23:38,legacy_zoho,0,1,0.0,0,train_split
WC700065,2025-04-03 00:31,legacy_zoho,0,1,0.0,0,train_split
WC700066,2025-04-03 00:36,legacy_zoho,0,1,0.0,0,train_split
WC700067,2025-04-03 01:10,legacy_zoho,0,1,0.0,0,train_split
WC700068,2025-04-03 01:24,legacy_zoho,0,1,0.0,0,train_split
WC700069,2025-04-03 04:44,legacy_zoho,0,1,0.0,0,train_split
WC700070,2025-04-03 05:10,legacy_zoho,0,1,0.0,0,train_split
WC700071,2025-04-03 05:35,legacy_zoho,0,1,0.0,0,train_split
WC700072,2025-04-03 06:50,legacy_zoho,0,1,0.0,0,train_split
WC700073,2025-04-03 11:05,legacy_zoho,0,1,0.0,0,train_split
WC700074,2025-04-03 11:15,legacy_zoho,0,1,0.0,0,train_split
WC700075,2025-04-03 12:14,legacy_zoho,0,1,0.0,0,train_split
WC700076,2025-04-03 13:41,legacy_zoho,0,1,0.0,0,train_split
WC700077,2025-04-03 15:13,legacy_zoho,0,1,0.0,0,train_split
WC700078,2025-04-03 15:19,legacy_zoho,0,1,0.0,0,train_split
WC700079,2025-04-03 15:19,legacy_zoho,0,1,0.0,0,train_split
WC700080,2025-04-03 16:00,legacy_zoho,0,1,0.0,0,train_split
WC700081,2025-04-03 16:08,legacy_zoho,0,1,0.0,0,train_split
WC700082,2025-04-03 18:04,legacy_zoho,0,1,0.0,0,train_split
WC700083,2025-04-03 18:54,legacy_zoho,0,1,0.0,0,train_split
WC700084,2025-04-03 20:27,legacy_zoho,0,1,0.0,0,train_split
WC700085,2025-04-03 20:54,legacy_zoho,0,1,0.0,0,train_split
WC700086,2025-04-03 22:44,legacy_zoho,0,1,0.0,0,train_split
WC700087,2025-04-04 01:07,legacy_zoho,0,1,0.0,0,train_split
WC700088,2025-04-04 02:21,legacy_zoho,0,1,0.0,0,train_split
WC700089,2025-04-04 02:43,legacy_zoho,1,2,120.0,0,train_split
WC700090,2025-04-04 03:02,legacy_zoho,0,1,0.0,0,train_split
WC700091,2025-04-04 04:11,legacy_zoho,0,1,0.0,0,train_split
WC700092,2025-04-04 05:00,legacy_zoho,1,2,96.0,0,train_split
WC700093,2025-04-04 05:57,legacy_zoho,0,1,0.0,0,train_split
WC700094,2025-04-04 07:01,legacy_zoho,0,1,0.0,0,train_split
WC700095,2025-04-04 07:19,legacy_zoho,0,1,0.0,0,train_split
WC700096,2025-04-04 08:14,legacy_zoho,0,1,0.0,0,train_split
WC700097,2025-04-04 10:12,legacy_zoho,0,1,0.0,0,train_split
WC700098,2025-04-04 10:53,legacy_zoho,0,1,0.0,0,train_split
WC700099,2025-04-04 11:09,legacy_zoho,0,1,0.0,0,train_split
WC700100,2025-04-04 11:13,legacy_zoho,0,1,0.0,0,train_split
WC700101,2025-04-04 11:53,legacy_zoho,0,1,0.0,0,train_split
WC700102,2025-04-04 12:21,legacy_zoho,0,1,0.0,0,train_split
WC700103,2025-04-04 12:35,legacy_zoho,0,1,0.0,0,train_split
WC700104,2025-04-04 15:11,legacy_zoho,0,1,0.0,0,train_split
WC700105,2025-04-04 15:11,legacy_zoho,0,1,0.0,0,train_split
WC700106,2025-04-04 15:49,legacy_zoho,0,1,0.0,0,train_split
WC700107,2025-04-04 16:17,legacy_zoho,0,1,0.0,1,train_split
WC700108,2025-04-04 18:27,legacy_zoho,0,1,0.0,0,train_split
WC700109,2025-04-04 19:14,legacy_zoho,0,1,0.0,0,train_split
WC700110,2025-04-04 20:52,legacy_zoho,0,1,0.0,0,train_split
WC700111,2025-04-04 21:53,legacy_zoho,0,1,0.0,0,train_split
WC700112,2025-04-04 22:03,legacy_zoho,0,1,0.0,0,train_split
WC700113,2025-04-04 22:07,legacy_zoho,1,2,96.0,0,train_split
WC700114,2025-04-04 23:59,legacy_zoho,0,1,0.0,0,train_split
WC700115,2025-04-05 00:17,legacy_zoho,0,1,0.0,0,train_split
WC700116,2025-04-05 00:31,legacy_zoho,0,1,0.0,0,train_split
WC700117,2025-04-05 01:03,legacy_zoho,0,1,0.0,0,train_split
WC700118,2025-04-05 01:47,legacy_zoho,0,1,0.0,0,train_split
WC700119,2025-04-05 04:12,legacy_zoho,0,1,0.0,0,train_split
WC700120,2025-04-05 04:44,legacy_zoho,0,1,0.0,0,train_split
WC700121,2025-04-05 06:40,legacy_zoho,0,1,0.0,0,train_split
WC700122,2025-04-05 06:47,legacy_zoho,0,1,0.0,0,train_split
WC700123,2025-04-05 09:09,legacy_zoho,0,1,0.0,0,train_split
WC700124,2025-04-05 10:24,legacy_zoho,0,1,0.0,0,train_split
WC700125,2025-04-05 10:48,legacy_zoho,0,1,0.0,0,train_split
WC700126,2025-04-05 12:35,legacy_zoho,0,1,0.0,0,train_split
WC700127,2025-04-05 15:03,legacy_zoho,0,1,0.0,0,train_split
WC700128,2025-04-05 15:50,legacy_zoho,0,1,0.0,0,train_split
WC700129,2025-04-05 16:00,legacy_zoho,0,1,0.0,0,train_split
WC700130,2025-04-05 16:35,legacy_zoho,0,1,0.0,0,train_split
WC700131,2025-04-05 17:52,legacy_zoho,0,1,0.0,0,train_split
WC700132,2025-04-05 17:52,legacy_zoho,0,1,0.0,0,train_split
WC700133,2025-04-05 19:24,legacy_zoho,0,1,0.0,0,train_split
WC700134,2025-04-05 19:55,legacy_zoho,0,1,0.0,0,train_split
WC700135,2025-04-05 21:54,legacy_zoho,0,1,0.0,0,train_split
WC700136,2025-04-06 01:17,legacy_zoho,0,1,0.0,0,train_split
WC700137,2025-04-06 01:29,legacy_zoho,0,1,0.0,0,train_split
WC700138,2025-04-06 04:05,legacy_zoho,0,1,0.0,0,train_split
WC700139,2025-04-06 05:23,legacy_zoho,0,1,0.0,0,train_split
WC700140,2025-04-06 05:32,legacy_zoho,0,1,0.0,0,train_split
WC700141,2025-04-06 05:38,legacy_zoho,0,1,0.0,0,train_split
WC700142,2025-04-06 05:53,legacy_zoho,0,1,0.0,0,train_split
WC700143,2025-04-06 07:35,legacy_zoho,0,1,0.0,0,train_split
WC700144,2025-04-06 08:28,legacy_zoho,0,1,0.0,0,train_split
WC700145,2025-04-06 09:35,legacy_zoho,0,1,0.0,0,train_split
WC700146,2025-04-06 12:03,legacy_zoho,0,1,0.0,0,train_split
WC700147,2025-04-06 13:01,legacy_zoho,0,1,0.0,0,train_split
WC700148,2025-04-06 13:40,legacy_zoho,0,1,0.0,0,train_split
WC700149,2025-04-06 13:47,legacy_zoho,0,1,0.0,0,train_split
WC700150,2025-04-06 15:26,legacy_zoho,0,1,0.0,0,train_split
WC700151,2025-04-06 18:35,legacy_zoho,0,1,0.0,0,train_split
WC700152,2025-04-06 21:47,legacy_zoho,0,1,0.0,0,train_split
WC700153,2025-04-06 23:11,legacy_zoho,0,1,0.0,0,train_split
WC700154,2025-04-06 23:27,legacy_zoho,0,1,0.0,0,train_split
WC700155,2025-04-07 02:00,legacy_zoho,0,1,0.0,0,train_split
WC700156,2025-04-07 02:02,legacy_zoho,0,1,0.0,0,train_split
WC700157,2025-04-07 03:08,legacy_zoho,0,1,0.0,0,train_split
WC700158,2025-04-07 04:44,legacy_zoho,0,1,0.0,0,train_split
WC700159,2025-04-07 04:57,legacy_zoho,0,1,0.0,0,train_split
WC700160,2025-04-07 05:06,legacy_zoho,0,1,0.0,0,train_split
WC700161,2025-04-07 05:38,legacy_zoho,0,1,0.0,0,train_split
WC700162,2025-04-07 07:24,legacy_zoho,0,1,0.0,0,train_split
WC700163,2025-04-07 11:29,legacy_zoho,0,1,0.0,0,train_split
WC700164,2025-04-07 11:56,legacy_zoho,0,1,0.0,0,train_split
WC700165,2025-04-07 12:18,legacy_zoho,0,1,0.0,0,train_split
WC700166,2025-04-07 15:45,legacy_zoho,0,1,0.0,0,train_split
WC700167,2025-04-07 16:52,legacy_zoho,0,1,0.0,0,train_split
WC700168,2025-04-07 18:01,legacy_zoho,0,1,0.0,0,train_split
WC700169,2025-04-07 20:51,legacy_zoho,0,1,0.0,0,train_split
WC700170,2025-04-08 00:08,legacy_zoho,0,1,0.0,0,train_split
WC700171,2025-04-08 00:09,legacy_zoho,0,1,0.0,0,train_split
WC700172,2025-04-08 00:22,legacy_zoho,0,1,0.0,0,train_split
WC700173,2025-04-08 00:54,legacy_zoho,0,1,0.0,0,train_split
WC700174,2025-04-08 01:39,legacy_zoho,0,1,0.0,0,train_split
WC700175,2025-04-08 01:49,legacy_zoho,1,2,48.0,0,train_split
WC700176,2025-04-08 03:15,legacy_zoho,0,1,0.0,0,train_split
WC700177,2025-04-08 04:36,legacy_zoho,0,1,0.0,0,train_split
WC700178,2025-04-08 05:53,legacy_zoho,1,2,24.0,0,train_split
WC700179,2025-04-08 08:40,legacy_zoho,0,1,0.0,0,train_split
WC700180,2025-04-08 11:15,legacy_zoho,0,1,0.0,0,train_split
WC700181,2025-04-08 11:53,legacy_zoho,0,1,0.0,0,train_split
WC700182,2025-04-08 12:42,legacy_zoho,1,2,120.0,0,train_split
WC700183,2025-04-08 12:57,legacy_zoho,0,1,0.0,0,train_split
WC700184,2025-04-08 15:28,legacy_zoho,0,1,0.0,0,train_split
WC700185,2025-04-08 16:43,legacy_zoho,0,1,0.0,0,train_split
WC700186,2025-04-08 17:04,legacy_zoho,0,1,0.0,0,train_split
WC700187,2025-04-08 18:01,legacy_zoho,0,1,0.0,0,train_split
WC700188,2025-04-08 18:26,legacy_zoho,0,1,0.0,0,train_split
WC700189,2025-04-08 18:56,legacy_zoho,0,1,0.0,0,train_split
WC700190,2025-04-08 18:59,legacy_zoho,0,1,0.0,0,train_split
WC700191,2025-04-08 20:30,legacy_zoho,0,1,0.0,0,train_split
WC700192,2025-04-08 20:34,legacy_zoho,0,1,0.0,0,train_split
WC700193,2025-04-08 21:07,legacy_zoho,0,1,0.0,0,train_split
WC700194,2025-04-08 22:55,legacy_zoho,1,2,48.0,0,train_split
WC700195,2025-04-08 23:29,legacy_zoho,0,1,0.0,0,train_split
WC700196,2025-04-09 00:48,legacy_zoho,0,1,0.0,0,train_split
WC700197,2025-04-09 02:06,legacy_zoho,0,1,0.0,0,train_split
WC700198,2025-04-09 02:09,legacy_zoho,0,1,0.0,0,train_split
WC700199,2025-04-09 02:31,legacy_zoho,0,1,0.0,0,train_split
WC700200,2025-04-09 02:50,legacy_zoho,0,1,0.0,0,train_split
WC700201,2025-04-09 03:03,legacy_zoho,0,1,0.0,0,train_split
WC700202,2025-04-09 03:32,legacy_zoho,0,1,0.0,0,train_split
WC700203,2025-04-09 05:15,legacy_zoho,1,2,24.0,0,train_split
WC700204,2025-04-09 08:25,legacy_zoho,0,1,0.0,0,train_split
WC700205,2025-04-09 09:24,legacy_zoho,0,1,0.0,0,train_split
WC700206,2025-04-09 09:39,legacy_zoho,0,1,0.0,0,train_split
WC700207,2025-04-09 09:42,legacy_zoho,0,1,0.0,0,train_split
WC700208,2025-04-09 10:20,legacy_zoho,0,1,0.0,0,train_split
WC700209,2025-04-09 13:39,legacy_zoho,0,1,0.0,0,train_split
WC700210,2025-04-09 14:10,legacy_zoho,0,1,0.0,0,train_split
WC700211,2025-04-09 15:11,legacy_zoho,0,1,0.0,0,train_split
WC700212,2025-04-09 15:33,legacy_zoho,0,1,0.0,0,train_split
WC700213,2025-04-09 15:49,legacy_zoho,0,1,0.0,0,train_split
WC700214,2025-04-09 17:13,legacy_zoho,0,1,0.0,0,train_split
WC700215,2025-04-09 17:18,legacy_zoho,0,1,0.0,0,train_split
WC700216,2025-04-09 18:15,legacy_zoho,0,1,0.0,0,train_split
WC700217,2025-04-09 19:15,legacy_zoho,0,1,0.0,0,train_split
WC700218,2025-04-09 21:39,legacy_zoho,0,1,0.0,0,train_split
WC700219,2025-04-09 23:37,legacy_zoho,0,1,0.0,0,train_split
WC700220,2025-04-10 01:03,legacy_zoho,0,1,0.0,0,train_split
WC700221,2025-04-10 02:06,legacy_zoho,0,1,0.0,0,train_split
WC700222,2025-04-10 02:57,legacy_zoho,0,1,0.0,0,train_split
WC700223,2025-04-10 04:35,legacy_zoho,0,1,0.0,0,train_split
WC700224,2025-04-10 05:32,legacy_zoho,0,1,0.0,0,train_split
WC700225,2025-04-10 05:44,legacy_zoho,0,1,0.0,0,train_split
WC700226,2025-04-10 06:06,legacy_zoho,0,1,0.0,0,train_split
WC700227,2025-04-10 06:58,legacy_zoho,0,1,0.0,0,train_split
WC700228,2025-04-10 10:17,legacy_zoho,0,1,0.0,0,train_split
WC700229,2025-04-10 10:27,legacy_zoho,0,1,0.0,0,train_split
WC700230,2025-04-10 10:31,legacy_zoho,0,1,0.0,0,train_split
WC700231,2025-04-10 14:15,legacy_zoho,1,2,24.0,0,train_split
WC700232,2025-04-10 15:00,legacy_zoho,0,1,0.0,0,train_split
WC700233,2025-04-10 15:57,legacy_zoho,0,1,0.0,0,train_split
WC700234,2025-04-10 16:01,legacy_zoho,0,1,0.0,0,train_split
WC700235,2025-04-10 16:29,legacy_zoho,0,1,0.0,0,train_split
WC700236,2025-04-10 16:52,legacy_zoho,0,1,0.0,0,train_split
WC700237,2025-04-10 17:33,legacy_zoho,0,1,0.0,0,train_split
WC700238,2025-04-10 19:41,legacy_zoho,1,2,24.0,0,train_split
WC700239,2025-04-10 20:22,legacy_zoho,0,1,0.0,0,train_split
WC700240,2025-04-10 21:12,legacy_zoho,0,1,0.0,0,train_split
WC700241,2025-04-10 21:58,legacy_zoho,0,1,0.0,0,train_split
WC700242,2025-04-10 22:25,legacy_zoho,0,1,0.0,0,train_split
WC700243,2025-04-10 22:38,legacy_zoho,0,1,0.0,0,train_split
WC700244,2025-04-10 22:57,legacy_zoho,0,1,0.0,0,train_split
WC700245,2025-04-10 23:22,legacy_zoho,0,1,0.0,0,train_split
WC700246,2025-04-11 00:10,legacy_zoho,0,1,0.0,0,train_split
WC700247,2025-04-11 01:24,legacy_zoho,0,1,0.0,0,train_split
WC700248,2025-04-11 01:28,legacy_zoho,0,1,0.0,0,train_split
WC700249,2025-04-11 01:49,legacy_zoho,0,1,0.0,0,train_split
WC700250,2025-04-11 01:58,legacy_zoho,0,1,0.0,0,train_split
WC700251,2025-04-11 02:56,legacy_zoho,0,1,0.0,0,train_split
WC700252,2025-04-11 03:41,legacy_zoho,0,1,0.0,0,train_split
WC700253,2025-04-11 04:06,legacy_zoho,0,1,0.0,0,train_split
WC700254,2025-04-11 07:06,legacy_zoho,0,1,0.0,0,train_split
WC700255,2025-04-11 09:11,legacy_zoho,0,1,0.0,0,train_split
WC700256,2025-04-11 09:47,legacy_zoho,0,1,0.0,0,train_split
WC700257,2025-04-11 11:03,legacy_zoho,0,1,0.0,0,train_split
WC700258,2025-04-11 11:27,legacy_zoho,0,1,0.0,0,train_split
WC700259,2025-04-11 14:28,legacy_zoho,0,1,0.0,0,train_split
WC700260,2025-04-11 14:58,legacy_zoho,0,1,0.0,0,train_split
WC700261,2025-04-11 17:32,legacy_zoho,0,1,0.0,0,train_split
WC700262,2025-04-11 17:32,legacy_zoho,0,1,0.0,0,train_split
WC700263,2025-04-11 18:00,legacy_zoho,0,1,0.0,0,train_split
WC700264,2025-04-11 18:18,legacy_zoho,0,1,0.0,0,train_split
WC700265,2025-04-11 18:38,legacy_zoho,0,1,0.0,0,train_split
WC700266,2025-04-11 19:18,legacy_zoho,0,1,0.0,0,train_split
WC700267,2025-04-11 19:23,legacy_zoho,0,1,0.0,0,train_split
WC700268,2025-04-11 19:52,legacy_zoho,0,1,0.0,0,train_split
WC700269,2025-04-11 20:09,legacy_zoho,0,1,0.0,0,train_split
WC700270,2025-04-11 20:44,legacy_zoho,0,1,0.0,0,train_split
WC700271,2025-04-11 21:16,legacy_zoho,0,1,0.0,0,train_split
WC700272,2025-04-11 23:11,legacy_zoho,0,1,0.0,0,train_split
WC700273,2025-04-12 00:42,legacy_zoho,1,2,48.0,0,train_split
WC700274,2025-04-12 00:59,legacy_zoho,0,1,0.0,0,train_split
WC700275,2025-04-12 01:15,legacy_zoho,0,1,0.0,0,train_split
WC700276,2025-04-12 01:32,legacy_zoho,0,1,0.0,0,train_split
WC700277,2025-04-12 02:22,legacy_zoho,0,1,0.0,0,train_split
WC700278,2025-04-12 02:26,legacy_zoho,0,1,0.0,0,train_split
WC700279,2025-04-12 02:33,legacy_zoho,0,1,0.0,0,train_split
WC700280,2025-04-12 02:59,legacy_zoho,0,1,0.0,0,train_split
WC700281,2025-04-12 03:39,legacy_zoho,0,1,0.0,0,train_split
WC700282,2025-04-12 07:21,legacy_zoho,0,1,0.0,0,train_split
WC700283,2025-04-12 08:33,legacy_zoho,0,1,0.0,0,train_split
WC700284,2025-04-12 10:58,legacy_zoho,0,1,0.0,0,train_split
WC700285,2025-04-12 12:46,legacy_zoho,0,1,0.0,0,train_split
WC700286,2025-04-12 13:30,legacy_zoho,0,1,0.0,0,train_split
WC700287,2025-04-12 13:32,legacy_zoho,0,1,0.0,0,train_split
WC700288,2025-04-12 14:49,legacy_zoho,0,1,0.0,0,train_split
WC700289,2025-04-12 17:52,legacy_zoho,0,1,0.0,0,train_split
WC700290,2025-04-12 18:33,legacy_zoho,0,1,0.0,0,train_split
WC700291,2025-04-12 21:42,legacy_zoho,1,2,24.0,0,train_split
WC700292,2025-04-12 21:51,legacy_zoho,0,1,0.0,0,train_split
WC700293,2025-04-12 22:04,legacy_zoho,0,1,0.0,0,train_split
WC700294,2025-04-12 22:42,legacy_zoho,0,1,0.0,0,train_split
WC700295,2025-04-12 22:52,legacy_zoho,0,1,0.0,0,train_split
WC700296,2025-04-13 00:03,legacy_zoho,0,1,0.0,0,train_split
WC700297,2025-04-13 00:15,legacy_zoho,0,1,0.0,0,train_split
WC700298,2025-04-13 02:03,legacy_zoho,0,1,0.0,0,train_split
WC700299,2025-04-13 02:22,legacy_zoho,0,1,0.0,0,train_split
WC700300,2025-04-13 02:30,legacy_zoho,0,1,0.0,0,train_split
WC700301,2025-04-13 02:47,legacy_zoho,0,1,0.0,0,train_split
WC700302,2025-04-13 03:08,legacy_zoho,0,1,0.0,0,train_split
WC700303,2025-04-13 03:54,legacy_zoho,0,1,0.0,0,train_split
WC700304,2025-04-13 04:32,legacy_zoho,1,2,96.0,0,train_split
WC700305,2025-04-13 04:51,legacy_zoho,0,1,0.0,0,train_split
WC700306,2025-04-13 05:13,legacy_zoho,0,1,0.0,0,train_split
WC700307,2025-04-13 06:52,legacy_zoho,0,1,0.0,0,train_split
WC700308,2025-04-13 07:58,legacy_zoho,0,1,0.0,0,train_split
WC700309,2025-04-13 08:25,legacy_zoho,1,2,96.0,0,train_split
WC700310,2025-04-13 08:35,legacy_zoho,0,1,0.0,0,train_split
WC700311,2025-04-13 09:30,legacy_zoho,0,1,0.0,0,train_split
WC700312,2025-04-13 09:54,legacy_zoho,0,1,0.0,0,train_split
WC700313,2025-04-13 10:26,legacy_zoho,1,2,48.0,0,train_split
WC700314,2025-04-13 10:58,legacy_zoho,0,1,0.0,0,train_split
WC700315,2025-04-13 14:55,legacy_zoho,0,1,0.0,0,train_split
WC700316,2025-04-13 15:13,legacy_zoho,0,1,0.0,0,train_split
WC700317,2025-04-13 15:15,legacy_zoho,0,1,0.0,0,train_split
WC700318,2025-04-13 16:09,legacy_zoho,0,1,0.0,0,train_split
WC700319,2025-04-13 16:58,legacy_zoho,0,1,0.0,0,train_split
WC700320,2025-04-13 18:44,legacy_zoho,0,1,0.0,0,train_split
WC700321,2025-04-13 19:43,legacy_zoho,0,1,0.0,0,train_split
WC700322,2025-04-13 19:45,legacy_zoho,0,1,0.0,0,train_split
WC700323,2025-04-13 20:56,legacy_zoho,0,1,0.0,0,train_split
WC700324,2025-04-13 22:59,legacy_zoho,0,1,0.0,0,train_split
WC700325,2025-04-13 23:21,legacy_zoho,0,1,0.0,0,train_split
WC700326,2025-04-14 01:20,legacy_zoho,1,2,96.0,0,train_split
WC700327,2025-04-14 02:50,legacy_zoho,0,1,0.0,0,train_split
WC700328,2025-04-14 03:19,legacy_zoho,0,1,0.0,0,train_split
WC700329,2025-04-14 03:57,legacy_zoho,0,1,0.0,0,train_split
WC700330,2025-04-14 04:09,legacy_zoho,0,1,0.0,0,train_split
WC700331,2025-04-14 04:37,legacy_zoho,0,1,0.0,0,train_split
WC700332,2025-04-14 04:50,legacy_zoho,0,1,0.0,0,train_split
WC700333,2025-04-14 05:33,legacy_zoho,0,1,0.0,0,train_split
WC700334,2025-04-14 07:05,legacy_zoho,0,1,0.0,0,train_split
WC700335,2025-04-14 07:59,legacy_zoho,0,1,0.0,0,train_split
WC700336,2025-04-14 08:15,legacy_zoho,0,1,0.0,0,train_split
WC700337,2025-04-14 09:23,legacy_zoho,0,1,0.0,0,train_split
WC700338,2025-04-14 10:56,legacy_zoho,0,1,0.0,0,train_split
WC700339,2025-04-14 11:45,legacy_zoho,0,1,0.0,0,train_split
WC700340,2025-04-14 12:13,legacy_zoho,0,1,0.0,0,train_split
WC700341,2025-04-14 13:37,legacy_zoho,0,1,0.0,0,train_split
WC700342,2025-04-14 13:47,legacy_zoho,0,1,0.0,0,train_split
WC700343,2025-04-14 13:56,legacy_zoho,0,1,0.0,0,train_split
WC700344,2025-04-14 14:24,legacy_zoho,0,1,0.0,0,train_split
WC700345,2025-04-14 15:14,legacy_zoho,0,1,0.0,0,train_split
WC700346,2025-04-14 15:37,legacy_zoho,0,1,0.0,0,train_split
WC700347,2025-04-14 18:02,legacy_zoho,0,1,0.0,0,train_split
WC700348,2025-04-14 19:11,legacy_zoho,0,1,0.0,0,train_split
WC700349,2025-04-14 19:47,legacy_zoho,0,1,0.0,0,train_split
WC700350,2025-04-14 20:10,legacy_zoho,0,1,0.0,0,train_split
WC700351,2025-04-14 20:16,legacy_zoho,0,1,0.0,0,train_split
WC700352,2025-04-14 20:51,legacy_zoho,0,1,0.0,0,train_split
WC700353,2025-04-14 22:50,legacy_zoho,0,1,0.0,0,train_split
WC700354,2025-04-15 02:46,legacy_zoho,0,1,0.0,0,train_split
WC700355,2025-04-15 03:28,legacy_zoho,0,1,0.0,0,train_split
WC700356,2025-04-15 04:03,legacy_zoho,0,1,0.0,0,train_split
WC700357,2025-04-15 05:50,legacy_zoho,0,1,0.0,0,train_split
WC700358,2025-04-15 07:07,legacy_zoho,0,1,0.0,0,train_split
WC700359,2025-04-15 09:32,legacy_zoho,0,1,0.0,0,train_split
WC700360,2025-04-15 11:37,legacy_zoho,0,1,0.0,0,train_split
WC700361,2025-04-15 12:23,legacy_zoho,0,1,0.0,0,train_split
WC700362,2025-04-15 13:28,legacy_zoho,0,1,0.0,0,train_split
WC700363,2025-04-15 14:30,legacy_zoho,0,1,0.0,0,train_split
WC700364,2025-04-15 16:00,legacy_zoho,0,1,0.0,0,train_split
WC700365,2025-04-15 16:45,legacy_zoho,0,1,0.0,0,train_split
WC700366,2025-04-15 16:54,legacy_zoho,0,1,0.0,0,train_split
WC700367,2025-04-15 17:00,legacy_zoho,1,2,24.0,0,train_split
WC700368,2025-04-15 17:36,legacy_zoho,0,1,0.0,0,train_split
WC700369,2025-04-15 18:08,legacy_zoho,0,1,0.0,0,train_split
WC700370,2025-04-15 19:16,legacy_zoho,0,1,0.0,0,train_split
WC700371,2025-04-15 19:50,legacy_zoho,0,1,0.0,0,train_split
WC700372,2025-04-16 00:40,legacy_zoho,0,1,0.0,0,train_split
WC700373,2025-04-16 00:58,legacy_zoho,0,1,0.0,0,train_split
WC700374,2025-04-16 02:03,legacy_zoho,0,1,0.0,0,train_split
WC700375,2025-04-16 02:24,legacy_zoho,0,1,0.0,0,train_split
WC700376,2025-04-16 02:46,legacy_zoho,0,1,0.0,0,train_split
WC700377,2025-04-16 03:42,legacy_zoho,0,1,0.0,0,train_split
WC700378,2025-04-16 03:57,legacy_zoho,0,1,0.0,0,train_split
WC700379,2025-04-16 04:17,legacy_zoho,0,1,0.0,0,train_split
WC700380,2025-04-16 04:35,legacy_zoho,1,2,96.0,0,train_split
WC700381,2025-04-16 05:30,legacy_zoho,0,1,0.0,0,train_split
WC700382,2025-04-16 06:54,legacy_zoho,0,1,0.0,0,train_split
WC700383,2025-04-16 07:52,legacy_zoho,0,1,0.0,0,train_split
WC700384,2025-04-16 08:26,legacy_zoho,0,1,0.0,0,train_split
WC700385,2025-04-16 09:16,legacy_zoho,0,1,0.0,0,train_split
WC700386,2025-04-16 09:57,legacy_zoho,0,1,0.0,0,train_split
WC700387,2025-04-16 10:31,legacy_zoho,1,2,48.0,0,train_split
WC700388,2025-04-16 10:37,legacy_zoho,0,1,0.0,0,train_split
WC700389,2025-04-16 10:39,legacy_zoho,0,1,0.0,0,train_split
WC700390,2025-04-16 12:43,legacy_zoho,0,1,0.0,0,train_split
WC700391,2025-04-16 15:34,legacy_zoho,0,1,0.0,0,train_split
WC700392,2025-04-16 15:58,legacy_zoho,0,1,0.0,0,train_split
WC700393,2025-04-16 16:33,legacy_zoho,0,1,0.0,0,train_split
WC700394,2025-04-16 17:05,legacy_zoho,0,1,0.0,0,train_split
WC700395,2025-04-16 17:10,legacy_zoho,0,1,0.0,0,train_split
WC700396,2025-04-16 19:24,legacy_zoho,0,1,0.0,0,train_split
WC700397,2025-04-16 19:30,legacy_zoho,0,1,0.0,0,train_split
WC700398,2025-04-16 20:59,legacy_zoho,0,1,0.0,0,train_split
WC700399,2025-04-16 21:47,legacy_zoho,0,1,0.0,0,train_split
WC700400,2025-04-17 00:01,legacy_zoho,0,1,0.0,0,train_split
WC700401,2025-04-17 00:04,legacy_zoho,0,1,0.0,0,train_split
WC700402,2025-04-17 00:05,legacy_zoho,0,1,0.0,0,train_split
WC700403,2025-04-17 01:24,legacy_zoho,0,1,0.0,0,train_split
WC700404,2025-04-17 01:37,legacy_zoho,0,1,0.0,0,train_split
WC700405,2025-04-17 02:54,legacy_zoho,0,1,0.0,0,train_split
WC700406,2025-04-17 03:36,legacy_zoho,0,1,0.0,0,train_split
WC700407,2025-04-17 04:24,legacy_zoho,0,1,0.0,0,train_split
WC700408,2025-04-17 04:38,legacy_zoho,0,1,0.0,0,train_split
WC700409,2025-04-17 05:20,legacy_zoho,0,1,0.0,0,train_split
WC700410,2025-04-17 07:17,legacy_zoho,0,1,0.0,0,train_split
WC700411,2025-04-17 08:42,legacy_zoho,0,1,0.0,0,train_split
WC700412,2025-04-17 09:37,legacy_zoho,0,1,0.0,0,train_split
WC700413,2025-04-17 10:05,legacy_zoho,0,1,0.0,0,train_split
WC700414,2025-04-17 11:18,legacy_zoho,0,1,0.0,0,train_split
WC700415,2025-04-17 11:26,legacy_zoho,0,1,0.0,0,train_split
WC700416,2025-04-17 11:34,legacy_zoho,0,1,0.0,0,train_split
WC700417,2025-04-17 11:35,legacy_zoho,0,1,0.0,0,train_split
WC700418,2025-04-17 13:02,legacy_zoho,0,1,0.0,0,train_split
WC700419,2025-04-17 14:38,legacy_zoho,0,1,0.0,0,train_split
WC700420,2025-04-17 15:15,legacy_zoho,0,1,0.0,0,train_split
WC700421,2025-04-17 19:09,legacy_zoho,0,1,0.0,0,train_split
WC700422,2025-04-17 20:21,legacy_zoho,0,1,0.0,0,train_split
WC700423,2025-04-17 21:30,legacy_zoho,0,1,0.0,0,train_split
WC700424,2025-04-17 21:44,legacy_zoho,0,1,0.0,0,train_split
WC700425,2025-04-17 22:49,legacy_zoho,0,1,0.0,0,train_split
WC700426,2025-04-17 23:38,legacy_zoho,0,1,0.0,0,train_split
WC700427,2025-04-17 23:47,legacy_zoho,0,1,0.0,0,train_split
WC700428,2025-04-18 01:50,legacy_zoho,0,1,0.0,1,train_split
WC700429,2025-04-18 02:01,legacy_zoho,0,1,0.0,0,train_split
WC700430,2025-04-18 02:37,legacy_zoho,0,1,0.0,0,train_split
WC700431,2025-04-18 03:12,legacy_zoho,0,1,0.0,0,train_split
WC700432,2025-04-18 03:30,legacy_zoho,0,1,0.0,0,train_split
WC700433,2025-04-18 04:39,legacy_zoho,1,2,48.0,0,train_split
WC700434,2025-04-18 05:50,legacy_zoho,0,1,0.0,0,train_split
WC700435,2025-04-18 06:22,legacy_zoho,0,1,0.0,0,train_split
WC700436,2025-04-18 08:01,legacy_zoho,0,1,0.0,0,train_split
WC700437,2025-04-18 08:17,legacy_zoho,0,1,0.0,0,train_split
WC700438,2025-04-18 09:19,legacy_zoho,0,1,0.0,0,train_split
WC700439,2025-04-18 09:38,legacy_zoho,0,1,0.0,0,train_split
WC700440,2025-04-18 09:48,legacy_zoho,0,1,0.0,0,train_split
WC700441,2025-04-18 10:48,legacy_zoho,0,1,0.0,0,train_split
WC700442,2025-04-18 13:18,legacy_zoho,0,1,0.0,0,train_split
WC700443,2025-04-18 14:18,legacy_zoho,0,1,0.0,0,train_split
WC700444,2025-04-18 15:52,legacy_zoho,0,1,0.0,0,train_split
WC700445,2025-04-18 16:34,legacy_zoho,0,1,0.0,0,train_split
WC700446,2025-04-18 16:42,legacy_zoho,0,1,0.0,0,train_split
WC700447,2025-04-18 16:45,legacy_zoho,0,1,0.0,0,train_split
WC700448,2025-04-18 17:50,legacy_zoho,1,2,120.0,0,train_split
WC700449,2025-04-18 19:34,legacy_zoho,0,1,0.0,0,train_split
WC700450,2025-04-18 21:51,legacy_zoho,0,1,0.0,0,train_split
WC700451,2025-04-18 22:04,legacy_zoho,0,1,0.0,0,train_split
WC700452,2025-04-18 22:54,legacy_zoho,0,1,0.0,0,train_split
WC700453,2025-04-18 23:10,legacy_zoho,0,1,0.0,0,train_split
WC700454,2025-04-19 00:32,legacy_zoho,1,2,120.0,0,train_split
WC700455,2025-04-19 05:44,legacy_zoho,1,2,96.0,0,train_split
WC700456,2025-04-19 06:50,legacy_zoho,1,2,96.0,0,train_split
WC700457,2025-04-19 08:08,legacy_zoho,0,1,0.0,0,train_split
WC700458,2025-04-19 08:33,legacy_zoho,0,1,0.0,0,train_split
WC700459,2025-04-19 08:37,legacy_zoho,0,1,0.0,0,train_split
WC700460,2025-04-19 08:48,legacy_zoho,1,2,24.0,0,train_split
WC700461,2025-04-19 09:19,legacy_zoho,0,1,0.0,0,train_split
WC700462,2025-04-19 09:46,legacy_zoho,0,1,0.0,0,train_split
WC700463,2025-04-19 10:01,legacy_zoho,0,1,0.0,0,train_split
WC700464,2025-04-19 12:06,legacy_zoho,0,1,0.0,0,train_split
WC700465,2025-04-19 12:43,legacy_zoho,0,1,0.0,0,train_split
WC700466,2025-04-19 14:17,legacy_zoho,1,2,24.0,0,train_split
WC700467,2025-04-19 14:30,legacy_zoho,0,1,0.0,0,train_split
WC700468,2025-04-19 14:37,legacy_zoho,0,1,0.0,0,train_split
WC700469,2025-04-19 19:52,legacy_zoho,0,1,0.0,0,train_split
WC700470,2025-04-19 21:36,legacy_zoho,0,1,0.0,0,train_split
WC700471,2025-04-19 22:03,legacy_zoho,0,1,0.0,0,train_split
WC700472,2025-04-20 02:52,legacy_zoho,0,1,0.0,0,train_split
WC700473,2025-04-20 03:37,legacy_zoho,0,1,0.0,0,train_split
WC700474,2025-04-20 04:16,legacy_zoho,0,1,0.0,0,train_split
WC700475,2025-04-20 04:22,legacy_zoho,0,1,0.0,0,train_split
WC700476,2025-04-20 04:24,legacy_zoho,0,1,0.0,0,train_split
WC700477,2025-04-20 05:04,legacy_zoho,0,1,0.0,0,train_split
WC700478,2025-04-20 05:08,legacy_zoho,0,1,0.0,0,train_split
WC700479,2025-04-20 09:23,legacy_zoho,0,1,0.0,0,train_split
WC700480,2025-04-20 09:36,legacy_zoho,0,1,0.0,0,train_split
WC700481,2025-04-20 10:46,legacy_zoho,0,1,0.0,0,train_split
WC700482,2025-04-20 11:13,legacy_zoho,0,1,0.0,0,train_split
WC700483,2025-04-20 11:40,legacy_zoho,0,1,0.0,0,train_split
WC700484,2025-04-20 11:44,legacy_zoho,0,1,0.0,0,train_split
WC700485,2025-04-20 12:10,legacy_zoho,0,1,0.0,0,train_split
WC700486,2025-04-20 13:11,legacy_zoho,0,1,0.0,0,train_split
WC700487,2025-04-20 14:25,legacy_zoho,0,1,0.0,0,train_split
WC700488,2025-04-20 14:31,legacy_zoho,0,1,0.0,0,train_split
WC700489,2025-04-20 14:59,legacy_zoho,0,1,0.0,0,train_split
WC700490,2025-04-20 15:53,legacy_zoho,0,1,0.0,0,train_split
WC700491,2025-04-20 16:48,legacy_zoho,0,1,0.0,0,train_split
WC700492,2025-04-20 17:16,legacy_zoho,0,1,0.0,0,train_split
WC700493,2025-04-20 17:25,legacy_zoho,0,1,0.0,0,train_split
WC700494,2025-04-20 17:54,legacy_zoho,0,1,0.0,0,train_split
WC700495,2025-04-20 18:39,legacy_zoho,0,1,0.0,0,train_split
WC700496,2025-04-20 18:45,legacy_zoho,0,1,0.0,0,train_split
WC700497,2025-04-20 19:35,legacy_zoho,0,1,0.0,0,train_split
WC700498,2025-04-20 21:07,legacy_zoho,1,2,120.0,0,train_split
WC700499,2025-04-20 22:19,legacy_zoho,0,1,0.0,0,train_split
WC700500,2025-04-20 22:35,legacy_zoho,0,1,0.0,0,train_split
WC700501,2025-04-21 00:21,legacy_zoho,0,1,0.0,0,train_split
WC700502,2025-04-21 01:23,legacy_zoho,0,1,0.0,0,train_split
WC700503,2025-04-21 02:09,legacy_zoho,1,2,24.0,0,train_split
WC700504,2025-04-21 02:10,legacy_zoho,0,1,0.0,0,train_split
WC700505,2025-04-21 02:24,legacy_zoho,0,1,0.0,1,train_split
WC700506,2025-04-21 02:51,legacy_zoho,0,1,0.0,0,train_split
WC700507,2025-04-21 09:50,legacy_zoho,0,1,0.0,0,train_split
WC700508,2025-04-21 11:02,legacy_zoho,0,1,0.0,0,train_split
WC700509,2025-04-21 11:20,legacy_zoho,0,1,0.0,0,train_split
WC700510,2025-04-21 13:49,legacy_zoho,0,1,0.0,0,train_split
WC700511,2025-04-21 14:06,legacy_zoho,0,1,0.0,0,train_split
WC700512,2025-04-21 14:31,legacy_zoho,0,1,0.0,0,train_split
WC700513,2025-04-21 16:29,legacy_zoho,0,1,0.0,1,train_split
WC700514,2025-04-21 17:45,legacy_zoho,0,1,0.0,0,train_split
WC700515,2025-04-21 19:29,legacy_zoho,0,1,0.0,0,train_split
WC700516,2025-04-21 22:15,legacy_zoho,0,1,0.0,0,train_split
WC700517,2025-04-21 22:58,legacy_zoho,0,1,0.0,0,train_split
WC700518,2025-04-22 02:38,legacy_zoho,0,1,0.0,0,train_split
WC700519,2025-04-22 03:21,legacy_zoho,0,1,0.0,0,train_split
WC700520,2025-04-22 03:48,legacy_zoho,1,2,96.0,0,train_split
WC700521,2025-04-22 04:51,legacy_zoho,1,2,24.0,0,train_split
WC700522,2025-04-22 05:30,legacy_zoho,0,1,0.0,0,train_split
WC700523,2025-04-22 05:38,legacy_zoho,0,1,0.0,0,train_split
WC700524,2025-04-22 07:23,legacy_zoho,0,1,0.0,0,train_split
WC700525,2025-04-22 08:21,legacy_zoho,0,1,0.0,0,train_split
WC700526,2025-04-22 08:23,legacy_zoho,0,1,0.0,0,train_split
WC700527,2025-04-22 13:49,legacy_zoho,0,1,0.0,0,train_split
WC700528,2025-04-22 13:57,legacy_zoho,0,1,0.0,0,train_split
WC700529,2025-04-22 15:03,legacy_zoho,0,1,0.0,0,train_split
WC700530,2025-04-22 15:09,legacy_zoho,0,1,0.0,0,train_split
WC700531,2025-04-22 15:29,legacy_zoho,0,1,0.0,0,train_split
WC700532,2025-04-22 15:53,legacy_zoho,0,1,0.0,0,train_split
WC700533,2025-04-22 17:07,legacy_zoho,0,1,0.0,0,train_split
WC700534,2025-04-22 18:40,legacy_zoho,0,1,0.0,0,train_split
WC700535,2025-04-22 18:58,legacy_zoho,1,2,96.0,0,train_split
WC700536,2025-04-22 19:23,legacy_zoho,0,1,0.0,0,train_split
WC700537,2025-04-22 21:01,legacy_zoho,0,1,0.0,0,train_split
WC700538,2025-04-22 22:54,legacy_zoho,0,1,0.0,0,train_split
WC700539,2025-04-23 01:17,legacy_zoho,0,1,0.0,0,train_split
WC700540,2025-04-23 02:17,legacy_zoho,0,1,0.0,0,train_split
WC700541,2025-04-23 02:41,legacy_zoho,0,1,0.0,0,train_split
WC700542,2025-04-23 03:02,legacy_zoho,0,1,0.0,0,train_split
WC700543,2025-04-23 04:43,legacy_zoho,0,1,0.0,0,train_split
WC700544,2025-04-23 04:44,legacy_zoho,0,1,0.0,1,train_split
WC700545,2025-04-23 05:13,legacy_zoho,0,1,0.0,0,train_split
WC700546,2025-04-23 05:49,legacy_zoho,0,1,0.0,0,train_split
WC700547,2025-04-23 07:43,legacy_zoho,0,1,0.0,0,train_split
WC700548,2025-04-23 09:49,legacy_zoho,0,1,0.0,0,train_split
WC700549,2025-04-23 10:42,legacy_zoho,0,1,0.0,0,train_split
WC700550,2025-04-23 13:05,legacy_zoho,0,1,0.0,0,train_split
WC700551,2025-04-23 14:09,legacy_zoho,0,1,0.0,0,train_split
WC700552,2025-04-23 15:30,legacy_zoho,0,1,0.0,0,train_split
WC700553,2025-04-23 15:34,legacy_zoho,0,1,0.0,0,train_split
WC700554,2025-04-23 16:07,legacy_zoho,0,1,0.0,0,train_split
WC700555,2025-04-23 16:39,legacy_zoho,0,1,0.0,0,train_split
WC700556,2025-04-23 17:30,legacy_zoho,0,1,0.0,0,train_split
WC700557,2025-04-23 17:44,legacy_zoho,0,1,0.0,0,train_split
WC700558,2025-04-23 18:14,legacy_zoho,0,1,0.0,0,train_split
WC700559,2025-04-23 18:49,legacy_zoho,0,1,0.0,0,train_split
WC700560,2025-04-23 19:29,legacy_zoho,0,1,0.0,0,train_split
WC700561,2025-04-23 22:34,legacy_zoho,0,1,0.0,0,train_split
WC700562,2025-04-23 23:27,legacy_zoho,0,1,0.0,0,train_split
WC700563,2025-04-24 00:35,legacy_zoho,0,1,0.0,0,train_split
WC700564,2025-04-24 01:37,legacy_zoho,1,2,120.0,0,train_split
WC700565,2025-04-24 03:49,legacy_zoho,0,1,0.0,0,train_split
WC700566,2025-04-24 05:18,legacy_zoho,0,1,0.0,0,train_split
WC700567,2025-04-24 08:29,legacy_zoho,0,1,0.0,0,train_split
WC700568,2025-04-24 08:35,legacy_zoho,0,1,0.0,0,train_split
WC700569,2025-04-24 08:40,legacy_zoho,0,1,0.0,0,train_split
WC700570,2025-04-24 09:17,legacy_zoho,0,1,0.0,0,train_split
WC700571,2025-04-24 09:44,legacy_zoho,0,1,0.0,0,train_split
WC700572,2025-04-24 09:54,legacy_zoho,0,1,0.0,1,train_split
WC700573,2025-04-24 10:42,legacy_zoho,0,1,0.0,0,train_split
WC700574,2025-04-24 10:44,legacy_zoho,0,1,0.0,0,train_split
WC700575,2025-04-24 12:43,legacy_zoho,0,1,0.0,0,train_split
WC700576,2025-04-24 14:41,legacy_zoho,0,1,0.0,0,train_split
WC700577,2025-04-24 20:52,legacy_zoho,0,1,0.0,0,train_split
WC700578,2025-04-24 21:03,legacy_zoho,0,1,0.0,0,train_split
WC700579,2025-04-24 22:03,legacy_zoho,0,1,0.0,0,train_split
WC700580,2025-04-24 23:56,legacy_zoho,0,1,0.0,0,train_split
WC700581,2025-04-25 01:52,legacy_zoho,0,1,0.0,0,train_split
WC700582,2025-04-25 03:05,legacy_zoho,0,1,0.0,0,train_split
WC700583,2025-04-25 04:18,legacy_zoho,0,1,0.0,0,train_split
WC700584,2025-04-25 06:13,legacy_zoho,0,1,0.0,0,train_split
WC700585,2025-04-25 06:15,legacy_zoho,0,1,0.0,0,train_split
WC700586,2025-04-25 06:15,legacy_zoho,0,1,0.0,0,train_split
WC700587,2025-04-25 06:42,legacy_zoho,0,1,0.0,0,train_split
WC700588,2025-04-25 07:36,legacy_zoho,0,1,0.0,0,train_split
WC700589,2025-04-25 08:29,legacy_zoho,0,1,0.0,0,train_split
WC700590,2025-04-25 10:58,legacy_zoho,0,1,0.0,0,train_split
WC700591,2025-04-25 11:19,legacy_zoho,0,1,0.0,0,train_split
WC700592,2025-04-25 11:31,legacy_zoho,0,1,0.0,0,train_split
WC700593,2025-04-25 11:54,legacy_zoho,0,1,0.0,0,train_split
WC700594,2025-04-25 12:22,legacy_zoho,0,1,0.0,0,train_split
WC700595,2025-04-25 12:22,legacy_zoho,0,1,0.0,0,train_split
WC700596,2025-04-25 13:31,legacy_zoho,0,1,0.0,0,train_split
WC700597,2025-04-25 16:05,legacy_zoho,0,1,0.0,0,train_split
WC700598,2025-04-25 16:11,legacy_zoho,0,1,0.0,0,train_split
WC700599,2025-04-25 17:31,legacy_zoho,0,1,0.0,0,train_split
WC700600,2025-04-25 17:53,legacy_zoho,0,1,0.0,0,train_split
WC700601,2025-04-25 17:54,legacy_zoho,0,1,0.0,0,train_split
WC700602,2025-04-25 18:02,legacy_zoho,0,1,0.0,0,train_split
WC700603,2025-04-25 19:07,legacy_zoho,0,1,0.0,0,train_split
WC700604,2025-04-25 19:14,legacy_zoho,0,1,0.0,0,train_split
WC700605,2025-04-25 19:43,legacy_zoho,0,1,0.0,0,train_split
WC700606,2025-04-25 21:42,legacy_zoho,0,1,0.0,0,train_split
WC700607,2025-04-25 22:32,legacy_zoho,0,1,0.0,0,train_split
WC700608,2025-04-26 01:08,legacy_zoho,0,1,0.0,0,train_split
WC700609,2025-04-26 01:30,legacy_zoho,0,1,0.0,0,train_split
WC700610,2025-04-26 02:01,legacy_zoho,0,1,0.0,0,train_split
WC700611,2025-04-26 02:02,legacy_zoho,0,1,0.0,0,train_split
WC700612,2025-04-26 02:18,legacy_zoho,0,1,0.0,0,train_split
WC700613,2025-04-26 02:42,legacy_zoho,0,1,0.0,0,train_split
WC700614,2025-04-26 06:20,legacy_zoho,0,1,0.0,0,train_split
WC700615,2025-04-26 08:57,legacy_zoho,1,2,96.0,0,train_split
WC700616,2025-04-26 09:23,legacy_zoho,0,1,0.0,0,train_split
WC700617,2025-04-26 11:26,legacy_zoho,0,1,0.0,0,train_split
WC700618,2025-04-26 13:06,legacy_zoho,0,1,0.0,0,train_split
WC700619,2025-04-26 14:21,legacy_zoho,0,1,0.0,0,train_split
WC700620,2025-04-26 16:39,legacy_zoho,0,1,0.0,0,train_split
WC700621,2025-04-26 16:56,legacy_zoho,0,1,0.0,0,train_split
WC700622,2025-04-26 17:06,legacy_zoho,0,1,0.0,0,train_split
WC700623,2025-04-26 17:24,legacy_zoho,0,1,0.0,0,train_split
WC700624,2025-04-26 17:28,legacy_zoho,1,2,48.0,0,train_split
WC700625,2025-04-26 18:59,legacy_zoho,0,1,0.0,0,train_split
WC700626,2025-04-26 20:32,legacy_zoho,0,1,0.0,0,train_split
WC700627,2025-04-26 21:21,legacy_zoho,0,1,0.0,0,train_split
WC700628,2025-04-26 21:42,legacy_zoho,0,1,0.0,0,train_split
WC700629,2025-04-26 22:08,legacy_zoho,0,1,0.0,0,train_split
WC700630,2025-04-26 23:06,legacy_zoho,0,1,0.0,0,train_split
WC700631,2025-04-26 23:24,legacy_zoho,0,1,0.0,0,train_split
WC700632,2025-04-27 01:12,legacy_zoho,0,1,0.0,0,train_split
WC700633,2025-04-27 02:06,legacy_zoho,0,1,0.0,0,train_split
WC700634,2025-04-27 02:10,legacy_zoho,0,1,0.0,0,train_split
WC700635,2025-04-27 02:39,legacy_zoho,0,1,0.0,0,train_split
WC700636,2025-04-27 03:04,legacy_zoho,0,1,0.0,0,train_split
WC700637,2025-04-27 03:39,legacy_zoho,0,1,0.0,0,train_split
WC700638,2025-04-27 05:31,legacy_zoho,0,1,0.0,0,train_split
WC700639,2025-04-27 05:40,legacy_zoho,0,1,0.0,0,train_split
WC700640,2025-04-27 06:20,legacy_zoho,0,1,0.0,0,train_split
WC700641,2025-04-27 06:26,legacy_zoho,1,2,72.0,0,train_split
WC700642,2025-04-27 06:30,legacy_zoho,0,1,0.0,0,train_split
WC700643,2025-04-27 06:56,legacy_zoho,0,1,0.0,0,train_split
WC700644,2025-04-27 07:00,legacy_zoho,0,1,0.0,0,train_split
WC700645,2025-04-27 07:32,legacy_zoho,0,1,0.0,0,train_split
WC700646,2025-04-27 09:06,legacy_zoho,0,1,0.0,0,train_split
WC700647,2025-04-27 09:15,legacy_zoho,0,1,0.0,0,train_split
WC700648,2025-04-27 11:14,legacy_zoho,0,1,0.0,0,train_split
WC700649,2025-04-27 11:22,legacy_zoho,0,1,0.0,0,train_split
WC700650,2025-04-27 12:44,legacy_zoho,0,1,0.0,0,train_split
WC700651,2025-04-27 13:22,legacy_zoho,0,1,0.0,0,train_split
WC700652,2025-04-27 13:54,legacy_zoho,0,1,0.0,0,train_split
WC700653,2025-04-27 14:22,legacy_zoho,0,1,0.0,0,train_split
WC700654,2025-04-27 15:51,legacy_zoho,0,1,0.0,0,train_split
WC700655,2025-04-27 18:32,legacy_zoho,0,1,0.0,0,train_split
WC700656,2025-04-27 20:39,legacy_zoho,0,1,0.0,0,train_split
WC700657,2025-04-27 21:08,legacy_zoho,0,1,0.0,0,train_split
WC700658,2025-04-27 21:31,legacy_zoho,0,1,0.0,0,train_split
WC700659,2025-04-27 22:00,legacy_zoho,0,1,0.0,0,train_split
WC700660,2025-04-27 22:45,legacy_zoho,0,1,0.0,0,train_split
WC700661,2025-04-27 23:16,legacy_zoho,0,1,0.0,0,train_split
WC700662,2025-04-27 23:28,legacy_zoho,0,1,0.0,0,train_split
WC700663,2025-04-28 00:00,legacy_zoho,1,2,96.0,0,train_split
WC700664,2025-04-28 00:34,legacy_zoho,0,1,0.0,0,train_split
WC700665,2025-04-28 00:56,legacy_zoho,0,1,0.0,0,train_split
WC700666,2025-04-28 02:25,legacy_zoho,0,1,0.0,0,train_split
WC700667,2025-04-28 03:06,legacy_zoho,0,1,0.0,0,train_split
WC700668,2025-04-28 04:30,legacy_zoho,0,1,0.0,0,train_split
WC700669,2025-04-28 04:54,legacy_zoho,0,1,0.0,0,train_split
WC700670,2025-04-28 05:16,legacy_zoho,0,1,0.0,0,train_split
WC700671,2025-04-28 06:01,legacy_zoho,0,1,0.0,0,train_split
WC700672,2025-04-28 07:02,legacy_zoho,0,1,0.0,0,train_split
WC700673,2025-04-28 07:22,legacy_zoho,0,1,0.0,0,train_split
WC700674,2025-04-28 08:34,legacy_zoho,0,1,0.0,0,train_split
WC700675,2025-04-28 10:00,legacy_zoho,0,1,0.0,0,train_split
WC700676,2025-04-28 10:31,legacy_zoho,0,1,0.0,0,train_split
WC700677,2025-04-28 10:47,legacy_zoho,0,1,0.0,0,train_split
WC700678,2025-04-28 11:43,legacy_zoho,0,1,0.0,0,train_split
WC700679,2025-04-28 12:12,legacy_zoho,0,1,0.0,0,train_split
WC700680,2025-04-28 18:42,legacy_zoho,0,1,0.0,0,train_split
WC700681,2025-04-28 19:00,legacy_zoho,0,1,0.0,0,train_split
WC700682,2025-04-28 21:35,legacy_zoho,0,1,0.0,0,train_split
WC700683,2025-04-29 00:33,legacy_zoho,0,1,0.0,0,train_split
WC700684,2025-04-29 01:13,legacy_zoho,0,1,0.0,0,train_split
WC700685,2025-04-29 02:16,legacy_zoho,0,1,0.0,0,train_split
WC700686,2025-04-29 02:27,legacy_zoho,0,1,0.0,0,train_split
WC700687,2025-04-29 02:54,legacy_zoho,0,1,0.0,0,train_split
WC700688,2025-04-29 03:04,legacy_zoho,0,1,0.0,0,train_split
WC700689,2025-04-29 03:19,legacy_zoho,0,1,0.0,0,train_split
WC700690,2025-04-29 04:11,legacy_zoho,0,1,0.0,0,train_split
WC700691,2025-04-29 05:42,legacy_zoho,0,1,0.0,0,train_split
WC700692,2025-04-29 05:56,legacy_zoho,0,1,0.0,0,train_split
WC700693,2025-04-29 07:36,legacy_zoho,0,1,0.0,0,train_split
WC700694,2025-04-29 07:40,legacy_zoho,0,1,0.0,0,train_split
WC700695,2025-04-29 08:30,legacy_zoho,0,1,0.0,0,train_split
WC700696,2025-04-29 09:33,legacy_zoho,0,1,0.0,0,train_split
WC700697,2025-04-29 09:58,legacy_zoho,0,1,0.0,0,train_split
WC700698,2025-04-29 10:26,legacy_zoho,0,1,0.0,0,train_split
WC700699,2025-04-29 10:36,legacy_zoho,0,1,0.0,0,train_split
WC700700,2025-04-29 12:27,legacy_zoho,0,1,0.0,0,train_split
WC700701,2025-04-29 12:42,legacy_zoho,1,2,120.0,0,train_split
WC700702,2025-04-29 13:17,legacy_zoho,0,1,0.0,0,train_split
WC700703,2025-04-29 14:35,legacy_zoho,0,1,0.0,0,train_split
WC700704,2025-04-29 15:59,legacy_zoho,0,1,0.0,0,train_split
WC700705,2025-04-29 16:10,legacy_zoho,0,1,0.0,0,train_split
WC700706,2025-04-29 16:42,legacy_zoho,0,1,0.0,0,train_split
WC700707,2025-04-29 17:23,legacy_zoho,0,1,0.0,0,train_split
WC700708,2025-04-29 18:59,legacy_zoho,0,1,0.0,0,train_split
WC700709,2025-04-29 20:15,legacy_zoho,0,1,0.0,0,train_split
WC700710,2025-04-29 20:45,legacy_zoho,0,1,0.0,0,train_split
WC700711,2025-04-29 23:43,legacy_zoho,0,1,0.0,0,train_split
WC700712,2025-04-29 23:55,legacy_zoho,0,1,0.0,0,train_split
WC700713,2025-04-30 00:04,legacy_zoho,1,2,96.0,1,train_split
WC700714,2025-04-30 00:17,legacy_zoho,0,1,0.0,0,train_split
WC700715,2025-04-30 01:46,legacy_zoho,0,1,0.0,0,train_split
WC700716,2025-04-30 04:02,legacy_zoho,0,1,0.0,0,train_split
WC700717,2025-04-30 04:26,legacy_zoho,0,1,0.0,0,train_split
WC700718,2025-04-30 05:03,legacy_zoho,0,1,0.0,0,train_split
WC700719,2025-04-30 05:21,legacy_zoho,0,1,0.0,0,train_split
WC700720,2025-04-30 05:39,legacy_zoho,0,1,0.0,0,train_split
WC700721,2025-04-30 05:57,legacy_zoho,0,1,0.0,0,train_split
WC700722,2025-04-30 07:00,legacy_zoho,0,1,0.0,0,train_split
WC700723,2025-04-30 07:15,legacy_zoho,0,1,0.0,0,train_split
WC700724,2025-04-30 07:35,legacy_zoho,0,1,0.0,0,train_split
WC700725,2025-04-30 08:10,legacy_zoho,0,1,0.0,0,train_split
WC700726,2025-04-30 08:55,legacy_zoho,0,1,0.0,0,train_split
WC700727,2025-04-30 10:36,legacy_zoho,0,1,0.0,0,train_split
WC700728,2025-04-30 10:48,legacy_zoho,0,1,0.0,0,train_split
WC700730,2025-04-30 11:12,legacy_zoho,0,1,0.0,0,train_split
WC700729,2025-04-30 11:12,legacy_zoho,0,1,0.0,0,train_split
WC700731,2025-04-30 12:24,legacy_zoho,0,1,0.0,0,train_split
WC700732,2025-04-30 13:00,legacy_zoho,0,1,0.0,0,train_split
WC700733,2025-04-30 15:45,legacy_zoho,0,1,0.0,0,train_split
WC700734,2025-04-30 16:13,legacy_zoho,0,1,0.0,0,train_split
WC700735,2025-04-30 16:41,legacy_zoho,0,1,0.0,0,train_split
WC700736,2025-04-30 17:56,legacy_zoho,0,1,0.0,0,train_split
WC700737,2025-04-30 19:22,legacy_zoho,0,1,0.0,0,train_split
WC700738,2025-04-30 23:52,legacy_zoho,0,1,0.0,0,train_split
WC700739,2025-05-01 00:18,legacy_zoho,0,1,0.0,0,train_split
WC700740,2025-05-01 00:29,legacy_zoho,0,1,0.0,0,train_split
WC700741,2025-05-01 01:08,legacy_zoho,0,1,0.0,0,train_split
WC700742,2025-05-01 02:16,legacy_zoho,0,1,0.0,0,train_split
WC700743,2025-05-01 02:29,legacy_zoho,0,1,0.0,0,train_split
WC700744,2025-05-01 03:50,legacy_zoho,0,1,0.0,0,train_split
WC700745,2025-05-01 04:20,legacy_zoho,0,1,0.0,0,train_split
WC700746,2025-05-01 08:15,legacy_zoho,0,1,0.0,0,train_split
WC700747,2025-05-01 08:22,legacy_zoho,0,1,0.0,0,train_split
WC700748,2025-05-01 09:03,legacy_zoho,0,1,0.0,0,train_split
WC700749,2025-05-01 10:19,legacy_zoho,0,1,0.0,0,train_split
WC700750,2025-05-01 10:26,legacy_zoho,0,1,0.0,0,train_split
WC700751,2025-05-01 10:33,legacy_zoho,0,1,0.0,0,train_split
WC700752,2025-05-01 10:35,legacy_zoho,0,1,0.0,0,train_split
WC700753,2025-05-01 10:58,legacy_zoho,0,1,0.0,0,train_split
WC700754,2025-05-01 13:41,legacy_zoho,0,1,0.0,0,train_split
WC700755,2025-05-01 13:44,legacy_zoho,0,1,0.0,0,train_split
WC700756,2025-05-01 14:07,legacy_zoho,0,1,0.0,0,train_split
WC700757,2025-05-01 14:27,legacy_zoho,0,1,0.0,0,train_split
WC700758,2025-05-01 16:59,legacy_zoho,0,1,0.0,0,train_split
WC700759,2025-05-01 18:22,legacy_zoho,0,1,0.0,0,train_split
WC700760,2025-05-01 18:57,legacy_zoho,0,1,0.0,0,train_split
WC700761,2025-05-01 20:11,legacy_zoho,0,1,0.0,0,train_split
WC700762,2025-05-01 20:52,legacy_zoho,0,1,0.0,0,train_split
WC700763,2025-05-01 21:36,legacy_zoho,0,1,0.0,0,train_split
WC700764,2025-05-01 22:55,legacy_zoho,0,1,0.0,0,train_split
WC700765,2025-05-02 00:21,legacy_zoho,0,1,0.0,0,train_split
WC700766,2025-05-02 01:07,legacy_zoho,0,1,0.0,0,train_split
WC700767,2025-05-02 01:30,legacy_zoho,0,1,0.0,0,train_split
WC700768,2025-05-02 01:59,legacy_zoho,0,1,0.0,0,train_split
WC700769,2025-05-02 03:40,legacy_zoho,0,1,0.0,0,train_split
WC700770,2025-05-02 08:11,legacy_zoho,0,1,0.0,0,train_split
WC700771,2025-05-02 08:33,legacy_zoho,1,2,24.0,0,train_split
WC700772,2025-05-02 08:48,legacy_zoho,0,1,0.0,0,train_split
WC700773,2025-05-02 09:20,legacy_zoho,1,2,120.0,0,train_split
WC700774,2025-05-02 10:07,legacy_zoho,0,1,0.0,0,train_split
WC700775,2025-05-02 11:35,legacy_zoho,0,1,0.0,0,train_split
WC700776,2025-05-02 11:39,legacy_zoho,0,1,0.0,0,train_split
WC700777,2025-05-02 12:30,legacy_zoho,0,1,0.0,0,train_split
WC700778,2025-05-02 12:53,legacy_zoho,0,1,0.0,0,train_split
WC700779,2025-05-02 13:50,legacy_zoho,0,1,0.0,0,train_split
WC700780,2025-05-02 16:07,legacy_zoho,0,1,0.0,0,train_split
WC700781,2025-05-02 16:48,legacy_zoho,0,1,0.0,0,train_split
WC700782,2025-05-02 17:05,legacy_zoho,0,1,0.0,0,train_split
WC700783,2025-05-02 23:40,legacy_zoho,0,1,0.0,0,train_split
WC700784,2025-05-03 00:10,legacy_zoho,0,1,0.0,0,train_split
WC700785,2025-05-03 00:25,legacy_zoho,0,1,0.0,0,train_split
WC700786,2025-05-03 01:08,legacy_zoho,0,1,0.0,0,train_split
WC700787,2025-05-03 03:00,legacy_zoho,0,1,0.0,0,train_split
WC700788,2025-05-03 03:49,legacy_zoho,0,1,0.0,0,train_split
WC700789,2025-05-03 03:52,legacy_zoho,0,1,0.0,0,train_split
WC700790,2025-05-03 04:08,legacy_zoho,0,1,0.0,0,train_split
WC700791,2025-05-03 04:38,legacy_zoho,0,1,0.0,0,train_split
WC700792,2025-05-03 04:58,legacy_zoho,0,1,0.0,0,train_split
WC700793,2025-05-03 06:50,legacy_zoho,0,1,0.0,1,train_split
WC700794,2025-05-03 09:34,legacy_zoho,0,1,0.0,0,train_split
WC700795,2025-05-03 09:42,legacy_zoho,0,1,0.0,0,train_split
WC700796,2025-05-03 09:57,legacy_zoho,0,1,0.0,0,train_split
WC700797,2025-05-03 10:13,legacy_zoho,0,1,0.0,0,train_split
WC700798,2025-05-03 10:25,legacy_zoho,0,1,0.0,0,train_split
WC700799,2025-05-03 12:25,legacy_zoho,0,1,0.0,0,train_split
WC700800,2025-05-03 13:04,legacy_zoho,0,1,0.0,0,train_split
WC700801,2025-05-03 14:23,legacy_zoho,0,1,0.0,0,train_split
WC700802,2025-05-03 14:54,legacy_zoho,0,1,0.0,0,train_split
WC700803,2025-05-03 15:47,legacy_zoho,0,1,0.0,0,train_split
WC700804,2025-05-03 16:17,legacy_zoho,0,1,0.0,0,train_split
WC700805,2025-05-03 16:24,legacy_zoho,0,1,0.0,0,train_split
WC700806,2025-05-03 17:28,legacy_zoho,0,1,0.0,0,train_split
WC700807,2025-05-03 17:39,legacy_zoho,0,1,0.0,0,train_split
WC700808,2025-05-03 17:47,legacy_zoho,0,1,0.0,0,train_split
WC700809,2025-05-03 17:54,legacy_zoho,0,1,0.0,0,train_split
WC700810,2025-05-03 18:35,legacy_zoho,0,1,0.0,0,train_split
WC700811,2025-05-03 20:40,legacy_zoho,0,1,0.0,0,train_split
WC700812,2025-05-03 22:28,legacy_zoho,0,1,0.0,0,train_split
WC700814,2025-05-04 00:50,legacy_zoho,0,1,0.0,0,train_split
WC700813,2025-05-04 00:50,legacy_zoho,0,1,0.0,0,train_split
WC700815,2025-05-04 00:54,legacy_zoho,0,1,0.0,0,train_split
WC700816,2025-05-04 01:08,legacy_zoho,0,1,0.0,0,train_split
WC700817,2025-05-04 01:42,legacy_zoho,0,1,0.0,0,train_split
WC700818,2025-05-04 02:04,legacy_zoho,0,1,0.0,0,train_split
WC700819,2025-05-04 02:22,legacy_zoho,0,1,0.0,0,train_split
WC700820,2025-05-04 02:32,legacy_zoho,0,1,0.0,0,train_split
WC700821,2025-05-04 03:05,legacy_zoho,0,1,0.0,0,train_split
WC700822,2025-05-04 05:21,legacy_zoho,0,1,0.0,0,train_split
WC700823,2025-05-04 07:38,legacy_zoho,0,1,0.0,0,train_split
WC700824,2025-05-04 07:54,legacy_zoho,0,1,0.0,0,train_split
WC700825,2025-05-04 09:01,legacy_zoho,0,1,0.0,0,train_split
WC700826,2025-05-04 11:01,legacy_zoho,0,1,0.0,0,train_split
WC700827,2025-05-04 11:33,legacy_zoho,0,1,0.0,0,train_split
WC700828,2025-05-04 11:35,legacy_zoho,0,1,0.0,0,train_split
WC700829,2025-05-04 14:00,legacy_zoho,0,1,0.0,0,train_split
WC700830,2025-05-04 14:16,legacy_zoho,0,1,0.0,0,train_split
WC700831,2025-05-04 15:56,legacy_zoho,0,1,0.0,0,train_split
WC700832,2025-05-04 17:11,legacy_zoho,1,2,120.0,0,train_split
WC700833,2025-05-04 18:50,legacy_zoho,0,1,0.0,0,train_split
WC700834,2025-05-04 20:09,legacy_zoho,0,1,0.0,0,train_split
WC700835,2025-05-04 20:23,legacy_zoho,0,1,0.0,0,train_split
WC700836,2025-05-04 21:04,legacy_zoho,0,1,0.0,0,train_split
WC700837,2025-05-04 23:23,legacy_zoho,0,1,0.0,0,train_split
WC700838,2025-05-05 00:30,legacy_zoho,0,1,0.0,0,train_split
WC700839,2025-05-05 01:46,legacy_zoho,0,1,0.0,0,train_split
WC700840,2025-05-05 01:58,legacy_zoho,0,1,0.0,0,train_split
WC700841,2025-05-05 05:25,legacy_zoho,0,1,0.0,0,train_split
WC700842,2025-05-05 05:27,legacy_zoho,0,1,0.0,0,train_split
WC700843,2025-05-05 05:29,legacy_zoho,0,1,0.0,0,train_split
WC700844,2025-05-05 06:26,legacy_zoho,0,1,0.0,0,train_split
WC700845,2025-05-05 07:05,legacy_zoho,0,1,0.0,0,train_split
WC700846,2025-05-05 07:17,legacy_zoho,0,1,0.0,0,train_split
WC700847,2025-05-05 07:31,legacy_zoho,0,1,0.0,0,train_split
WC700848,2025-05-05 09:47,legacy_zoho,0,1,0.0,0,train_split
WC700849,2025-05-05 10:59,legacy_zoho,0,1,0.0,0,train_split
WC700850,2025-05-05 12:01,legacy_zoho,0,1,0.0,0,train_split
WC700851,2025-05-05 12:09,legacy_zoho,0,1,0.0,0,train_split
WC700852,2025-05-05 12:24,legacy_zoho,0,1,0.0,0,train_split
WC700853,2025-05-05 14:33,legacy_zoho,0,1,0.0,0,train_split
WC700854,2025-05-05 15:05,legacy_zoho,0,1,0.0,0,train_split
WC700855,2025-05-05 15:07,legacy_zoho,0,1,0.0,0,train_split
WC700856,2025-05-05 16:21,legacy_zoho,0,1,0.0,0,train_split
WC700857,2025-05-05 16:25,legacy_zoho,0,1,0.0,0,train_split
WC700858,2025-05-05 19:22,legacy_zoho,0,1,0.0,0,train_split
WC700859,2025-05-05 19:41,legacy_zoho,0,1,0.0,0,train_split
WC700860,2025-05-05 19:51,legacy_zoho,0,1,0.0,0,train_split
WC700861,2025-05-05 20:12,legacy_zoho,0,1,0.0,0,train_split
WC700862,2025-05-05 21:38,legacy_zoho,0,1,0.0,0,train_split
WC700863,2025-05-05 21:51,legacy_zoho,0,1,0.0,0,train_split
WC700864,2025-05-05 22:19,legacy_zoho,0,1,0.0,0,train_split
WC700865,2025-05-05 23:13,legacy_zoho,0,1,0.0,0,train_split
WC700866,2025-05-06 00:13,legacy_zoho,0,1,0.0,0,train_split
WC700867,2025-05-06 00:34,legacy_zoho,0,1,0.0,0,train_split
WC700868,2025-05-06 02:44,legacy_zoho,1,2,24.0,0,train_split
WC700869,2025-05-06 03:34,legacy_zoho,0,1,0.0,0,train_split
WC700870,2025-05-06 04:56,legacy_zoho,0,1,0.0,0,train_split
WC700871,2025-05-06 05:37,legacy_zoho,0,1,0.0,0,train_split
WC700872,2025-05-06 06:54,legacy_zoho,0,1,0.0,0,train_split
WC700873,2025-05-06 06:55,legacy_zoho,0,1,0.0,0,train_split
WC700874,2025-05-06 07:30,legacy_zoho,0,1,0.0,0,train_split
WC700875,2025-05-06 08:56,legacy_zoho,0,1,0.0,0,train_split
WC700876,2025-05-06 09:25,legacy_zoho,0,1,0.0,0,train_split
WC700877,2025-05-06 09:54,legacy_zoho,0,1,0.0,0,train_split
WC700878,2025-05-06 11:47,legacy_zoho,0,1,0.0,0,train_split
WC700879,2025-05-06 11:55,legacy_zoho,0,1,0.0,0,train_split
WC700880,2025-05-06 12:07,legacy_zoho,0,1,0.0,0,train_split
WC700881,2025-05-06 12:11,legacy_zoho,0,1,0.0,0,train_split
WC700882,2025-05-06 12:23,legacy_zoho,0,1,0.0,0,train_split
WC700883,2025-05-06 12:27,legacy_zoho,0,1,0.0,0,train_split
WC700884,2025-05-06 13:00,legacy_zoho,0,1,0.0,0,train_split
WC700885,2025-05-06 13:06,legacy_zoho,0,1,0.0,0,train_split
WC700886,2025-05-06 13:07,legacy_zoho,0,1,0.0,0,train_split
WC700887,2025-05-06 13:11,legacy_zoho,0,1,0.0,0,train_split
WC700888,2025-05-06 14:18,legacy_zoho,0,1,0.0,0,train_split
WC700889,2025-05-06 15:16,legacy_zoho,0,1,0.0,0,train_split
WC700890,2025-05-06 15:17,legacy_zoho,0,1,0.0,0,train_split
WC700891,2025-05-06 17:53,legacy_zoho,1,2,96.0,0,train_split
WC700892,2025-05-06 18:04,legacy_zoho,0,1,0.0,0,train_split
WC700893,2025-05-06 18:24,legacy_zoho,0,1,0.0,0,train_split
WC700894,2025-05-06 18:39,legacy_zoho,0,1,0.0,0,train_split
WC700895,2025-05-06 19:11,legacy_zoho,1,2,24.0,0,train_split
WC700896,2025-05-06 19:24,legacy_zoho,0,1,0.0,0,train_split
WC700897,2025-05-06 20:47,legacy_zoho,0,1,0.0,0,train_split
WC700898,2025-05-06 20:53,legacy_zoho,0,1,0.0,0,train_split
WC700899,2025-05-06 21:32,legacy_zoho,0,1,0.0,0,train_split
WC700900,2025-05-06 22:16,legacy_zoho,0,1,0.0,0,train_split
WC700901,2025-05-06 22:33,legacy_zoho,0,1,0.0,0,train_split
WC700902,2025-05-07 00:23,legacy_zoho,0,1,0.0,0,train_split
WC700903,2025-05-07 00:42,legacy_zoho,0,1,0.0,0,train_split
WC700904,2025-05-07 01:19,legacy_zoho,0,1,0.0,0,train_split
WC700905,2025-05-07 01:32,legacy_zoho,1,2,48.0,0,train_split
WC700906,2025-05-07 03:58,legacy_zoho,0,1,0.0,0,train_split
WC700907,2025-05-07 04:20,legacy_zoho,0,1,0.0,0,train_split
WC700908,2025-05-07 05:41,legacy_zoho,0,1,0.0,0,train_split
WC700909,2025-05-07 05:52,legacy_zoho,0,1,0.0,0,train_split
WC700910,2025-05-07 07:45,legacy_zoho,0,1,0.0,0,train_split
WC700911,2025-05-07 08:45,legacy_zoho,0,1,0.0,0,train_split
WC700912,2025-05-07 13:27,legacy_zoho,0,1,0.0,0,train_split
WC700913,2025-05-07 16:54,legacy_zoho,0,1,0.0,0,train_split
WC700914,2025-05-07 17:21,legacy_zoho,0,1,0.0,0,train_split
WC700915,2025-05-07 17:53,legacy_zoho,0,1,0.0,0,train_split
WC700916,2025-05-07 17:58,legacy_zoho,1,2,24.0,0,train_split
WC700917,2025-05-07 18:42,legacy_zoho,0,1,0.0,0,train_split
WC700918,2025-05-07 18:52,legacy_zoho,0,1,0.0,0,train_split
WC700919,2025-05-07 19:20,legacy_zoho,0,1,0.0,0,train_split
WC700920,2025-05-07 20:20,legacy_zoho,0,1,0.0,0,train_split
WC700921,2025-05-07 20:27,legacy_zoho,0,1,0.0,0,train_split
WC700922,2025-05-07 20:30,legacy_zoho,0,1,0.0,0,train_split
WC700923,2025-05-07 20:36,legacy_zoho,0,1,0.0,0,train_split
WC700924,2025-05-07 21:40,legacy_zoho,0,1,0.0,0,train_split
WC700925,2025-05-07 21:53,legacy_zoho,0,1,0.0,0,train_split
WC700926,2025-05-07 22:03,legacy_zoho,0,1,0.0,0,train_split
WC700927,2025-05-07 22:21,legacy_zoho,0,1,0.0,0,train_split
WC700928,2025-05-07 22:23,legacy_zoho,0,1,0.0,0,train_split
WC700929,2025-05-07 22:28,legacy_zoho,0,1,0.0,0,train_split
WC700930,2025-05-07 22:34,legacy_zoho,0,1,0.0,0,train_split
WC700931,2025-05-07 22:41,legacy_zoho,0,1,0.0,0,train_split
WC700932,2025-05-08 00:19,legacy_zoho,0,1,0.0,0,train_split
WC700933,2025-05-08 01:17,legacy_zoho,1,2,48.0,0,train_split
WC700934,2025-05-08 01:19,legacy_zoho,0,1,0.0,0,train_split
WC700935,2025-05-08 02:32,legacy_zoho,0,1,0.0,0,train_split
WC700936,2025-05-08 03:39,legacy_zoho,0,1,0.0,0,train_split
WC700937,2025-05-08 04:02,legacy_zoho,0,1,0.0,0,train_split
WC700938,2025-05-08 05:42,legacy_zoho,0,1,0.0,0,train_split
WC700939,2025-05-08 06:57,legacy_zoho,0,1,0.0,0,train_split
WC700940,2025-05-08 07:24,legacy_zoho,0,1,0.0,0,train_split
WC700941,2025-05-08 09:12,legacy_zoho,0,1,0.0,0,train_split
WC700942,2025-05-08 10:14,legacy_zoho,0,1,0.0,0,train_split
WC700943,2025-05-08 10:36,legacy_zoho,0,1,0.0,0,train_split
WC700944,2025-05-08 11:10,legacy_zoho,1,2,96.0,0,train_split
WC700945,2025-05-08 13:43,legacy_zoho,0,1,0.0,0,train_split
WC700946,2025-05-08 13:51,legacy_zoho,1,2,96.0,0,train_split
WC700947,2025-05-08 16:39,legacy_zoho,0,1,0.0,0,train_split
WC700948,2025-05-08 17:56,legacy_zoho,1,2,72.0,0,train_split
WC700949,2025-05-08 17:56,legacy_zoho,0,1,0.0,0,train_split
WC700950,2025-05-08 18:49,legacy_zoho,0,1,0.0,0,train_split
WC700951,2025-05-08 18:52,legacy_zoho,0,1,0.0,0,train_split
WC700952,2025-05-08 19:04,legacy_zoho,0,1,0.0,0,train_split
WC700953,2025-05-08 19:29,legacy_zoho,0,1,0.0,0,train_split
WC700954,2025-05-08 20:11,legacy_zoho,0,1,0.0,0,train_split
WC700955,2025-05-08 20:27,legacy_zoho,0,1,0.0,0,train_split
WC700956,2025-05-08 20:50,legacy_zoho,0,1,0.0,0,train_split
WC700957,2025-05-08 21:15,legacy_zoho,0,1,0.0,0,train_split
WC700958,2025-05-08 21:54,legacy_zoho,0,1,0.0,0,train_split
WC700959,2025-05-08 22:19,legacy_zoho,0,1,0.0,0,train_split
WC700960,2025-05-09 00:30,legacy_zoho,0,1,0.0,0,train_split
WC700961,2025-05-09 02:27,legacy_zoho,0,1,0.0,0,train_split
WC700962,2025-05-09 02:49,legacy_zoho,0,1,0.0,0,train_split
WC700963,2025-05-09 04:27,legacy_zoho,0,1,0.0,0,train_split
WC700964,2025-05-09 04:51,legacy_zoho,0,1,0.0,0,train_split
WC700965,2025-05-09 05:12,legacy_zoho,0,1,0.0,0,train_split
WC700966,2025-05-09 06:09,legacy_zoho,0,1,0.0,0,train_split
WC700967,2025-05-09 06:19,legacy_zoho,0,1,0.0,0,train_split
WC700968,2025-05-09 08:01,legacy_zoho,1,2,48.0,0,train_split
WC700969,2025-05-09 08:21,legacy_zoho,0,1,0.0,0,train_split
WC700970,2025-05-09 10:19,legacy_zoho,0,1,0.0,0,train_split
WC700971,2025-05-09 11:01,legacy_zoho,0,1,0.0,0,train_split
WC700972,2025-05-09 13:01,legacy_zoho,0,1,0.0,0,train_split
WC700973,2025-05-09 13:22,legacy_zoho,0,1,0.0,0,train_split
WC700974,2025-05-09 13:31,legacy_zoho,0,1,0.0,0,train_split
WC700975,2025-05-09 13:48,legacy_zoho,0,1,0.0,0,train_split
WC700976,2025-05-09 13:53,legacy_zoho,0,1,0.0,0,train_split
WC700977,2025-05-09 14:28,legacy_zoho,0,1,0.0,0,train_split
WC700978,2025-05-09 15:49,legacy_zoho,0,1,0.0,0,train_split
WC700979,2025-05-09 18:29,legacy_zoho,0,1,0.0,0,train_split
WC700980,2025-05-09 19:17,legacy_zoho,0,1,0.0,0,train_split
WC700981,2025-05-09 19:40,legacy_zoho,0,1,0.0,0,train_split
WC700982,2025-05-09 19:41,legacy_zoho,0,1,0.0,0,train_split
WC700983,2025-05-09 20:02,legacy_zoho,0,1,0.0,0,train_split
WC700984,2025-05-09 20:06,legacy_zoho,0,1,0.0,0,train_split
WC700985,2025-05-09 20:43,legacy_zoho,0,1,0.0,0,train_split
WC700986,2025-05-09 20:50,legacy_zoho,0,1,0.0,0,train_split
WC700987,2025-05-09 20:54,legacy_zoho,0,1,0.0,0,train_split
WC700988,2025-05-09 22:30,legacy_zoho,0,1,0.0,0,train_split
WC700989,2025-05-09 23:27,legacy_zoho,0,1,0.0,0,train_split
WC700990,2025-05-09 23:57,legacy_zoho,0,1,0.0,0,train_split
WC700991,2025-05-10 00:19,legacy_zoho,0,1,0.0,0,train_split
WC700992,2025-05-10 00:46,legacy_zoho,0,1,0.0,0,train_split
WC700993,2025-05-10 00:56,legacy_zoho,0,1,0.0,0,train_split
WC700994,2025-05-10 01:18,legacy_zoho,0,1,0.0,0,train_split
WC700995,2025-05-10 01:47,legacy_zoho,0,1,0.0,0,train_split
WC700996,2025-05-10 04:59,legacy_zoho,0,1,0.0,0,train_split
WC700997,2025-05-10 05:47,legacy_zoho,0,1,0.0,0,train_split
WC700998,2025-05-10 06:07,legacy_zoho,0,1,0.0,0,train_split
WC700999,2025-05-10 06:30,legacy_zoho,1,2,24.0,0,train_split
WC701000,2025-05-10 07:23,legacy_zoho,0,1,0.0,0,train_split
WC701001,2025-05-10 07:52,legacy_zoho,0,1,0.0,0,train_split
WC701002,2025-05-10 08:05,legacy_zoho,0,1,0.0,0,train_split
WC701003,2025-05-10 08:07,legacy_zoho,0,1,0.0,0,train_split
WC701004,2025-05-10 08:23,legacy_zoho,0,1,0.0,0,train_split
WC701005,2025-05-10 09:54,legacy_zoho,0,1,0.0,0,train_split
WC701006,2025-05-10 10:21,legacy_zoho,0,1,0.0,0,train_split
WC701007,2025-05-10 11:09,legacy_zoho,0,1,0.0,0,train_split
WC701008,2025-05-10 11:16,legacy_zoho,0,1,0.0,0,train_split
WC701009,2025-05-10 11:34,legacy_zoho,0,1,0.0,0,train_split
WC701010,2025-05-10 11:52,legacy_zoho,0,1,0.0,0,train_split
WC701011,2025-05-10 12:45,legacy_zoho,0,1,0.0,0,train_split
WC701012,2025-05-10 13:48,legacy_zoho,0,1,0.0,0,train_split
WC701013,2025-05-10 15:59,legacy_zoho,0,1,0.0,0,train_split
WC701014,2025-05-10 17:00,legacy_zoho,0,1,0.0,0,train_split
WC701015,2025-05-10 18:22,legacy_zoho,0,1,0.0,0,train_split
WC701016,2025-05-10 19:36,legacy_zoho,1,2,120.0,0,train_split
WC701017,2025-05-10 21:52,legacy_zoho,0,1,0.0,0,train_split
WC701018,2025-05-10 22:38,legacy_zoho,0,1,0.0,0,train_split
WC701019,2025-05-10 23:06,legacy_zoho,0,1,0.0,0,train_split
WC701020,2025-05-10 23:48,legacy_zoho,0,1,0.0,0,train_split
WC701021,2025-05-11 00:20,legacy_zoho,0,1,0.0,0,train_split
WC701022,2025-05-11 00:48,legacy_zoho,0,1,0.0,0,train_split
WC701023,2025-05-11 02:03,legacy_zoho,0,1,0.0,0,train_split
WC701024,2025-05-11 03:15,legacy_zoho,0,1,0.0,0,train_split
WC701025,2025-05-11 08:21,legacy_zoho,0,1,0.0,0,train_split
WC701026,2025-05-11 08:36,legacy_zoho,0,1,0.0,0,train_split
WC701027,2025-05-11 09:52,legacy_zoho,0,1,0.0,0,train_split
WC701028,2025-05-11 10:00,legacy_zoho,0,1,0.0,0,train_split
WC701029,2025-05-11 10:11,legacy_zoho,1,2,24.0,0,train_split
WC701030,2025-05-11 16:58,legacy_zoho,1,2,96.0,0,train_split
WC701031,2025-05-11 17:04,legacy_zoho,1,2,72.0,0,train_split
WC701032,2025-05-11 17:35,legacy_zoho,0,1,0.0,0,train_split
WC701033,2025-05-11 19:05,legacy_zoho,0,1,0.0,0,train_split
WC701034,2025-05-11 20:24,legacy_zoho,0,1,0.0,0,train_split
WC701035,2025-05-11 20:58,legacy_zoho,0,1,0.0,0,train_split
WC701036,2025-05-11 23:03,legacy_zoho,0,1,0.0,0,train_split
WC701037,2025-05-11 23:23,legacy_zoho,0,1,0.0,0,train_split
WC701038,2025-05-11 23:52,legacy_zoho,0,1,0.0,0,train_split
WC701039,2025-05-12 00:21,legacy_zoho,0,1,0.0,0,train_split
WC701040,2025-05-12 00:29,legacy_zoho,0,1,0.0,0,train_split
WC701041,2025-05-12 01:14,legacy_zoho,0,1,0.0,0,train_split
WC701042,2025-05-12 02:19,legacy_zoho,0,1,0.0,0,train_split
WC701043,2025-05-12 02:28,legacy_zoho,0,1,0.0,0,train_split
WC701044,2025-05-12 02:36,legacy_zoho,1,2,48.0,0,train_split
WC701045,2025-05-12 04:37,legacy_zoho,0,1,0.0,0,train_split
WC701046,2025-05-12 05:54,legacy_zoho,0,1,0.0,0,train_split
WC701047,2025-05-12 06:11,legacy_zoho,0,1,0.0,0,train_split
WC701048,2025-05-12 06:29,legacy_zoho,0,1,0.0,0,train_split
WC701049,2025-05-12 08:09,legacy_zoho,0,1,0.0,0,train_split
WC701050,2025-05-12 09:33,legacy_zoho,0,1,0.0,0,train_split
WC701051,2025-05-12 10:35,legacy_zoho,0,1,0.0,0,train_split
WC701052,2025-05-12 11:08,legacy_zoho,0,1,0.0,0,train_split
WC701053,2025-05-12 11:27,legacy_zoho,0,1,0.0,0,train_split
WC701054,2025-05-12 11:57,legacy_zoho,0,1,0.0,0,train_split
WC701055,2025-05-12 12:58,legacy_zoho,0,1,0.0,0,train_split
WC701056,2025-05-12 14:27,legacy_zoho,0,1,0.0,0,train_split
WC701057,2025-05-12 16:55,legacy_zoho,0,1,0.0,0,train_split
WC701058,2025-05-12 18:00,legacy_zoho,0,1,0.0,0,train_split
WC701059,2025-05-12 18:13,legacy_zoho,0,1,0.0,0,train_split
WC701060,2025-05-12 18:28,legacy_zoho,0,1,0.0,0,train_split
WC701061,2025-05-12 18:31,legacy_zoho,0,1,0.0,0,train_split
WC701062,2025-05-12 18:42,legacy_zoho,0,1,0.0,0,train_split
WC701063,2025-05-12 19:44,legacy_zoho,0,1,0.0,0,train_split
WC701064,2025-05-12 19:45,legacy_zoho,0,1,0.0,0,train_split
WC701065,2025-05-13 01:00,legacy_zoho,0,1,0.0,0,train_split
WC701066,2025-05-13 01:19,legacy_zoho,0,1,0.0,0,train_split
WC701067,2025-05-13 02:16,legacy_zoho,0,1,0.0,0,train_split
WC701068,2025-05-13 03:43,legacy_zoho,0,1,0.0,0,train_split
WC701069,2025-05-13 04:08,legacy_zoho,0,1,0.0,0,train_split
WC701070,2025-05-13 05:30,legacy_zoho,0,1,0.0,0,train_split
WC701071,2025-05-13 06:36,legacy_zoho,0,1,0.0,0,train_split
WC701072,2025-05-13 06:54,legacy_zoho,1,2,120.0,0,train_split
WC701073,2025-05-13 07:47,legacy_zoho,0,1,0.0,0,train_split
WC701074,2025-05-13 08:09,legacy_zoho,0,1,0.0,0,train_split
WC701075,2025-05-13 08:28,legacy_zoho,0,1,0.0,0,train_split
WC701076,2025-05-13 09:08,legacy_zoho,0,1,0.0,0,train_split
WC701077,2025-05-13 09:09,legacy_zoho,0,1,0.0,0,train_split
WC701078,2025-05-13 11:15,legacy_zoho,0,1,0.0,0,train_split
WC701079,2025-05-13 12:11,legacy_zoho,0,1,0.0,0,train_split
WC701080,2025-05-13 12:36,legacy_zoho,0,1,0.0,0,train_split
WC701081,2025-05-13 12:57,legacy_zoho,0,1,0.0,0,train_split
WC701082,2025-05-13 13:30,legacy_zoho,0,1,0.0,0,train_split
WC701083,2025-05-13 13:47,legacy_zoho,0,1,0.0,0,train_split
WC701084,2025-05-13 13:59,legacy_zoho,0,1,0.0,0,train_split
WC701085,2025-05-13 14:34,legacy_zoho,0,1,0.0,0,train_split
WC701086,2025-05-13 15:06,legacy_zoho,0,1,0.0,0,train_split
WC701087,2025-05-13 16:11,legacy_zoho,0,1,0.0,0,train_split
WC701088,2025-05-13 16:43,legacy_zoho,0,1,0.0,0,train_split
WC701089,2025-05-13 16:49,legacy_zoho,0,1,0.0,0,train_split
WC701090,2025-05-13 18:15,legacy_zoho,0,1,0.0,0,train_split
WC701091,2025-05-13 19:21,legacy_zoho,0,1,0.0,0,train_split
WC701092,2025-05-14 00:27,legacy_zoho,0,1,0.0,0,train_split
WC701093,2025-05-14 01:01,legacy_zoho,0,1,0.0,0,train_split
WC701094,2025-05-14 01:54,legacy_zoho,0,1,0.0,0,train_split
WC701095,2025-05-14 03:44,legacy_zoho,0,1,0.0,0,train_split
WC701096,2025-05-14 05:13,legacy_zoho,0,1,0.0,0,train_split
WC701097,2025-05-14 07:40,legacy_zoho,0,1,0.0,0,train_split
WC701098,2025-05-14 07:51,legacy_zoho,0,1,0.0,0,train_split
WC701099,2025-05-14 08:04,legacy_zoho,0,1,0.0,0,train_split
WC701100,2025-05-14 10:04,legacy_zoho,0,1,0.0,0,train_split
WC701101,2025-05-14 11:48,legacy_zoho,0,1,0.0,0,train_split
WC701102,2025-05-14 12:20,legacy_zoho,0,1,0.0,0,train_split
WC701103,2025-05-14 13:09,legacy_zoho,0,1,0.0,0,train_split
WC701104,2025-05-14 13:43,legacy_zoho,0,1,0.0,0,train_split
WC701105,2025-05-14 15:56,legacy_zoho,0,1,0.0,0,train_split
WC701106,2025-05-14 17:45,legacy_zoho,0,1,0.0,0,train_split
WC701107,2025-05-14 19:52,legacy_zoho,0,1,0.0,0,train_split
WC701108,2025-05-14 20:14,legacy_zoho,0,1,0.0,0,train_split
WC701109,2025-05-14 21:29,legacy_zoho,0,1,0.0,0,train_split
WC701110,2025-05-14 22:39,legacy_zoho,0,1,0.0,0,train_split
WC701111,2025-05-15 00:54,legacy_zoho,0,1,0.0,0,train_split
WC701112,2025-05-15 01:16,legacy_zoho,0,1,0.0,0,train_split
WC701113,2025-05-15 01:24,legacy_zoho,0,1,0.0,0,train_split
WC701114,2025-05-15 01:27,legacy_zoho,0,1,0.0,0,train_split
WC701115,2025-05-15 01:56,legacy_zoho,0,1,0.0,0,train_split
WC701116,2025-05-15 02:44,legacy_zoho,0,1,0.0,0,train_split
WC701117,2025-05-15 03:51,legacy_zoho,0,1,0.0,0,train_split
WC701118,2025-05-15 06:04,legacy_zoho,0,1,0.0,0,train_split
WC701119,2025-05-15 08:41,legacy_zoho,0,1,0.0,0,train_split
WC701120,2025-05-15 12:29,legacy_zoho,0,1,0.0,0,train_split
WC701121,2025-05-15 12:45,legacy_zoho,0,1,0.0,0,train_split
WC701122,2025-05-15 13:08,legacy_zoho,0,1,0.0,0,train_split
WC701123,2025-05-15 13:34,legacy_zoho,0,1,0.0,0,train_split
WC701124,2025-05-15 16:59,legacy_zoho,0,1,0.0,0,train_split
WC701125,2025-05-15 17:59,legacy_zoho,0,1,0.0,0,train_split
WC701126,2025-05-15 18:53,legacy_zoho,0,1,0.0,0,train_split
WC701127,2025-05-15 19:25,legacy_zoho,1,2,72.0,0,train_split
WC701128,2025-05-15 20:18,legacy_zoho,0,1,0.0,0,train_split
WC701129,2025-05-15 21:59,legacy_zoho,0,1,0.0,0,train_split
WC701130,2025-05-15 22:38,legacy_zoho,0,1,0.0,0,train_split
WC701131,2025-05-15 23:20,legacy_zoho,0,1,0.0,0,train_split
WC701132,2025-05-16 01:35,legacy_zoho,0,1,0.0,0,train_split
WC701133,2025-05-16 02:11,legacy_zoho,0,1,0.0,0,train_split
WC701134,2025-05-16 02:30,legacy_zoho,0,1,0.0,0,train_split
WC701135,2025-05-16 02:44,legacy_zoho,0,1,0.0,0,train_split
WC701136,2025-05-16 05:51,legacy_zoho,0,1,0.0,0,train_split
WC701137,2025-05-16 06:37,legacy_zoho,0,1,0.0,0,train_split
WC701138,2025-05-16 08:10,legacy_zoho,0,1,0.0,0,train_split
WC701139,2025-05-16 09:35,legacy_zoho,0,1,0.0,0,train_split
WC701140,2025-05-16 09:49,legacy_zoho,0,1,0.0,0,train_split
WC701142,2025-05-16 09:54,legacy_zoho,1,2,120.0,0,train_split
WC701141,2025-05-16 09:54,legacy_zoho,0,1,0.0,0,train_split
WC701143,2025-05-16 11:04,legacy_zoho,1,2,72.0,0,train_split
WC701144,2025-05-16 11:27,legacy_zoho,0,1,0.0,0,train_split
WC701145,2025-05-16 11:45,legacy_zoho,0,1,0.0,0,train_split
WC701146,2025-05-16 12:14,legacy_zoho,0,1,0.0,0,train_split
WC701147,2025-05-16 13:32,legacy_zoho,0,1,0.0,0,train_split
WC701148,2025-05-16 14:37,legacy_zoho,0,1,0.0,0,train_split
WC701149,2025-05-16 14:44,legacy_zoho,0,1,0.0,0,train_split
WC701150,2025-05-16 14:48,legacy_zoho,0,1,0.0,0,train_split
WC701151,2025-05-16 14:53,legacy_zoho,0,1,0.0,0,train_split
WC701152,2025-05-16 15:13,legacy_zoho,0,1,0.0,0,train_split
WC701153,2025-05-16 15:39,legacy_zoho,0,1,0.0,1,train_split
WC701154,2025-05-16 15:57,legacy_zoho,0,1,0.0,0,train_split
WC701155,2025-05-16 17:58,legacy_zoho,0,1,0.0,0,train_split
WC701156,2025-05-16 18:02,legacy_zoho,0,1,0.0,0,train_split
WC701157,2025-05-16 18:59,legacy_zoho,0,1,0.0,0,train_split
WC701158,2025-05-16 19:30,legacy_zoho,0,1,0.0,0,train_split
WC701159,2025-05-16 20:10,legacy_zoho,0,1,0.0,0,train_split
WC701160,2025-05-16 20:57,legacy_zoho,0,1,0.0,0,train_split
WC701161,2025-05-17 00:55,legacy_zoho,0,1,0.0,0,train_split
WC701162,2025-05-17 01:02,legacy_zoho,0,1,0.0,0,train_split
WC701163,2025-05-17 01:22,legacy_zoho,0,1,0.0,0,train_split
WC701164,2025-05-17 02:51,legacy_zoho,0,1,0.0,0,train_split
WC701165,2025-05-17 05:57,legacy_zoho,0,1,0.0,0,train_split
WC701166,2025-05-17 06:08,legacy_zoho,0,1,0.0,0,train_split
WC701167,2025-05-17 06:10,legacy_zoho,0,1,0.0,0,train_split
WC701168,2025-05-17 07:03,legacy_zoho,0,1,0.0,0,train_split
WC701169,2025-05-17 07:38,legacy_zoho,0,1,0.0,0,train_split
WC701170,2025-05-17 09:04,legacy_zoho,0,1,0.0,0,train_split
WC701171,2025-05-17 14:01,legacy_zoho,0,1,0.0,0,train_split
WC701172,2025-05-17 15:35,legacy_zoho,0,1,0.0,0,train_split
WC701173,2025-05-17 17:01,legacy_zoho,0,1,0.0,0,train_split
WC701174,2025-05-17 17:03,legacy_zoho,0,1,0.0,0,train_split
WC701175,2025-05-17 17:06,legacy_zoho,1,2,72.0,0,train_split
WC701176,2025-05-17 18:03,legacy_zoho,0,1,0.0,0,train_split
WC701177,2025-05-17 20:30,legacy_zoho,0,1,0.0,0,train_split
WC701178,2025-05-18 00:02,legacy_zoho,0,1,0.0,0,train_split
WC701179,2025-05-18 01:05,legacy_zoho,0,1,0.0,0,train_split
WC701180,2025-05-18 01:50,legacy_zoho,0,1,0.0,0,train_split
WC701181,2025-05-18 02:04,legacy_zoho,0,1,0.0,0,train_split
WC701182,2025-05-18 02:12,legacy_zoho,0,1,0.0,0,train_split
WC701183,2025-05-18 04:07,legacy_zoho,0,1,0.0,0,train_split
WC701184,2025-05-18 04:55,legacy_zoho,1,2,96.0,0,train_split
WC701185,2025-05-18 05:08,legacy_zoho,0,1,0.0,0,train_split
WC701186,2025-05-18 06:40,legacy_zoho,0,1,0.0,0,train_split
WC701187,2025-05-18 06:45,legacy_zoho,0,1,0.0,0,train_split
WC701188,2025-05-18 10:22,legacy_zoho,0,1,0.0,0,train_split
WC701189,2025-05-18 11:28,legacy_zoho,0,1,0.0,0,train_split
WC701190,2025-05-18 12:53,legacy_zoho,0,1,0.0,0,train_split
WC701191,2025-05-18 13:48,legacy_zoho,0,1,0.0,0,train_split
WC701192,2025-05-18 13:51,legacy_zoho,0,1,0.0,0,train_split
WC701193,2025-05-18 15:28,legacy_zoho,0,1,0.0,0,train_split
WC701194,2025-05-18 17:19,legacy_zoho,0,1,0.0,0,train_split
WC701195,2025-05-18 17:29,legacy_zoho,0,1,0.0,0,train_split
WC701196,2025-05-18 18:09,legacy_zoho,0,1,0.0,0,train_split
WC701197,2025-05-18 19:34,legacy_zoho,0,1,0.0,0,train_split
WC701198,2025-05-18 19:41,legacy_zoho,0,1,0.0,0,train_split
WC701199,2025-05-18 19:48,legacy_zoho,0,1,0.0,1,train_split
WC701200,2025-05-18 21:07,legacy_zoho,0,1,0.0,0,train_split
WC701201,2025-05-18 21:18,legacy_zoho,0,1,0.0,0,train_split
WC701202,2025-05-18 21:24,legacy_zoho,0,1,0.0,0,train_split
WC701203,2025-05-18 21:35,legacy_zoho,0,1,0.0,0,train_split
WC701204,2025-05-18 22:59,legacy_zoho,1,2,96.0,0,train_split
WC701205,2025-05-18 23:17,legacy_zoho,0,1,0.0,0,train_split
WC701206,2025-05-18 23:35,legacy_zoho,0,1,0.0,0,train_split
WC701207,2025-05-19 00:49,legacy_zoho,0,1,0.0,0,train_split
WC701208,2025-05-19 01:37,legacy_zoho,0,1,0.0,0,train_split
WC701209,2025-05-19 02:35,legacy_zoho,0,1,0.0,0,train_split
WC701210,2025-05-19 02:38,legacy_zoho,0,1,0.0,0,train_split
WC701211,2025-05-19 03:35,legacy_zoho,0,1,0.0,0,train_split
WC701212,2025-05-19 05:07,legacy_zoho,0,1,0.0,0,train_split
WC701213,2025-05-19 05:35,legacy_zoho,0,1,0.0,0,train_split
WC701214,2025-05-19 06:01,legacy_zoho,0,1,0.0,0,train_split
WC701215,2025-05-19 07:07,legacy_zoho,0,1,0.0,0,train_split
WC701216,2025-05-19 07:59,legacy_zoho,0,1,0.0,0,train_split
WC701217,2025-05-19 09:55,legacy_zoho,0,1,0.0,0,train_split
WC701218,2025-05-19 11:22,legacy_zoho,0,1,0.0,0,train_split
WC701219,2025-05-19 11:57,legacy_zoho,0,1,0.0,0,train_split
WC701220,2025-05-19 12:27,legacy_zoho,0,1,0.0,0,train_split
WC701221,2025-05-19 12:46,legacy_zoho,0,1,0.0,0,train_split
WC701222,2025-05-19 13:06,legacy_zoho,0,1,0.0,0,train_split
WC701223,2025-05-19 13:12,legacy_zoho,0,1,0.0,0,train_split
WC701224,2025-05-19 14:11,legacy_zoho,0,1,0.0,0,train_split
WC701225,2025-05-19 14:47,legacy_zoho,1,2,96.0,0,train_split
WC701226,2025-05-19 17:48,legacy_zoho,0,1,0.0,0,train_split
WC701227,2025-05-19 20:43,legacy_zoho,0,1,0.0,0,train_split
WC701228,2025-05-19 20:55,legacy_zoho,0,1,0.0,0,train_split
WC701229,2025-05-19 23:17,legacy_zoho,0,1,0.0,0,train_split
WC701230,2025-05-20 02:20,legacy_zoho,0,1,0.0,0,train_split
WC701231,2025-05-20 02:59,legacy_zoho,0,1,0.0,0,train_split
WC701232,2025-05-20 03:05,legacy_zoho,0,1,0.0,0,train_split
WC701233,2025-05-20 06:28,legacy_zoho,0,1,0.0,0,train_split
WC701234,2025-05-20 07:21,legacy_zoho,0,1,0.0,0,train_split
WC701235,2025-05-20 07:36,legacy_zoho,0,1,0.0,0,train_split
WC701236,2025-05-20 07:38,legacy_zoho,0,1,0.0,0,train_split
WC701237,2025-05-20 08:59,legacy_zoho,0,1,0.0,0,train_split
WC701238,2025-05-20 11:21,legacy_zoho,0,1,0.0,0,train_split
WC701239,2025-05-20 12:43,legacy_zoho,0,1,0.0,0,train_split
WC701240,2025-05-20 12:47,legacy_zoho,0,1,0.0,0,train_split
WC701241,2025-05-20 12:47,legacy_zoho,0,1,0.0,0,train_split
WC701242,2025-05-20 14:26,legacy_zoho,0,1,0.0,0,train_split
WC701243,2025-05-20 15:26,legacy_zoho,0,1,0.0,0,train_split
WC701244,2025-05-20 16:18,legacy_zoho,0,1,0.0,0,train_split
WC701245,2025-05-20 17:17,legacy_zoho,0,1,0.0,0,train_split
WC701246,2025-05-20 18:38,legacy_zoho,0,1,0.0,0,train_split
WC701247,2025-05-20 22:45,legacy_zoho,0,1,0.0,0,train_split
WC701248,2025-05-21 00:50,legacy_zoho,0,1,0.0,0,train_split
WC701249,2025-05-21 01:05,legacy_zoho,0,1,0.0,0,train_split
WC701250,2025-05-21 01:47,legacy_zoho,0,1,0.0,0,train_split
WC701251,2025-05-21 02:11,legacy_zoho,0,1,0.0,0,train_split
WC701252,2025-05-21 02:48,legacy_zoho,0,1,0.0,0,train_split
WC701253,2025-05-21 03:21,legacy_zoho,0,1,0.0,0,train_split
WC701254,2025-05-21 05:28,legacy_zoho,0,1,0.0,0,train_split
WC701255,2025-05-21 05:46,legacy_zoho,0,1,0.0,0,train_split
WC701256,2025-05-21 06:34,legacy_zoho,0,1,0.0,0,train_split
WC701257,2025-05-21 08:46,legacy_zoho,0,1,0.0,0,train_split
WC701258,2025-05-21 09:29,legacy_zoho,0,1,0.0,0,train_split
WC701259,2025-05-21 10:34,legacy_zoho,0,1,0.0,0,train_split
WC701260,2025-05-21 11:13,legacy_zoho,0,1,0.0,0,train_split
WC701261,2025-05-21 12:39,legacy_zoho,0,1,0.0,0,train_split
WC701262,2025-05-21 12:52,legacy_zoho,0,1,0.0,0,train_split
WC701263,2025-05-21 13:32,legacy_zoho,0,1,0.0,0,train_split
WC701264,2025-05-21 15:42,legacy_zoho,0,1,0.0,0,train_split
WC701265,2025-05-21 16:35,legacy_zoho,0,1,0.0,0,train_split
WC701266,2025-05-21 16:49,legacy_zoho,0,1,0.0,0,train_split
WC701267,2025-05-21 17:25,legacy_zoho,0,1,0.0,0,train_split
WC701268,2025-05-21 17:43,legacy_zoho,0,1,0.0,0,train_split
WC701269,2025-05-21 18:02,legacy_zoho,0,1,0.0,0,train_split
WC701270,2025-05-21 18:39,legacy_zoho,0,1,0.0,0,train_split
WC701271,2025-05-21 20:07,legacy_zoho,0,1,0.0,0,train_split
WC701272,2025-05-21 20:57,legacy_zoho,0,1,0.0,0,train_split
WC701273,2025-05-21 22:07,legacy_zoho,0,1,0.0,0,train_split
WC701274,2025-05-22 03:49,legacy_zoho,0,1,0.0,0,train_split
WC701275,2025-05-22 04:59,legacy_zoho,0,1,0.0,0,train_split
WC701276,2025-05-22 06:57,legacy_zoho,0,1,0.0,0,train_split
WC701277,2025-05-22 07:07,legacy_zoho,1,2,72.0,0,train_split
WC701278,2025-05-22 07:12,legacy_zoho,0,1,0.0,0,train_split
WC701279,2025-05-22 08:07,legacy_zoho,0,1,0.0,0,train_split
WC701280,2025-05-22 08:14,legacy_zoho,0,1,0.0,0,train_split
WC701281,2025-05-22 09:11,legacy_zoho,0,1,0.0,0,train_split
WC701282,2025-05-22 10:41,legacy_zoho,0,1,0.0,0,train_split
WC701283,2025-05-22 10:51,legacy_zoho,0,1,0.0,0,train_split
WC701284,2025-05-22 11:30,legacy_zoho,0,1,0.0,0,train_split
WC701285,2025-05-22 12:07,legacy_zoho,0,1,0.0,0,train_split
WC701286,2025-05-22 12:46,legacy_zoho,0,1,0.0,0,train_split
WC701287,2025-05-22 13:00,legacy_zoho,0,1,0.0,0,train_split
WC701288,2025-05-22 13:33,legacy_zoho,0,1,0.0,0,train_split
WC701289,2025-05-22 15:46,legacy_zoho,0,1,0.0,0,train_split
WC701290,2025-05-22 16:33,legacy_zoho,0,1,0.0,0,train_split
WC701291,2025-05-22 17:12,legacy_zoho,0,1,0.0,0,train_split
WC701292,2025-05-22 17:25,legacy_zoho,0,1,0.0,0,train_split
WC701293,2025-05-22 18:35,legacy_zoho,0,1,0.0,0,train_split
WC701294,2025-05-22 19:24,legacy_zoho,0,1,0.0,0,train_split
WC701295,2025-05-22 19:38,legacy_zoho,0,1,0.0,0,train_split
WC701296,2025-05-22 19:48,legacy_zoho,0,1,0.0,0,train_split
WC701297,2025-05-22 23:55,legacy_zoho,0,1,0.0,0,train_split
WC701298,2025-05-23 00:39,legacy_zoho,0,1,0.0,0,train_split
WC701299,2025-05-23 01:07,legacy_zoho,0,1,0.0,0,train_split
WC701300,2025-05-23 03:13,legacy_zoho,0,1,0.0,0,train_split
WC701301,2025-05-23 03:58,legacy_zoho,0,1,0.0,0,train_split
WC701302,2025-05-23 04:08,legacy_zoho,0,1,0.0,0,train_split
WC701303,2025-05-23 04:51,legacy_zoho,0,1,0.0,0,train_split
WC701304,2025-05-23 05:08,legacy_zoho,0,1,0.0,0,train_split
WC701305,2025-05-23 07:09,legacy_zoho,0,1,0.0,0,train_split
WC701306,2025-05-23 08:02,legacy_zoho,0,1,0.0,0,train_split
WC701307,2025-05-23 08:19,legacy_zoho,1,2,96.0,0,train_split
WC701308,2025-05-23 08:51,legacy_zoho,0,1,0.0,0,train_split
WC701309,2025-05-23 09:02,legacy_zoho,0,1,0.0,0,train_split
WC701310,2025-05-23 11:03,legacy_zoho,0,1,0.0,0,train_split
WC701311,2025-05-23 12:15,legacy_zoho,0,1,0.0,0,train_split
WC701312,2025-05-23 12:58,legacy_zoho,0,1,0.0,0,train_split
WC701313,2025-05-23 13:55,legacy_zoho,0,1,0.0,0,train_split
WC701314,2025-05-23 14:17,legacy_zoho,0,1,0.0,0,train_split
WC701315,2025-05-23 15:03,legacy_zoho,0,1,0.0,0,train_split
WC701316,2025-05-23 16:08,legacy_zoho,0,1,0.0,0,train_split
WC701317,2025-05-23 16:12,legacy_zoho,0,1,0.0,0,train_split
WC701318,2025-05-23 16:39,legacy_zoho,0,1,0.0,0,train_split
WC701319,2025-05-23 16:56,legacy_zoho,0,1,0.0,0,train_split
WC701320,2025-05-23 18:46,legacy_zoho,0,1,0.0,0,train_split
WC701321,2025-05-23 20:05,legacy_zoho,0,1,0.0,0,train_split
WC701322,2025-05-23 20:06,legacy_zoho,0,1,0.0,0,train_split
WC701323,2025-05-23 20:17,legacy_zoho,0,1,0.0,0,train_split
WC701324,2025-05-23 20:37,legacy_zoho,0,1,0.0,0,train_split
WC701325,2025-05-23 21:35,legacy_zoho,0,1,0.0,0,train_split
WC701326,2025-05-23 22:11,legacy_zoho,0,1,0.0,0,train_split
WC701327,2025-05-23 23:38,legacy_zoho,0,1,0.0,0,train_split
WC701328,2025-05-24 00:28,legacy_zoho,0,1,0.0,0,train_split
WC701329,2025-05-24 00:30,legacy_zoho,0,1,0.0,0,train_split
WC701330,2025-05-24 01:06,legacy_zoho,0,1,0.0,0,train_split
WC701331,2025-05-24 02:05,legacy_zoho,1,2,24.0,0,train_split
WC701332,2025-05-24 02:52,legacy_zoho,0,1,0.0,0,train_split
WC701333,2025-05-24 03:55,legacy_zoho,0,1,0.0,0,train_split
WC701334,2025-05-24 04:45,legacy_zoho,0,1,0.0,0,train_split
WC701335,2025-05-24 05:54,legacy_zoho,0,1,0.0,0,train_split
WC701336,2025-05-24 06:07,legacy_zoho,0,1,0.0,0,train_split
WC701337,2025-05-24 07:21,legacy_zoho,0,1,0.0,0,train_split
WC701338,2025-05-24 07:26,legacy_zoho,0,1,0.0,0,train_split
WC701339,2025-05-24 08:13,legacy_zoho,0,1,0.0,0,train_split
WC701340,2025-05-24 08:48,legacy_zoho,0,1,0.0,0,train_split
WC701341,2025-05-24 09:08,legacy_zoho,0,1,0.0,0,train_split
WC701342,2025-05-24 09:41,legacy_zoho,0,1,0.0,0,train_split
WC701343,2025-05-24 09:54,legacy_zoho,0,1,0.0,0,train_split
WC701344,2025-05-24 10:51,legacy_zoho,0,1,0.0,0,train_split
WC701345,2025-05-24 11:16,legacy_zoho,0,1,0.0,0,train_split
WC701346,2025-05-24 11:17,legacy_zoho,0,1,0.0,0,train_split
WC701347,2025-05-24 14:48,legacy_zoho,0,1,0.0,0,train_split
WC701348,2025-05-24 15:17,legacy_zoho,0,1,0.0,0,train_split
WC701349,2025-05-24 15:23,legacy_zoho,1,2,24.0,0,train_split
WC701350,2025-05-24 15:26,legacy_zoho,0,1,0.0,0,train_split
WC701351,2025-05-24 15:31,legacy_zoho,0,1,0.0,0,train_split
WC701352,2025-05-24 15:56,legacy_zoho,0,1,0.0,0,train_split
WC701353,2025-05-24 16:50,legacy_zoho,0,1,0.0,0,train_split
WC701354,2025-05-24 18:18,legacy_zoho,0,1,0.0,0,train_split
WC701355,2025-05-24 19:20,legacy_zoho,0,1,0.0,0,train_split
WC701356,2025-05-24 19:25,legacy_zoho,0,1,0.0,0,train_split
WC701357,2025-05-24 19:46,legacy_zoho,1,2,24.0,0,train_split
WC701358,2025-05-24 19:56,legacy_zoho,0,1,0.0,0,train_split
WC701359,2025-05-24 19:58,legacy_zoho,0,1,0.0,0,train_split
WC701360,2025-05-24 20:05,legacy_zoho,0,1,0.0,0,train_split
WC701361,2025-05-24 21:00,legacy_zoho,1,2,96.0,0,train_split
WC701362,2025-05-24 21:27,legacy_zoho,0,1,0.0,0,train_split
WC701363,2025-05-24 21:47,legacy_zoho,0,1,0.0,0,train_split
WC701364,2025-05-24 22:00,legacy_zoho,0,1,0.0,0,train_split
WC701365,2025-05-24 22:43,legacy_zoho,0,1,0.0,0,train_split
WC701366,2025-05-25 00:01,legacy_zoho,0,1,0.0,0,train_split
WC701367,2025-05-25 00:43,legacy_zoho,0,1,0.0,0,train_split
WC701368,2025-05-25 01:29,legacy_zoho,0,1,0.0,0,train_split
WC701369,2025-05-25 01:58,legacy_zoho,0,1,0.0,0,train_split
WC701370,2025-05-25 02:26,legacy_zoho,0,1,0.0,0,train_split
WC701371,2025-05-25 03:24,legacy_zoho,0,1,0.0,0,train_split
WC701372,2025-05-25 04:01,legacy_zoho,0,1,0.0,0,train_split
WC701373,2025-05-25 05:19,legacy_zoho,0,1,0.0,0,train_split
WC701374,2025-05-25 06:52,legacy_zoho,0,1,0.0,0,train_split
WC701375,2025-05-25 06:52,legacy_zoho,0,1,0.0,0,train_split
WC701376,2025-05-25 09:09,legacy_zoho,0,1,0.0,0,train_split
WC701377,2025-05-25 09:29,legacy_zoho,0,1,0.0,0,train_split
WC701378,2025-05-25 09:36,legacy_zoho,0,1,0.0,0,train_split
WC701379,2025-05-25 11:57,legacy_zoho,0,1,0.0,0,train_split
WC701380,2025-05-25 12:03,legacy_zoho,0,1,0.0,0,train_split
WC701381,2025-05-25 13:03,legacy_zoho,0,1,0.0,0,train_split
WC701382,2025-05-25 14:47,legacy_zoho,0,1,0.0,0,train_split
WC701383,2025-05-25 15:07,legacy_zoho,0,1,0.0,0,train_split
WC701384,2025-05-25 18:22,legacy_zoho,1,2,48.0,0,train_split
WC701385,2025-05-25 18:47,legacy_zoho,0,1,0.0,0,train_split
WC701386,2025-05-25 18:59,legacy_zoho,1,2,120.0,0,train_split
WC701387,2025-05-25 19:55,legacy_zoho,0,1,0.0,0,train_split
WC701388,2025-05-25 21:53,legacy_zoho,1,2,72.0,0,train_split
WC701389,2025-05-25 22:22,legacy_zoho,0,1,0.0,0,train_split
WC701390,2025-05-26 00:17,legacy_zoho,0,1,0.0,0,train_split
WC701391,2025-05-26 00:49,legacy_zoho,0,1,0.0,0,train_split
WC701392,2025-05-26 03:16,legacy_zoho,0,1,0.0,0,train_split
WC701393,2025-05-26 03:57,legacy_zoho,0,1,0.0,0,train_split
WC701394,2025-05-26 04:16,legacy_zoho,0,1,0.0,0,train_split
WC701395,2025-05-26 05:13,legacy_zoho,0,1,0.0,0,train_split
WC701396,2025-05-26 05:57,legacy_zoho,0,1,0.0,0,train_split
WC701397,2025-05-26 06:07,legacy_zoho,0,1,0.0,0,train_split
WC701398,2025-05-26 06:22,legacy_zoho,0,1,0.0,1,train_split
WC701399,2025-05-26 06:47,legacy_zoho,1,2,24.0,0,train_split
WC701400,2025-05-26 06:58,legacy_zoho,0,1,0.0,0,train_split
WC701401,2025-05-26 07:07,legacy_zoho,0,1,0.0,0,train_split
WC701402,2025-05-26 07:40,legacy_zoho,0,1,0.0,0,train_split
WC701403,2025-05-26 15:18,legacy_zoho,0,1,0.0,0,train_split
WC701404,2025-05-26 16:08,legacy_zoho,0,1,0.0,0,train_split
WC701405,2025-05-26 16:10,legacy_zoho,0,1,0.0,0,train_split
WC701406,2025-05-26 16:56,legacy_zoho,0,1,0.0,0,train_split
WC701407,2025-05-26 17:02,legacy_zoho,0,1,0.0,0,train_split
WC701408,2025-05-26 17:14,legacy_zoho,0,1,0.0,0,train_split
WC701409,2025-05-26 17:17,legacy_zoho,1,2,120.0,0,train_split
WC701410,2025-05-26 20:26,legacy_zoho,0,1,0.0,0,train_split
WC701411,2025-05-26 20:44,legacy_zoho,1,2,96.0,0,train_split
WC701412,2025-05-26 23:54,legacy_zoho,0,1,0.0,0,train_split
WC701413,2025-05-27 00:02,legacy_zoho,0,1,0.0,0,train_split
WC701414,2025-05-27 00:13,legacy_zoho,0,1,0.0,0,train_split
WC701415,2025-05-27 00:22,legacy_zoho,0,1,0.0,0,train_split
WC701416,2025-05-27 01:59,legacy_zoho,0,1,0.0,0,train_split
WC701417,2025-05-27 03:10,legacy_zoho,0,1,0.0,0,train_split
WC701418,2025-05-27 04:41,legacy_zoho,0,1,0.0,0,train_split
WC701419,2025-05-27 05:21,legacy_zoho,0,1,0.0,0,train_split
WC701420,2025-05-27 05:27,legacy_zoho,0,1,0.0,0,train_split
WC701421,2025-05-27 08:30,legacy_zoho,0,1,0.0,0,train_split
WC701422,2025-05-27 09:29,legacy_zoho,0,1,0.0,0,train_split
WC701423,2025-05-27 10:14,legacy_zoho,0,1,0.0,0,train_split
WC701424,2025-05-27 10:25,legacy_zoho,0,1,0.0,0,train_split
WC701425,2025-05-27 10:43,legacy_zoho,0,1,0.0,0,train_split
WC701426,2025-05-27 11:56,legacy_zoho,0,1,0.0,0,train_split
WC701427,2025-05-27 13:46,legacy_zoho,0,1,0.0,0,train_split
WC701428,2025-05-27 15:21,legacy_zoho,0,1,0.0,0,train_split
WC701429,2025-05-27 16:07,legacy_zoho,0,1,0.0,0,train_split
WC701430,2025-05-27 17:44,legacy_zoho,0,1,0.0,0,train_split
WC701431,2025-05-27 19:39,legacy_zoho,0,1,0.0,0,train_split
WC701432,2025-05-27 20:39,legacy_zoho,0,1,0.0,0,train_split
WC701433,2025-05-27 21:58,legacy_zoho,0,1,0.0,0,train_split
WC701434,2025-05-27 22:22,legacy_zoho,0,1,0.0,0,train_split
WC701435,2025-05-28 00:13,legacy_zoho,0,1,0.0,0,train_split
WC701436,2025-05-28 01:37,legacy_zoho,0,1,0.0,0,train_split
WC701437,2025-05-28 03:19,legacy_zoho,0,1,0.0,0,train_split
WC701438,2025-05-28 04:56,legacy_zoho,0,1,0.0,0,train_split
WC701439,2025-05-28 06:08,legacy_zoho,0,1,0.0,0,train_split
WC701440,2025-05-28 08:19,legacy_zoho,0,1,0.0,0,train_split
WC701441,2025-05-28 10:40,legacy_zoho,0,1,0.0,0,train_split
WC701442,2025-05-28 11:09,legacy_zoho,0,1,0.0,0,train_split
WC701443,2025-05-28 12:01,legacy_zoho,0,1,0.0,0,train_split
WC701444,2025-05-28 12:50,legacy_zoho,0,1,0.0,0,train_split
WC701445,2025-05-28 12:57,legacy_zoho,0,1,0.0,0,train_split
WC701446,2025-05-28 13:47,legacy_zoho,0,1,0.0,0,train_split
WC701447,2025-05-28 15:02,legacy_zoho,0,1,0.0,0,train_split
WC701448,2025-05-28 16:07,legacy_zoho,0,1,0.0,0,train_split
WC701449,2025-05-28 19:17,legacy_zoho,0,1,0.0,0,train_split
WC701450,2025-05-28 21:39,legacy_zoho,0,1,0.0,0,train_split
WC701451,2025-05-28 23:21,legacy_zoho,0,1,0.0,0,train_split
WC701452,2025-05-28 23:43,legacy_zoho,0,1,0.0,0,train_split
WC701453,2025-05-29 00:50,legacy_zoho,1,2,120.0,0,train_split
WC701454,2025-05-29 04:04,legacy_zoho,0,1,0.0,0,train_split
WC701455,2025-05-29 06:24,legacy_zoho,0,1,0.0,0,train_split
WC701456,2025-05-29 06:57,legacy_zoho,1,2,72.0,0,train_split
WC701457,2025-05-29 07:52,legacy_zoho,0,1,0.0,0,train_split
WC701458,2025-05-29 12:24,legacy_zoho,0,1,0.0,0,train_split
WC701459,2025-05-29 12:31,legacy_zoho,1,2,48.0,0,train_split
WC701460,2025-05-29 13:35,legacy_zoho,0,1,0.0,0,train_split
WC701461,2025-05-29 14:52,legacy_zoho,1,2,96.0,0,train_split
WC701462,2025-05-29 15:20,legacy_zoho,0,1,0.0,0,train_split
WC701463,2025-05-29 15:22,legacy_zoho,1,2,96.0,0,train_split
WC701464,2025-05-29 16:05,legacy_zoho,0,1,0.0,0,train_split
WC701465,2025-05-29 17:15,legacy_zoho,0,1,0.0,0,train_split
WC701466,2025-05-29 19:34,legacy_zoho,0,1,0.0,0,train_split
WC701467,2025-05-29 19:49,legacy_zoho,0,1,0.0,0,train_split
WC701468,2025-05-29 20:23,legacy_zoho,0,1,0.0,0,train_split
WC701469,2025-05-29 21:58,legacy_zoho,0,1,0.0,0,train_split
WC701470,2025-05-29 23:24,legacy_zoho,0,1,0.0,0,train_split
WC701471,2025-05-30 00:11,legacy_zoho,0,1,0.0,0,train_split
WC701472,2025-05-30 00:30,legacy_zoho,0,1,0.0,0,train_split
WC701473,2025-05-30 01:16,legacy_zoho,0,1,0.0,0,train_split
WC701474,2025-05-30 03:10,legacy_zoho,0,1,0.0,0,train_split
WC701475,2025-05-30 03:33,legacy_zoho,0,1,0.0,0,train_split
WC701476,2025-05-30 06:06,legacy_zoho,0,1,0.0,0,train_split
WC701477,2025-05-30 06:10,legacy_zoho,0,1,0.0,0,train_split
WC701478,2025-05-30 06:31,legacy_zoho,0,1,0.0,0,train_split
WC701479,2025-05-30 06:35,legacy_zoho,0,1,0.0,0,train_split
WC701480,2025-05-30 11:40,legacy_zoho,0,1,0.0,0,train_split
WC701481,2025-05-30 12:36,legacy_zoho,0,1,0.0,0,train_split
WC701482,2025-05-30 16:54,legacy_zoho,0,1,0.0,0,train_split
WC701483,2025-05-30 18:39,legacy_zoho,0,1,0.0,0,train_split
WC701484,2025-05-30 20:00,legacy_zoho,0,1,0.0,0,train_split
WC701485,2025-05-30 20:57,legacy_zoho,0,1,0.0,0,train_split
WC701486,2025-05-30 22:11,legacy_zoho,0,1,0.0,0,train_split
WC701487,2025-05-30 23:48,legacy_zoho,0,1,0.0,0,train_split
WC701488,2025-05-31 01:02,legacy_zoho,0,1,0.0,0,train_split
WC701489,2025-05-31 02:50,legacy_zoho,0,1,0.0,0,train_split
WC701490,2025-05-31 05:11,legacy_zoho,0,1,0.0,0,train_split
WC701491,2025-05-31 08:55,legacy_zoho,0,1,0.0,0,train_split
WC701492,2025-05-31 09:11,legacy_zoho,0,1,0.0,0,train_split
WC701493,2025-05-31 09:39,legacy_zoho,0,1,0.0,0,train_split
WC701494,2025-05-31 10:50,legacy_zoho,0,1,0.0,0,train_split
WC701495,2025-05-31 11:56,legacy_zoho,0,1,0.0,0,train_split
WC701496,2025-05-31 14:57,legacy_zoho,0,1,0.0,0,train_split
WC701497,2025-05-31 19:14,legacy_zoho,0,1,0.0,0,train_split
WC701498,2025-05-31 20:04,legacy_zoho,0,1,0.0,0,train_split
WC701499,2025-05-31 20:35,legacy_zoho,0,1,0.0,0,train_split
WC701500,2025-05-31 21:31,legacy_zoho,0,1,0.0,0,train_split
WC701501,2025-05-31 23:02,legacy_zoho,0,1,0.0,0,train_split
WC701502,2025-05-31 23:44,legacy_zoho,1,2,120.0,0,train_split
WC701503,2025-06-01 01:14,legacy_zoho,1,2,96.0,0,train_split
WC701504,2025-06-01 02:55,legacy_zoho,0,1,0.0,0,train_split
WC701505,2025-06-01 04:00,legacy_zoho,0,1,0.0,0,train_split
WC701506,2025-06-01 05:16,legacy_zoho,1,2,96.0,0,train_split
WC701507,2025-06-01 06:35,legacy_zoho,0,1,0.0,0,train_split
WC701508,2025-06-01 06:56,legacy_zoho,0,1,0.0,0,train_split
WC701509,2025-06-01 07:49,legacy_zoho,0,1,0.0,0,train_split
WC701510,2025-06-01 08:59,legacy_zoho,0,1,0.0,0,train_split
WC701511,2025-06-01 09:31,legacy_zoho,0,1,0.0,0,train_split
WC701512,2025-06-01 10:28,legacy_zoho,0,1,0.0,0,train_split
WC701513,2025-06-01 11:09,legacy_zoho,0,1,0.0,0,train_split
WC701514,2025-06-01 12:37,legacy_zoho,0,1,0.0,0,train_split
WC701515,2025-06-01 13:31,legacy_zoho,0,1,0.0,0,train_split
WC701516,2025-06-01 13:31,legacy_zoho,0,1,0.0,0,train_split
WC701517,2025-06-01 14:18,legacy_zoho,1,2,72.0,0,train_split
WC701518,2025-06-01 14:24,legacy_zoho,0,1,0.0,0,train_split
WC701519,2025-06-01 14:50,legacy_zoho,0,1,0.0,0,train_split
WC701520,2025-06-01 16:01,legacy_zoho,0,1,0.0,0,train_split
WC701521,2025-06-01 18:09,legacy_zoho,0,1,0.0,0,train_split
WC701522,2025-06-01 19:36,legacy_zoho,0,1,0.0,0,train_split
WC701523,2025-06-01 20:02,legacy_zoho,1,2,48.0,0,train_split
WC701524,2025-06-01 20:12,legacy_zoho,0,1,0.0,1,train_split
WC701525,2025-06-01 20:16,legacy_zoho,0,1,0.0,0,train_split
WC701526,2025-06-01 20:29,legacy_zoho,0,1,0.0,0,train_split
WC701527,2025-06-01 20:39,legacy_zoho,0,1,0.0,0,train_split
WC701528,2025-06-01 22:07,legacy_zoho,0,1,0.0,0,train_split
WC701529,2025-06-01 22:10,legacy_zoho,0,1,0.0,0,train_split
WC701530,2025-06-01 22:58,legacy_zoho,0,1,0.0,0,train_split
WC701531,2025-06-02 01:54,legacy_zoho,0,1,0.0,0,train_split
WC701532,2025-06-02 01:58,legacy_zoho,0,1,0.0,0,train_split
WC701533,2025-06-02 02:40,legacy_zoho,0,1,0.0,0,train_split
WC701534,2025-06-02 07:02,legacy_zoho,0,1,0.0,0,train_split
WC701535,2025-06-02 07:23,legacy_zoho,0,1,0.0,0,train_split
WC701536,2025-06-02 07:37,legacy_zoho,0,1,0.0,0,train_split
WC701537,2025-06-02 09:40,legacy_zoho,0,1,0.0,0,train_split
WC701538,2025-06-02 09:50,legacy_zoho,0,1,0.0,0,train_split
WC701539,2025-06-02 10:11,legacy_zoho,0,1,0.0,0,train_split
WC701540,2025-06-02 10:55,legacy_zoho,0,1,0.0,0,train_split
WC701541,2025-06-02 11:49,legacy_zoho,0,1,0.0,0,train_split
WC701542,2025-06-02 12:58,legacy_zoho,1,2,120.0,0,train_split
WC701543,2025-06-02 13:08,legacy_zoho,0,1,0.0,0,train_split
WC701544,2025-06-02 13:10,legacy_zoho,0,1,0.0,0,train_split
WC701545,2025-06-02 14:58,legacy_zoho,1,2,96.0,0,train_split
WC701546,2025-06-02 16:09,legacy_zoho,0,1,0.0,0,train_split
WC701547,2025-06-02 16:20,legacy_zoho,0,1,0.0,0,train_split
WC701548,2025-06-02 16:52,legacy_zoho,0,1,0.0,0,train_split
WC701549,2025-06-02 19:40,legacy_zoho,0,1,0.0,0,train_split
WC701550,2025-06-02 20:08,legacy_zoho,0,1,0.0,0,train_split
WC701551,2025-06-02 20:56,legacy_zoho,0,1,0.0,0,train_split
WC701552,2025-06-02 21:32,legacy_zoho,0,1,0.0,0,train_split
WC701553,2025-06-02 21:43,legacy_zoho,0,1,0.0,0,train_split
WC701554,2025-06-02 21:48,legacy_zoho,0,1,0.0,1,train_split
WC701555,2025-06-02 22:07,legacy_zoho,0,1,0.0,0,train_split
WC701556,2025-06-03 00:17,legacy_zoho,0,1,0.0,0,train_split
WC701557,2025-06-03 00:44,legacy_zoho,0,1,0.0,0,train_split
WC701558,2025-06-03 01:41,legacy_zoho,0,1,0.0,0,train_split
WC701559,2025-06-03 02:59,legacy_zoho,0,1,0.0,0,train_split
WC701560,2025-06-03 02:59,legacy_zoho,0,1,0.0,0,train_split
WC701561,2025-06-03 03:36,legacy_zoho,0,1,0.0,0,train_split
WC701562,2025-06-03 04:03,legacy_zoho,0,1,0.0,0,train_split
WC701563,2025-06-03 04:16,legacy_zoho,0,1,0.0,0,train_split
WC701564,2025-06-03 06:29,legacy_zoho,0,1,0.0,0,train_split
WC701565,2025-06-03 07:10,legacy_zoho,0,1,0.0,0,train_split
WC701566,2025-06-03 07:55,legacy_zoho,0,1,0.0,0,train_split
WC701567,2025-06-03 08:08,legacy_zoho,0,1,0.0,0,train_split
WC701568,2025-06-03 09:05,legacy_zoho,0,1,0.0,0,train_split
WC701569,2025-06-03 09:16,legacy_zoho,0,1,0.0,0,train_split
WC701570,2025-06-03 10:13,legacy_zoho,0,1,0.0,0,train_split
WC701571,2025-06-03 10:20,legacy_zoho,0,1,0.0,0,train_split
WC701572,2025-06-03 10:35,legacy_zoho,0,1,0.0,0,train_split
WC701573,2025-06-03 12:30,legacy_zoho,0,1,0.0,0,train_split
WC701574,2025-06-03 12:44,legacy_zoho,0,1,0.0,0,train_split
WC701575,2025-06-03 13:07,legacy_zoho,0,1,0.0,0,train_split
WC701576,2025-06-03 13:11,legacy_zoho,0,1,0.0,0,train_split
WC701577,2025-06-03 14:11,legacy_zoho,0,1,0.0,0,train_split
WC701578,2025-06-03 14:59,legacy_zoho,0,1,0.0,0,train_split
WC701579,2025-06-03 16:28,legacy_zoho,0,1,0.0,0,train_split
WC701580,2025-06-03 16:35,legacy_zoho,0,1,0.0,0,train_split
WC701581,2025-06-03 17:55,legacy_zoho,1,2,120.0,0,train_split
WC701582,2025-06-03 20:09,legacy_zoho,0,1,0.0,0,train_split
WC701583,2025-06-03 22:19,legacy_zoho,0,1,0.0,0,train_split
WC701584,2025-06-04 00:07,legacy_zoho,0,1,0.0,0,train_split
WC701585,2025-06-04 02:45,legacy_zoho,0,1,0.0,0,train_split
WC701586,2025-06-04 04:23,legacy_zoho,0,1,0.0,0,train_split
WC701587,2025-06-04 07:22,legacy_zoho,0,1,0.0,0,train_split
WC701588,2025-06-04 07:41,legacy_zoho,0,1,0.0,0,train_split
WC701589,2025-06-04 09:07,legacy_zoho,0,1,0.0,0,train_split
WC701590,2025-06-04 09:28,legacy_zoho,0,1,0.0,0,train_split
WC701591,2025-06-04 09:51,legacy_zoho,0,1,0.0,0,train_split
WC701592,2025-06-04 12:32,legacy_zoho,1,2,24.0,0,train_split
WC701593,2025-06-04 13:31,legacy_zoho,0,1,0.0,0,train_split
WC701594,2025-06-04 15:06,legacy_zoho,0,1,0.0,0,train_split
WC701595,2025-06-04 15:24,legacy_zoho,0,1,0.0,0,train_split
WC701596,2025-06-04 15:37,legacy_zoho,0,1,0.0,0,train_split
WC701597,2025-06-04 16:57,legacy_zoho,0,1,0.0,0,train_split
WC701598,2025-06-04 17:09,legacy_zoho,0,1,0.0,0,train_split
WC701599,2025-06-04 18:55,legacy_zoho,0,1,0.0,0,train_split
WC701600,2025-06-04 21:16,legacy_zoho,1,2,120.0,0,train_split
WC701601,2025-06-04 21:32,legacy_zoho,0,1,0.0,0,train_split
WC701602,2025-06-04 23:04,legacy_zoho,0,1,0.0,0,train_split
WC701603,2025-06-05 01:07,legacy_zoho,0,1,0.0,0,train_split
WC701604,2025-06-05 01:21,legacy_zoho,1,2,72.0,0,train_split
WC701605,2025-06-05 03:13,legacy_zoho,0,1,0.0,0,train_split
WC701606,2025-06-05 03:26,legacy_zoho,0,1,0.0,0,train_split
WC701607,2025-06-05 03:55,legacy_zoho,0,1,0.0,0,train_split
WC701608,2025-06-05 03:56,legacy_zoho,0,1,0.0,1,train_split
WC701609,2025-06-05 05:51,legacy_zoho,0,1,0.0,0,train_split
WC701610,2025-06-05 06:11,legacy_zoho,0,1,0.0,0,train_split
WC701611,2025-06-05 07:08,legacy_zoho,0,1,0.0,0,train_split
WC701612,2025-06-05 07:47,legacy_zoho,0,1,0.0,0,train_split
WC701613,2025-06-05 08:17,legacy_zoho,0,1,0.0,0,train_split
WC701614,2025-06-05 12:26,legacy_zoho,0,1,0.0,0,train_split
WC701615,2025-06-05 13:01,legacy_zoho,0,1,0.0,0,train_split
WC701616,2025-06-05 13:34,legacy_zoho,0,1,0.0,0,train_split
WC701617,2025-06-05 14:30,legacy_zoho,0,1,0.0,0,train_split
WC701618,2025-06-05 15:11,legacy_zoho,1,2,96.0,0,train_split
WC701619,2025-06-05 15:41,legacy_zoho,0,1,0.0,0,train_split
WC701620,2025-06-05 17:49,legacy_zoho,0,1,0.0,0,train_split
WC701621,2025-06-05 18:00,legacy_zoho,0,1,0.0,0,train_split
WC701622,2025-06-05 18:16,legacy_zoho,0,1,0.0,0,train_split
WC701623,2025-06-05 18:41,legacy_zoho,0,1,0.0,0,train_split
WC701624,2025-06-05 18:57,legacy_zoho,0,1,0.0,0,train_split
WC701625,2025-06-05 21:24,legacy_zoho,0,1,0.0,0,train_split
WC701626,2025-06-05 22:24,legacy_zoho,0,1,0.0,0,train_split
WC701627,2025-06-06 02:50,legacy_zoho,1,2,72.0,0,train_split
WC701628,2025-06-06 03:55,legacy_zoho,0,1,0.0,0,train_split
WC701629,2025-06-06 04:49,legacy_zoho,0,1,0.0,0,train_split
WC701630,2025-06-06 06:41,legacy_zoho,0,1,0.0,0,train_split
WC701631,2025-06-06 08:49,legacy_zoho,0,1,0.0,0,train_split
WC701632,2025-06-06 10:13,legacy_zoho,0,1,0.0,0,train_split
WC701633,2025-06-06 10:36,legacy_zoho,0,1,0.0,0,train_split
WC701634,2025-06-06 11:01,legacy_zoho,0,1,0.0,0,train_split
WC701635,2025-06-06 11:02,legacy_zoho,0,1,0.0,0,train_split
WC701636,2025-06-06 11:39,legacy_zoho,0,1,0.0,0,train_split
WC701637,2025-06-06 12:00,legacy_zoho,0,1,0.0,0,train_split
WC701638,2025-06-06 12:21,legacy_zoho,0,1,0.0,0,train_split
WC701639,2025-06-06 12:25,legacy_zoho,0,1,0.0,0,train_split
WC701640,2025-06-06 13:04,legacy_zoho,1,2,24.0,0,train_split
WC701641,2025-06-06 13:43,legacy_zoho,0,1,0.0,0,train_split
WC701642,2025-06-06 14:10,legacy_zoho,0,1,0.0,0,train_split
WC701643,2025-06-06 14:26,legacy_zoho,0,1,0.0,0,train_split
WC701644,2025-06-06 15:45,legacy_zoho,0,1,0.0,0,train_split
WC701645,2025-06-06 15:48,legacy_zoho,0,1,0.0,0,train_split
WC701646,2025-06-06 16:22,legacy_zoho,0,1,0.0,0,train_split
WC701647,2025-06-06 16:27,legacy_zoho,0,1,0.0,0,train_split
WC701648,2025-06-06 17:27,legacy_zoho,0,1,0.0,0,train_split
WC701649,2025-06-06 18:47,legacy_zoho,0,1,0.0,0,train_split
WC701650,2025-06-06 18:53,legacy_zoho,1,2,48.0,0,train_split
WC701651,2025-06-06 19:26,legacy_zoho,0,1,0.0,0,train_split
WC701652,2025-06-06 21:11,legacy_zoho,0,1,0.0,0,train_split
WC701653,2025-06-06 21:50,legacy_zoho,0,1,0.0,0,train_split
WC701654,2025-06-06 22:07,legacy_zoho,0,1,0.0,0,train_split
WC701655,2025-06-07 02:14,legacy_zoho,0,1,0.0,0,train_split
WC701656,2025-06-07 02:28,legacy_zoho,0,1,0.0,0,train_split
WC701657,2025-06-07 02:30,legacy_zoho,0,1,0.0,0,train_split
WC701658,2025-06-07 03:13,legacy_zoho,0,1,0.0,0,train_split
WC701659,2025-06-07 03:48,legacy_zoho,0,1,0.0,0,train_split
WC701660,2025-06-07 04:11,legacy_zoho,0,1,0.0,0,train_split
WC701661,2025-06-07 05:42,legacy_zoho,0,1,0.0,0,train_split
WC701662,2025-06-07 05:47,legacy_zoho,0,1,0.0,0,train_split
WC701663,2025-06-07 06:18,legacy_zoho,1,2,96.0,0,train_split
WC701664,2025-06-07 08:46,legacy_zoho,0,1,0.0,0,train_split
WC701665,2025-06-07 11:06,legacy_zoho,0,1,0.0,0,train_split
WC701666,2025-06-07 11:09,legacy_zoho,0,1,0.0,0,train_split
WC701667,2025-06-07 11:11,legacy_zoho,0,1,0.0,0,train_split
WC701668,2025-06-07 11:50,legacy_zoho,0,1,0.0,0,train_split
WC701669,2025-06-07 11:59,legacy_zoho,0,1,0.0,0,train_split
WC701670,2025-06-07 12:32,legacy_zoho,0,1,0.0,0,train_split
WC701671,2025-06-07 13:00,legacy_zoho,0,1,0.0,0,train_split
WC701672,2025-06-07 14:55,legacy_zoho,0,1,0.0,0,train_split
WC701673,2025-06-07 16:02,legacy_zoho,0,1,0.0,0,train_split
WC701674,2025-06-07 16:32,legacy_zoho,0,1,0.0,0,train_split
WC701675,2025-06-07 16:38,legacy_zoho,0,1,0.0,0,train_split
WC701676,2025-06-07 22:15,legacy_zoho,0,1,0.0,0,train_split
WC701677,2025-06-07 23:31,legacy_zoho,0,1,0.0,0,train_split
WC701678,2025-06-08 01:51,legacy_zoho,0,1,0.0,0,train_split
WC701679,2025-06-08 04:40,legacy_zoho,0,1,0.0,0,train_split
WC701680,2025-06-08 05:02,legacy_zoho,0,1,0.0,0,train_split
WC701681,2025-06-08 07:02,legacy_zoho,0,1,0.0,0,train_split
WC701682,2025-06-08 07:36,legacy_zoho,0,1,0.0,0,train_split
WC701683,2025-06-08 08:38,legacy_zoho,0,1,0.0,0,train_split
WC701684,2025-06-08 08:56,legacy_zoho,0,1,0.0,0,train_split
WC701685,2025-06-08 09:00,legacy_zoho,1,2,96.0,0,train_split
WC701686,2025-06-08 11:29,legacy_zoho,0,1,0.0,0,train_split
WC701687,2025-06-08 12:12,legacy_zoho,0,1,0.0,0,train_split
WC701688,2025-06-08 14:16,legacy_zoho,0,1,0.0,0,train_split
WC701689,2025-06-08 15:22,legacy_zoho,0,1,0.0,0,train_split
WC701690,2025-06-08 16:55,legacy_zoho,0,1,0.0,0,train_split
WC701691,2025-06-08 17:21,legacy_zoho,0,1,0.0,0,train_split
WC701692,2025-06-08 21:02,legacy_zoho,0,1,0.0,0,train_split
WC701693,2025-06-08 22:56,legacy_zoho,0,1,0.0,0,train_split
WC701694,2025-06-08 23:02,legacy_zoho,0,1,0.0,0,train_split
WC701695,2025-06-09 01:01,legacy_zoho,0,1,0.0,0,train_split
WC701696,2025-06-09 02:21,legacy_zoho,0,1,0.0,0,train_split
WC701697,2025-06-09 02:30,legacy_zoho,0,1,0.0,0,train_split
WC701698,2025-06-09 03:20,legacy_zoho,0,1,0.0,0,train_split
WC701699,2025-06-09 04:12,legacy_zoho,0,1,0.0,0,train_split
WC701700,2025-06-09 04:36,legacy_zoho,0,1,0.0,0,train_split
WC701701,2025-06-09 05:18,legacy_zoho,0,1,0.0,0,train_split
WC701702,2025-06-09 06:50,legacy_zoho,0,1,0.0,0,train_split
WC701703,2025-06-09 11:24,legacy_zoho,0,1,0.0,0,train_split
WC701704,2025-06-09 13:18,legacy_zoho,0,1,0.0,0,train_split
WC701705,2025-06-09 14:10,legacy_zoho,0,1,0.0,0,train_split
WC701706,2025-06-09 16:00,legacy_zoho,0,1,0.0,0,train_split
WC701707,2025-06-09 16:00,legacy_zoho,0,1,0.0,0,train_split
WC701708,2025-06-09 17:39,legacy_zoho,0,1,0.0,0,train_split
WC701709,2025-06-09 17:47,legacy_zoho,0,1,0.0,0,train_split
WC701710,2025-06-09 17:52,legacy_zoho,0,1,0.0,0,train_split
WC701711,2025-06-09 19:19,legacy_zoho,0,1,0.0,0,train_split
WC701712,2025-06-09 19:20,legacy_zoho,0,1,0.0,0,train_split
WC701713,2025-06-09 19:39,legacy_zoho,0,1,0.0,0,train_split
WC701714,2025-06-09 19:47,legacy_zoho,0,1,0.0,0,train_split
WC701715,2025-06-09 19:52,legacy_zoho,0,1,0.0,0,train_split
WC701716,2025-06-09 21:17,legacy_zoho,0,1,0.0,0,train_split
WC701717,2025-06-09 21:52,legacy_zoho,0,1,0.0,0,train_split
WC701718,2025-06-09 22:16,legacy_zoho,0,1,0.0,0,train_split
WC701719,2025-06-09 22:18,legacy_zoho,0,1,0.0,0,train_split
WC701720,2025-06-09 23:32,legacy_zoho,0,1,0.0,0,train_split
WC701721,2025-06-10 00:31,legacy_zoho,0,1,0.0,0,train_split
WC701722,2025-06-10 00:40,legacy_zoho,0,1,0.0,0,train_split
WC701723,2025-06-10 01:43,legacy_zoho,0,1,0.0,0,train_split
WC701724,2025-06-10 05:21,legacy_zoho,0,1,0.0,0,train_split
WC701725,2025-06-10 05:55,legacy_zoho,0,1,0.0,0,train_split
WC701726,2025-06-10 05:57,legacy_zoho,1,2,24.0,0,train_split
WC701727,2025-06-10 06:34,legacy_zoho,0,1,0.0,0,train_split
WC701728,2025-06-10 07:22,legacy_zoho,0,1,0.0,0,train_split
WC701729,2025-06-10 07:51,legacy_zoho,0,1,0.0,0,train_split
WC701730,2025-06-10 09:25,legacy_zoho,0,1,0.0,0,train_split
WC701731,2025-06-10 10:23,legacy_zoho,0,1,0.0,0,train_split
WC701732,2025-06-10 12:10,legacy_zoho,0,1,0.0,0,train_split
WC701733,2025-06-10 12:21,legacy_zoho,0,1,0.0,0,train_split
WC701734,2025-06-10 12:32,legacy_zoho,0,1,0.0,0,train_split
WC701735,2025-06-10 12:37,legacy_zoho,0,1,0.0,0,train_split
WC701736,2025-06-10 13:20,legacy_zoho,0,1,0.0,0,train_split
WC701737,2025-06-10 13:41,legacy_zoho,0,1,0.0,0,train_split
WC701738,2025-06-10 14:04,legacy_zoho,0,1,0.0,0,train_split
WC701739,2025-06-10 14:06,legacy_zoho,0,1,0.0,0,train_split
WC701740,2025-06-10 14:20,legacy_zoho,0,1,0.0,0,train_split
WC701741,2025-06-10 16:06,legacy_zoho,0,1,0.0,0,train_split
WC701742,2025-06-10 16:25,legacy_zoho,0,1,0.0,0,train_split
WC701743,2025-06-10 17:00,legacy_zoho,1,2,48.0,0,train_split
WC701744,2025-06-10 17:59,legacy_zoho,1,2,24.0,0,train_split
WC701745,2025-06-10 19:14,legacy_zoho,0,1,0.0,0,train_split
WC701746,2025-06-10 19:59,legacy_zoho,0,1,0.0,0,train_split
WC701747,2025-06-10 20:22,legacy_zoho,0,1,0.0,0,train_split
WC701748,2025-06-10 21:02,legacy_zoho,0,1,0.0,0,train_split
WC701749,2025-06-10 21:04,legacy_zoho,0,1,0.0,0,train_split
WC701750,2025-06-10 21:38,legacy_zoho,0,1,0.0,0,train_split
WC701751,2025-06-10 23:31,legacy_zoho,0,1,0.0,0,train_split
WC701752,2025-06-11 00:11,legacy_zoho,0,1,0.0,0,train_split
WC701753,2025-06-11 00:35,legacy_zoho,0,1,0.0,0,train_split
WC701754,2025-06-11 00:52,legacy_zoho,0,1,0.0,0,train_split
WC701755,2025-06-11 02:21,legacy_zoho,1,2,24.0,0,train_split
WC701756,2025-06-11 02:52,legacy_zoho,0,1,0.0,0,train_split
WC701757,2025-06-11 04:13,legacy_zoho,0,1,0.0,0,train_split
WC701758,2025-06-11 04:58,legacy_zoho,0,1,0.0,0,train_split
WC701759,2025-06-11 06:03,legacy_zoho,0,1,0.0,0,train_split
WC701760,2025-06-11 07:00,legacy_zoho,0,1,0.0,0,train_split
WC701761,2025-06-11 07:28,legacy_zoho,0,1,0.0,0,train_split
WC701762,2025-06-11 07:53,legacy_zoho,0,1,0.0,0,train_split
WC701763,2025-06-11 08:10,legacy_zoho,1,2,24.0,0,train_split
WC701764,2025-06-11 08:41,legacy_zoho,0,1,0.0,0,train_split
WC701765,2025-06-11 09:02,legacy_zoho,0,1,0.0,0,train_split
WC701766,2025-06-11 10:17,legacy_zoho,0,1,0.0,0,train_split
WC701767,2025-06-11 10:58,legacy_zoho,0,1,0.0,0,train_split
WC701768,2025-06-11 12:11,legacy_zoho,0,1,0.0,0,train_split
WC701769,2025-06-11 12:23,legacy_zoho,0,1,0.0,0,train_split
WC701770,2025-06-11 12:37,legacy_zoho,0,1,0.0,0,train_split
WC701771,2025-06-11 12:38,legacy_zoho,0,1,0.0,0,train_split
WC701772,2025-06-11 15:57,legacy_zoho,0,1,0.0,0,train_split
WC701773,2025-06-11 16:17,legacy_zoho,1,2,72.0,0,train_split
WC701774,2025-06-11 17:43,legacy_zoho,0,1,0.0,0,train_split
WC701775,2025-06-11 18:53,legacy_zoho,0,1,0.0,0,train_split
WC701776,2025-06-11 20:58,legacy_zoho,0,1,0.0,0,train_split
WC701777,2025-06-11 21:47,legacy_zoho,1,2,120.0,0,train_split
WC701778,2025-06-11 21:53,legacy_zoho,0,1,0.0,0,train_split
WC701779,2025-06-11 22:07,legacy_zoho,0,1,0.0,0,train_split
WC701780,2025-06-11 23:59,legacy_zoho,0,1,0.0,0,train_split
WC701781,2025-06-12 00:39,legacy_zoho,0,1,0.0,0,train_split
WC701782,2025-06-12 01:18,legacy_zoho,0,1,0.0,0,train_split
WC701783,2025-06-12 01:26,legacy_zoho,0,1,0.0,0,train_split
WC701784,2025-06-12 04:01,legacy_zoho,0,1,0.0,0,train_split
WC701785,2025-06-12 04:49,legacy_zoho,0,1,0.0,0,train_split
WC701786,2025-06-12 05:22,legacy_zoho,0,1,0.0,0,train_split
WC701787,2025-06-12 07:28,legacy_zoho,0,1,0.0,0,train_split
WC701788,2025-06-12 08:57,legacy_zoho,0,1,0.0,0,train_split
WC701789,2025-06-12 11:06,legacy_zoho,0,1,0.0,0,train_split
WC701790,2025-06-12 11:37,legacy_zoho,0,1,0.0,0,train_split
WC701791,2025-06-12 12:24,legacy_zoho,0,1,0.0,0,train_split
WC701792,2025-06-12 13:49,legacy_zoho,0,1,0.0,0,train_split
WC701793,2025-06-12 14:46,legacy_zoho,0,1,0.0,0,train_split
WC701794,2025-06-12 15:29,legacy_zoho,0,1,0.0,0,train_split
WC701795,2025-06-12 18:02,legacy_zoho,0,1,0.0,0,train_split
WC701796,2025-06-12 18:47,legacy_zoho,0,1,0.0,0,train_split
WC701797,2025-06-12 20:19,legacy_zoho,0,1,0.0,0,train_split
WC701798,2025-06-12 20:56,legacy_zoho,0,1,0.0,0,train_split
WC701799,2025-06-12 21:14,legacy_zoho,0,1,0.0,0,train_split
WC701800,2025-06-12 21:36,legacy_zoho,0,1,0.0,0,train_split
WC701801,2025-06-12 21:56,legacy_zoho,0,1,0.0,0,train_split
WC701802,2025-06-12 22:15,legacy_zoho,1,2,96.0,0,train_split
WC701803,2025-06-12 22:55,legacy_zoho,0,1,0.0,0,train_split
WC701804,2025-06-12 23:47,legacy_zoho,0,1,0.0,0,train_split
WC701805,2025-06-13 00:08,legacy_zoho,0,1,0.0,0,train_split
WC701806,2025-06-13 00:46,legacy_zoho,0,1,0.0,0,train_split
WC701807,2025-06-13 02:34,legacy_zoho,0,1,0.0,0,train_split
WC701808,2025-06-13 03:07,legacy_zoho,0,1,0.0,0,train_split
WC701809,2025-06-13 06:49,legacy_zoho,0,1,0.0,0,train_split
WC701810,2025-06-13 06:58,legacy_zoho,0,1,0.0,0,train_split
WC701811,2025-06-13 09:23,legacy_zoho,0,1,0.0,0,train_split
WC701812,2025-06-13 09:42,legacy_zoho,0,1,0.0,0,train_split
WC701813,2025-06-13 10:08,legacy_zoho,0,1,0.0,0,train_split
WC701814,2025-06-13 10:42,legacy_zoho,0,1,0.0,0,train_split
WC701815,2025-06-13 12:30,legacy_zoho,0,1,0.0,0,train_split
WC701816,2025-06-13 12:32,legacy_zoho,0,1,0.0,0,train_split
WC701817,2025-06-13 12:42,legacy_zoho,0,1,0.0,0,train_split
WC701818,2025-06-13 12:54,legacy_zoho,0,1,0.0,0,train_split
WC701819,2025-06-13 13:13,legacy_zoho,0,1,0.0,0,train_split
WC701820,2025-06-13 17:16,legacy_zoho,0,1,0.0,0,train_split
WC701821,2025-06-13 18:11,legacy_zoho,0,1,0.0,0,train_split
WC701822,2025-06-13 18:21,legacy_zoho,0,1,0.0,0,train_split
WC701823,2025-06-13 19:27,legacy_zoho,0,1,0.0,0,train_split
WC701824,2025-06-13 19:30,legacy_zoho,0,1,0.0,0,train_split
WC701825,2025-06-14 01:41,legacy_zoho,0,1,0.0,0,train_split
WC701826,2025-06-14 03:07,legacy_zoho,1,2,120.0,0,train_split
WC701827,2025-06-14 03:52,legacy_zoho,0,1,0.0,0,train_split
WC701828,2025-06-14 07:11,legacy_zoho,0,1,0.0,0,train_split
WC701829,2025-06-14 08:30,legacy_zoho,0,1,0.0,0,train_split
WC701830,2025-06-14 12:15,legacy_zoho,0,1,0.0,0,train_split
WC701831,2025-06-14 12:28,legacy_zoho,0,1,0.0,1,train_split
WC701832,2025-06-14 15:49,legacy_zoho,0,1,0.0,0,train_split
WC701833,2025-06-14 16:44,legacy_zoho,0,1,0.0,0,train_split
WC701834,2025-06-14 16:49,legacy_zoho,1,2,72.0,0,train_split
WC701835,2025-06-14 17:08,legacy_zoho,0,1,0.0,0,train_split
WC701836,2025-06-14 18:09,legacy_zoho,0,1,0.0,0,train_split
WC701837,2025-06-14 18:32,legacy_zoho,0,1,0.0,1,train_split
WC701838,2025-06-14 18:32,legacy_zoho,0,1,0.0,0,train_split
WC701839,2025-06-14 19:13,legacy_zoho,0,1,0.0,0,train_split
WC701840,2025-06-14 20:01,legacy_zoho,0,1,0.0,0,train_split
WC701841,2025-06-14 20:44,legacy_zoho,0,1,0.0,1,train_split
WC701842,2025-06-15 00:44,legacy_zoho,0,1,0.0,0,train_split
WC701843,2025-06-15 02:35,legacy_zoho,0,1,0.0,0,train_split
WC701844,2025-06-15 03:07,legacy_zoho,0,1,0.0,0,train_split
WC701845,2025-06-15 03:12,legacy_zoho,0,1,0.0,0,train_split
WC701846,2025-06-15 03:27,legacy_zoho,0,1,0.0,0,train_split
WC701847,2025-06-15 04:16,legacy_zoho,0,1,0.0,0,train_split
WC701848,2025-06-15 05:20,legacy_zoho,0,1,0.0,0,train_split
WC701849,2025-06-15 05:39,legacy_zoho,0,1,0.0,0,train_split
WC701850,2025-06-15 08:41,legacy_zoho,0,1,0.0,0,train_split
WC701851,2025-06-15 11:05,legacy_zoho,0,1,0.0,0,train_split
WC701852,2025-06-15 11:30,legacy_zoho,0,1,0.0,0,train_split
WC701853,2025-06-15 12:12,legacy_zoho,0,1,0.0,0,train_split
WC701854,2025-06-15 12:25,legacy_zoho,0,1,0.0,0,train_split
WC701855,2025-06-15 12:47,legacy_zoho,0,1,0.0,0,train_split
WC701856,2025-06-15 13:29,legacy_zoho,0,1,0.0,0,train_split
WC701857,2025-06-15 13:38,legacy_zoho,1,2,24.0,0,train_split
WC701858,2025-06-15 15:21,legacy_zoho,0,1,0.0,0,train_split
WC701859,2025-06-15 15:25,legacy_zoho,1,2,24.0,0,train_split
WC701860,2025-06-15 15:33,legacy_zoho,0,1,0.0,0,train_split
WC701861,2025-06-15 16:35,legacy_zoho,0,1,0.0,0,train_split
WC701862,2025-06-15 20:55,legacy_zoho,0,1,0.0,0,train_split
WC701863,2025-06-15 21:57,legacy_zoho,0,1,0.0,0,train_split
WC701864,2025-06-15 21:58,legacy_zoho,0,1,0.0,0,train_split
WC701865,2025-06-15 22:11,legacy_zoho,0,1,0.0,0,train_split
WC701866,2025-06-15 22:11,legacy_zoho,0,1,0.0,0,train_split
WC701867,2025-06-15 23:29,legacy_zoho,0,1,0.0,0,train_split
WC701868,2025-06-16 00:22,legacy_zoho,0,1,0.0,0,train_split
WC701869,2025-06-16 00:52,legacy_zoho,0,1,0.0,0,train_split
WC701870,2025-06-16 02:29,legacy_zoho,0,1,0.0,0,train_split
WC701871,2025-06-16 04:45,legacy_zoho,0,1,0.0,0,train_split
WC701872,2025-06-16 05:06,legacy_zoho,0,1,0.0,0,train_split
WC701873,2025-06-16 06:01,legacy_zoho,0,1,0.0,0,train_split
WC701874,2025-06-16 06:20,legacy_zoho,0,1,0.0,0,train_split
WC701875,2025-06-16 07:12,legacy_zoho,0,1,0.0,0,train_split
WC701876,2025-06-16 08:28,legacy_zoho,0,1,0.0,0,train_split
WC701877,2025-06-16 10:59,legacy_zoho,0,1,0.0,0,train_split
WC701878,2025-06-16 11:29,legacy_zoho,1,2,120.0,0,train_split
WC701879,2025-06-16 13:58,legacy_zoho,0,1,0.0,0,train_split
WC701880,2025-06-16 14:24,legacy_zoho,1,2,96.0,0,train_split
WC701881,2025-06-16 15:02,legacy_zoho,0,1,0.0,0,train_split
WC701882,2025-06-16 15:20,legacy_zoho,0,1,0.0,0,train_split
WC701883,2025-06-16 15:25,legacy_zoho,0,1,0.0,0,train_split
WC701884,2025-06-16 15:29,legacy_zoho,0,1,0.0,0,train_split
WC701885,2025-06-16 15:35,legacy_zoho,0,1,0.0,0,train_split
WC701886,2025-06-16 16:02,legacy_zoho,0,1,0.0,0,train_split
WC701887,2025-06-16 16:18,legacy_zoho,0,1,0.0,0,train_split
WC701888,2025-06-16 17:33,legacy_zoho,0,1,0.0,0,train_split
WC701889,2025-06-16 17:35,legacy_zoho,0,1,0.0,0,train_split
WC701890,2025-06-16 18:48,legacy_zoho,1,2,120.0,0,train_split
WC701891,2025-06-16 20:20,legacy_zoho,0,1,0.0,0,train_split
WC701892,2025-06-16 20:22,legacy_zoho,0,1,0.0,0,train_split
WC701893,2025-06-16 21:11,legacy_zoho,0,1,0.0,0,train_split
WC701894,2025-06-16 23:25,legacy_zoho,0,1,0.0,0,train_split
WC701895,2025-06-17 00:22,legacy_zoho,0,1,0.0,0,train_split
WC701896,2025-06-17 00:58,legacy_zoho,0,1,0.0,0,train_split
WC701897,2025-06-17 01:35,legacy_zoho,0,1,0.0,0,train_split
WC701898,2025-06-17 03:05,legacy_zoho,0,1,0.0,0,train_split
WC701899,2025-06-17 04:34,legacy_zoho,0,1,0.0,0,train_split
WC701900,2025-06-17 04:38,legacy_zoho,0,1,0.0,0,train_split
WC701901,2025-06-17 05:21,legacy_zoho,0,1,0.0,0,train_split
WC701902,2025-06-17 05:27,legacy_zoho,0,1,0.0,0,train_split
WC701903,2025-06-17 05:42,legacy_zoho,0,1,0.0,0,train_split
WC701904,2025-06-17 06:04,legacy_zoho,0,1,0.0,0,train_split
WC701905,2025-06-17 06:24,legacy_zoho,0,1,0.0,0,train_split
WC701906,2025-06-17 07:59,legacy_zoho,0,1,0.0,0,train_split
WC701907,2025-06-17 08:27,legacy_zoho,1,2,24.0,0,train_split
WC701908,2025-06-17 08:28,legacy_zoho,0,1,0.0,0,train_split
WC701909,2025-06-17 09:30,legacy_zoho,0,1,0.0,0,train_split
WC701910,2025-06-17 09:48,legacy_zoho,0,1,0.0,0,train_split
WC701911,2025-06-17 10:39,legacy_zoho,1,2,72.0,0,train_split
WC701912,2025-06-17 11:54,legacy_zoho,0,1,0.0,0,train_split
WC701913,2025-06-17 12:08,legacy_zoho,0,1,0.0,0,train_split
WC701914,2025-06-17 12:38,legacy_zoho,0,1,0.0,0,train_split
WC701915,2025-06-17 14:02,legacy_zoho,0,1,0.0,0,train_split
WC701916,2025-06-17 15:42,legacy_zoho,0,1,0.0,0,train_split
WC701917,2025-06-17 15:55,legacy_zoho,0,1,0.0,0,train_split
WC701918,2025-06-17 17:01,legacy_zoho,0,1,0.0,0,train_split
WC701919,2025-06-17 18:09,legacy_zoho,0,1,0.0,0,train_split
WC701920,2025-06-17 18:48,legacy_zoho,0,1,0.0,0,train_split
WC701921,2025-06-17 20:01,legacy_zoho,1,2,48.0,0,train_split
WC701922,2025-06-17 20:14,legacy_zoho,0,1,0.0,0,train_split
WC701923,2025-06-17 21:44,legacy_zoho,0,1,0.0,0,train_split
WC701924,2025-06-17 23:03,legacy_zoho,0,1,0.0,0,train_split
WC701925,2025-06-17 23:25,legacy_zoho,0,1,0.0,0,train_split
WC701926,2025-06-18 00:53,legacy_zoho,0,1,0.0,0,train_split
WC701927,2025-06-18 02:40,legacy_zoho,0,1,0.0,0,train_split
WC701928,2025-06-18 04:00,legacy_zoho,0,1,0.0,0,train_split
WC701929,2025-06-18 04:03,legacy_zoho,0,1,0.0,0,train_split
WC701930,2025-06-18 05:02,legacy_zoho,0,1,0.0,0,train_split
WC701931,2025-06-18 05:15,legacy_zoho,0,1,0.0,0,train_split
WC701932,2025-06-18 05:31,legacy_zoho,0,1,0.0,0,train_split
WC701933,2025-06-18 07:24,legacy_zoho,0,1,0.0,0,train_split
WC701934,2025-06-18 08:47,legacy_zoho,0,1,0.0,0,train_split
WC701935,2025-06-18 10:05,legacy_zoho,0,1,0.0,0,train_split
WC701936,2025-06-18 10:34,legacy_zoho,0,1,0.0,0,train_split
WC701937,2025-06-18 11:51,legacy_zoho,0,1,0.0,0,train_split
WC701938,2025-06-18 12:12,legacy_zoho,0,1,0.0,0,train_split
WC701939,2025-06-18 12:21,legacy_zoho,0,1,0.0,0,train_split
WC701940,2025-06-18 13:34,legacy_zoho,0,1,0.0,0,train_split
WC701941,2025-06-18 13:34,legacy_zoho,0,1,0.0,0,train_split
WC701942,2025-06-18 15:47,legacy_zoho,0,1,0.0,0,train_split
WC701943,2025-06-18 15:50,legacy_zoho,0,1,0.0,0,train_split
WC701944,2025-06-18 17:02,legacy_zoho,0,1,0.0,0,train_split
WC701945,2025-06-18 17:19,legacy_zoho,0,1,0.0,0,train_split
WC701946,2025-06-18 18:42,legacy_zoho,0,1,0.0,0,train_split
WC701947,2025-06-18 21:22,legacy_zoho,0,1,0.0,0,train_split
WC701948,2025-06-18 23:07,legacy_zoho,0,1,0.0,0,train_split
WC701949,2025-06-18 23:43,legacy_zoho,0,1,0.0,0,train_split
WC701950,2025-06-18 23:55,legacy_zoho,0,1,0.0,0,train_split
WC701951,2025-06-19 00:14,legacy_zoho,0,1,0.0,0,train_split
WC701952,2025-06-19 00:15,legacy_zoho,0,1,0.0,0,train_split
WC701953,2025-06-19 00:45,legacy_zoho,0,1,0.0,0,train_split
WC701954,2025-06-19 01:12,legacy_zoho,0,1,0.0,0,train_split
WC701955,2025-06-19 02:33,legacy_zoho,0,1,0.0,0,train_split
WC701956,2025-06-19 03:14,legacy_zoho,0,1,0.0,0,train_split
WC701957,2025-06-19 03:36,legacy_zoho,0,1,0.0,0,train_split
WC701958,2025-06-19 04:24,legacy_zoho,0,1,0.0,0,train_split
WC701959,2025-06-19 05:51,legacy_zoho,0,1,0.0,0,train_split
WC701960,2025-06-19 06:11,legacy_zoho,0,1,0.0,0,train_split
WC701961,2025-06-19 06:13,legacy_zoho,0,1,0.0,0,train_split
WC701962,2025-06-19 06:22,legacy_zoho,0,1,0.0,1,train_split
WC701963,2025-06-19 08:22,legacy_zoho,0,1,0.0,0,train_split
WC701964,2025-06-19 09:13,legacy_zoho,1,2,120.0,0,train_split
WC701965,2025-06-19 09:37,legacy_zoho,0,1,0.0,0,train_split
WC701966,2025-06-19 09:47,legacy_zoho,0,1,0.0,0,train_split
WC701967,2025-06-19 09:50,legacy_zoho,0,1,0.0,0,train_split
WC701968,2025-06-19 10:04,legacy_zoho,1,2,24.0,0,train_split
WC701969,2025-06-19 10:26,legacy_zoho,0,1,0.0,0,train_split
WC701970,2025-06-19 12:38,legacy_zoho,0,1,0.0,0,train_split
WC701971,2025-06-19 12:57,legacy_zoho,0,1,0.0,0,train_split
WC701972,2025-06-19 13:54,legacy_zoho,0,1,0.0,0,train_split
WC701973,2025-06-19 14:46,legacy_zoho,0,1,0.0,0,train_split
WC701974,2025-06-19 16:53,legacy_zoho,0,1,0.0,0,train_split
WC701975,2025-06-19 17:17,legacy_zoho,0,1,0.0,0,train_split
WC701976,2025-06-19 17:35,legacy_zoho,0,1,0.0,1,train_split
WC701977,2025-06-19 18:00,legacy_zoho,0,1,0.0,0,train_split
WC701978,2025-06-19 18:00,legacy_zoho,0,1,0.0,0,train_split
WC701979,2025-06-19 20:22,legacy_zoho,0,1,0.0,0,train_split
WC701980,2025-06-19 22:37,legacy_zoho,0,1,0.0,0,train_split
WC701981,2025-06-19 23:18,legacy_zoho,0,1,0.0,0,train_split
WC701982,2025-06-19 23:49,legacy_zoho,0,1,0.0,0,train_split
WC701983,2025-06-20 00:39,legacy_zoho,0,1,0.0,0,train_split
WC701984,2025-06-20 00:53,legacy_zoho,0,1,0.0,0,train_split
WC701985,2025-06-20 01:14,legacy_zoho,0,1,0.0,0,train_split
WC701986,2025-06-20 02:41,legacy_zoho,0,1,0.0,0,train_split
WC701987,2025-06-20 04:41,legacy_zoho,0,1,0.0,0,train_split
WC701988,2025-06-20 05:00,legacy_zoho,0,1,0.0,0,train_split
WC701989,2025-06-20 05:03,legacy_zoho,0,1,0.0,0,train_split
WC701990,2025-06-20 05:42,legacy_zoho,1,2,48.0,0,train_split
WC701991,2025-06-20 06:34,legacy_zoho,0,1,0.0,0,train_split
WC701992,2025-06-20 06:49,legacy_zoho,0,1,0.0,0,train_split
WC701993,2025-06-20 09:27,legacy_zoho,0,1,0.0,0,train_split
WC701994,2025-06-20 10:21,legacy_zoho,0,1,0.0,0,train_split
WC701995,2025-06-20 11:03,legacy_zoho,0,1,0.0,0,train_split
WC701996,2025-06-20 12:04,legacy_zoho,0,1,0.0,1,train_split
WC701997,2025-06-20 14:29,legacy_zoho,0,1,0.0,0,train_split
WC701998,2025-06-20 14:42,legacy_zoho,0,1,0.0,0,train_split
WC701999,2025-06-20 16:37,legacy_zoho,0,1,0.0,0,train_split
WC702000,2025-06-20 17:03,legacy_zoho,0,1,0.0,0,train_split
WC702001,2025-06-20 18:35,legacy_zoho,0,1,0.0,0,train_split
WC702002,2025-06-20 18:43,legacy_zoho,0,1,0.0,0,train_split
WC702003,2025-06-20 19:23,legacy_zoho,0,1,0.0,0,train_split
WC702004,2025-06-20 19:44,legacy_zoho,0,1,0.0,0,train_split
WC702005,2025-06-20 21:42,legacy_zoho,1,2,96.0,0,train_split
WC702006,2025-06-20 21:47,legacy_zoho,0,1,0.0,0,train_split
WC702007,2025-06-20 22:21,legacy_zoho,0,1,0.0,0,train_split
WC702008,2025-06-20 22:27,legacy_zoho,0,1,0.0,0,train_split
WC702009,2025-06-21 00:34,legacy_zoho,0,1,0.0,0,train_split
WC702010,2025-06-21 01:01,legacy_zoho,0,1,0.0,0,train_split
WC702011,2025-06-21 02:13,legacy_zoho,0,1,0.0,0,train_split
WC702012,2025-06-21 04:21,legacy_zoho,0,1,0.0,0,train_split
WC702013,2025-06-21 04:36,legacy_zoho,0,1,0.0,0,train_split
WC702014,2025-06-21 07:14,legacy_zoho,0,1,0.0,0,train_split
WC702015,2025-06-21 07:50,legacy_zoho,0,1,0.0,0,train_split
WC702016,2025-06-21 08:44,legacy_zoho,0,1,0.0,0,train_split
WC702017,2025-06-21 09:40,legacy_zoho,0,1,0.0,0,train_split
WC702018,2025-06-21 10:35,legacy_zoho,0,1,0.0,0,train_split
WC702019,2025-06-21 10:39,legacy_zoho,0,1,0.0,0,train_split
WC702020,2025-06-21 11:56,legacy_zoho,0,1,0.0,0,train_split
WC702021,2025-06-21 12:10,legacy_zoho,0,1,0.0,0,train_split
WC702022,2025-06-21 12:45,legacy_zoho,0,1,0.0,0,train_split
WC702023,2025-06-21 15:20,legacy_zoho,0,1,0.0,0,train_split
WC702024,2025-06-21 15:46,legacy_zoho,0,1,0.0,0,train_split
WC702025,2025-06-21 17:57,legacy_zoho,0,1,0.0,0,train_split
WC702026,2025-06-21 18:00,legacy_zoho,0,1,0.0,0,train_split
WC702027,2025-06-21 18:19,legacy_zoho,0,1,0.0,0,train_split
WC702028,2025-06-21 18:47,legacy_zoho,0,1,0.0,0,train_split
WC702029,2025-06-21 18:51,legacy_zoho,0,1,0.0,0,train_split
WC702030,2025-06-21 18:58,legacy_zoho,0,1,0.0,0,train_split
WC702031,2025-06-21 20:00,legacy_zoho,0,1,0.0,0,train_split
WC702032,2025-06-21 20:57,legacy_zoho,0,1,0.0,0,train_split
WC702033,2025-06-21 21:22,legacy_zoho,0,1,0.0,0,train_split
WC702034,2025-06-22 02:11,legacy_zoho,0,1,0.0,0,train_split
WC702035,2025-06-22 02:36,legacy_zoho,0,1,0.0,0,train_split
WC702036,2025-06-22 03:31,legacy_zoho,1,2,48.0,0,train_split
WC702037,2025-06-22 03:38,legacy_zoho,0,1,0.0,0,train_split
WC702038,2025-06-22 03:44,legacy_zoho,0,1,0.0,0,train_split
WC702039,2025-06-22 04:25,legacy_zoho,0,1,0.0,0,train_split
WC702040,2025-06-22 04:37,legacy_zoho,0,1,0.0,0,train_split
WC702041,2025-06-22 04:42,legacy_zoho,0,1,0.0,0,train_split
WC702042,2025-06-22 05:02,legacy_zoho,0,1,0.0,0,train_split
WC702043,2025-06-22 05:08,legacy_zoho,0,1,0.0,0,train_split
WC702044,2025-06-22 05:15,legacy_zoho,0,1,0.0,0,train_split
WC702045,2025-06-22 07:58,legacy_zoho,0,1,0.0,0,train_split
WC702046,2025-06-22 08:36,legacy_zoho,0,1,0.0,0,train_split
WC702047,2025-06-22 09:27,legacy_zoho,0,1,0.0,0,train_split
WC702048,2025-06-22 10:25,legacy_zoho,0,1,0.0,0,train_split
WC702049,2025-06-22 10:32,legacy_zoho,0,1,0.0,0,train_split
WC702050,2025-06-22 11:26,legacy_zoho,0,1,0.0,0,train_split
WC702051,2025-06-22 15:20,legacy_zoho,0,1,0.0,0,train_split
WC702052,2025-06-22 18:03,legacy_zoho,0,1,0.0,0,train_split
WC702053,2025-06-22 19:01,legacy_zoho,0,1,0.0,0,train_split
WC702054,2025-06-22 19:21,legacy_zoho,0,1,0.0,0,train_split
WC702055,2025-06-22 19:32,legacy_zoho,1,2,24.0,0,train_split
WC702056,2025-06-22 19:33,legacy_zoho,0,1,0.0,0,train_split
WC702057,2025-06-22 20:12,legacy_zoho,0,1,0.0,0,train_split
WC702058,2025-06-22 20:27,legacy_zoho,0,1,0.0,0,train_split
WC702059,2025-06-22 22:14,legacy_zoho,0,1,0.0,0,train_split
WC702060,2025-06-22 22:38,legacy_zoho,0,1,0.0,0,train_split
WC702061,2025-06-23 00:00,legacy_zoho,0,1,0.0,0,train_split
WC702062,2025-06-23 01:31,legacy_zoho,0,1,0.0,0,train_split
WC702063,2025-06-23 02:10,legacy_zoho,0,1,0.0,0,train_split
WC702064,2025-06-23 02:28,legacy_zoho,0,1,0.0,0,train_split
WC702065,2025-06-23 04:43,legacy_zoho,0,1,0.0,0,train_split
WC702066,2025-06-23 05:15,legacy_zoho,1,2,120.0,0,train_split
WC702067,2025-06-23 05:19,legacy_zoho,0,1,0.0,0,train_split
WC702068,2025-06-23 06:46,legacy_zoho,0,1,0.0,0,train_split
WC702069,2025-06-23 07:45,legacy_zoho,0,1,0.0,0,train_split
WC702070,2025-06-23 08:45,legacy_zoho,0,1,0.0,0,train_split
WC702071,2025-06-23 09:03,legacy_zoho,0,1,0.0,0,train_split
WC702072,2025-06-23 09:47,legacy_zoho,0,1,0.0,0,train_split
WC702073,2025-06-23 09:50,legacy_zoho,0,1,0.0,0,train_split
WC702074,2025-06-23 10:21,legacy_zoho,0,1,0.0,0,train_split
WC702075,2025-06-23 10:47,legacy_zoho,0,1,0.0,0,train_split
WC702076,2025-06-23 11:22,legacy_zoho,0,1,0.0,0,train_split
WC702077,2025-06-23 12:05,legacy_zoho,0,1,0.0,0,train_split
WC702078,2025-06-23 13:08,legacy_zoho,0,1,0.0,0,train_split
WC702079,2025-06-23 15:52,legacy_zoho,1,2,120.0,0,train_split
WC702080,2025-06-23 16:07,legacy_zoho,0,1,0.0,0,train_split
WC702081,2025-06-23 16:34,legacy_zoho,0,1,0.0,0,train_split
WC702082,2025-06-23 16:59,legacy_zoho,0,1,0.0,0,train_split
WC702083,2025-06-23 17:07,legacy_zoho,0,1,0.0,0,train_split
WC702084,2025-06-23 19:06,legacy_zoho,0,1,0.0,0,train_split
WC702085,2025-06-23 19:23,legacy_zoho,0,1,0.0,0,train_split
WC702086,2025-06-23 20:02,legacy_zoho,0,1,0.0,0,train_split
WC702087,2025-06-23 22:34,legacy_zoho,0,1,0.0,0,train_split
WC702088,2025-06-24 02:01,legacy_zoho,0,1,0.0,0,train_split
WC702089,2025-06-24 03:04,legacy_zoho,0,1,0.0,0,train_split
WC702090,2025-06-24 04:46,legacy_zoho,0,1,0.0,0,train_split
WC702091,2025-06-24 06:39,legacy_zoho,0,1,0.0,0,train_split
WC702092,2025-06-24 07:12,legacy_zoho,0,1,0.0,0,train_split
WC702093,2025-06-24 08:18,legacy_zoho,0,1,0.0,0,train_split
WC702094,2025-06-24 09:08,legacy_zoho,0,1,0.0,0,train_split
WC702095,2025-06-24 09:24,legacy_zoho,0,1,0.0,0,train_split
WC702096,2025-06-24 09:56,legacy_zoho,0,1,0.0,0,train_split
WC702097,2025-06-24 10:53,legacy_zoho,0,1,0.0,0,train_split
WC702098,2025-06-24 12:26,legacy_zoho,0,1,0.0,0,train_split
WC702099,2025-06-24 14:37,legacy_zoho,0,1,0.0,0,train_split
WC702100,2025-06-24 14:39,legacy_zoho,0,1,0.0,0,train_split
WC702101,2025-06-24 15:31,legacy_zoho,0,1,0.0,0,train_split
WC702102,2025-06-24 17:54,legacy_zoho,0,1,0.0,0,train_split
WC702103,2025-06-24 18:12,legacy_zoho,0,1,0.0,0,train_split
WC702104,2025-06-24 19:17,legacy_zoho,0,1,0.0,0,train_split
WC702105,2025-06-24 19:27,legacy_zoho,0,1,0.0,0,train_split
WC702106,2025-06-24 20:22,legacy_zoho,0,1,0.0,0,train_split
WC702107,2025-06-24 20:53,legacy_zoho,0,1,0.0,0,train_split
WC702108,2025-06-24 22:15,legacy_zoho,0,1,0.0,0,train_split
WC702109,2025-06-24 22:52,legacy_zoho,0,1,0.0,0,train_split
WC702110,2025-06-24 23:47,legacy_zoho,0,1,0.0,0,train_split
WC702111,2025-06-24 23:51,legacy_zoho,0,1,0.0,0,train_split
WC702112,2025-06-25 00:16,legacy_zoho,0,1,0.0,0,train_split
WC702113,2025-06-25 01:07,legacy_zoho,0,1,0.0,0,train_split
WC702114,2025-06-25 01:15,legacy_zoho,0,1,0.0,0,train_split
WC702115,2025-06-25 04:35,legacy_zoho,0,1,0.0,0,train_split
WC702116,2025-06-25 05:22,legacy_zoho,0,1,0.0,0,train_split
WC702117,2025-06-25 05:43,legacy_zoho,0,1,0.0,0,train_split
WC702118,2025-06-25 05:54,legacy_zoho,0,1,0.0,0,train_split
WC702119,2025-06-25 06:31,legacy_zoho,0,1,0.0,1,train_split
WC702120,2025-06-25 06:45,legacy_zoho,0,1,0.0,0,train_split
WC702121,2025-06-25 06:57,legacy_zoho,0,1,0.0,0,train_split
WC702122,2025-06-25 07:36,legacy_zoho,0,1,0.0,0,train_split
WC702123,2025-06-25 09:22,legacy_zoho,0,1,0.0,0,train_split
WC702124,2025-06-25 09:55,legacy_zoho,0,1,0.0,0,train_split
WC702125,2025-06-25 11:13,legacy_zoho,0,1,0.0,0,train_split
WC702126,2025-06-25 11:34,legacy_zoho,0,1,0.0,0,train_split
WC702127,2025-06-25 11:59,legacy_zoho,0,1,0.0,0,train_split
WC702128,2025-06-25 12:31,legacy_zoho,0,1,0.0,0,train_split
WC702129,2025-06-25 12:50,legacy_zoho,0,1,0.0,0,train_split
WC702130,2025-06-25 13:50,legacy_zoho,1,2,48.0,0,train_split
WC702131,2025-06-25 16:39,legacy_zoho,0,1,0.0,0,train_split
WC702132,2025-06-25 17:58,legacy_zoho,0,1,0.0,0,train_split
WC702133,2025-06-25 18:09,legacy_zoho,0,1,0.0,0,train_split
WC702134,2025-06-25 18:31,legacy_zoho,0,1,0.0,0,train_split
WC702135,2025-06-25 18:35,legacy_zoho,0,1,0.0,0,train_split
WC702136,2025-06-25 19:25,legacy_zoho,0,1,0.0,0,train_split
WC702137,2025-06-25 19:44,legacy_zoho,0,1,0.0,0,train_split
WC702138,2025-06-25 20:45,legacy_zoho,0,1,0.0,0,train_split
WC702139,2025-06-25 22:27,legacy_zoho,1,2,120.0,0,train_split
WC702141,2025-06-25 22:40,legacy_zoho,0,1,0.0,0,train_split
WC702140,2025-06-25 22:40,legacy_zoho,0,1,0.0,0,train_split
WC702142,2025-06-25 23:06,legacy_zoho,0,1,0.0,0,train_split
WC702143,2025-06-26 00:01,legacy_zoho,0,1,0.0,0,train_split
WC702144,2025-06-26 01:51,legacy_zoho,0,1,0.0,0,train_split
WC702145,2025-06-26 02:29,legacy_zoho,0,1,0.0,0,train_split
WC702146,2025-06-26 03:40,legacy_zoho,0,1,0.0,0,train_split
WC702147,2025-06-26 04:25,legacy_zoho,0,1,0.0,0,train_split
WC702148,2025-06-26 04:35,legacy_zoho,0,1,0.0,0,train_split
WC702149,2025-06-26 05:40,legacy_zoho,0,1,0.0,0,train_split
WC702150,2025-06-26 05:44,legacy_zoho,1,2,96.0,0,train_split
WC702151,2025-06-26 06:27,legacy_zoho,0,1,0.0,0,train_split
WC702152,2025-06-26 06:30,legacy_zoho,0,1,0.0,0,train_split
WC702153,2025-06-26 07:27,legacy_zoho,0,1,0.0,0,train_split
WC702154,2025-06-26 07:36,legacy_zoho,0,1,0.0,0,train_split
WC702155,2025-06-26 07:42,legacy_zoho,0,1,0.0,0,train_split
WC702156,2025-06-26 07:51,legacy_zoho,0,1,0.0,0,train_split
WC702157,2025-06-26 08:15,legacy_zoho,1,2,48.0,0,train_split
WC702158,2025-06-26 09:13,legacy_zoho,0,1,0.0,0,train_split
WC702159,2025-06-26 09:25,legacy_zoho,0,1,0.0,0,train_split
WC702160,2025-06-26 09:38,legacy_zoho,0,1,0.0,0,train_split
WC702161,2025-06-26 10:10,legacy_zoho,0,1,0.0,0,train_split
WC702162,2025-06-26 10:15,legacy_zoho,0,1,0.0,0,train_split
WC702163,2025-06-26 10:39,legacy_zoho,0,1,0.0,0,train_split
WC702164,2025-06-26 11:00,legacy_zoho,0,1,0.0,0,train_split
WC702165,2025-06-26 11:09,legacy_zoho,0,1,0.0,0,train_split
WC702166,2025-06-26 11:23,legacy_zoho,0,1,0.0,0,train_split
WC702167,2025-06-26 11:36,legacy_zoho,0,1,0.0,0,train_split
WC702168,2025-06-26 15:21,legacy_zoho,0,1,0.0,0,train_split
WC702169,2025-06-26 15:47,legacy_zoho,0,1,0.0,0,train_split
WC702170,2025-06-26 16:09,legacy_zoho,0,1,0.0,0,train_split
WC702171,2025-06-26 16:29,legacy_zoho,0,1,0.0,0,train_split
WC702172,2025-06-26 16:47,legacy_zoho,0,1,0.0,0,train_split
WC702173,2025-06-26 17:29,legacy_zoho,0,1,0.0,0,train_split
WC702174,2025-06-26 17:34,legacy_zoho,1,2,72.0,0,train_split
WC702175,2025-06-26 18:05,legacy_zoho,0,1,0.0,0,train_split
WC702176,2025-06-26 22:55,legacy_zoho,0,1,0.0,0,train_split
WC702177,2025-06-26 23:03,legacy_zoho,0,1,0.0,0,train_split
WC702178,2025-06-26 23:36,legacy_zoho,0,1,0.0,0,train_split
WC702179,2025-06-26 23:59,legacy_zoho,0,1,0.0,0,train_split
WC702180,2025-06-27 00:39,legacy_zoho,0,1,0.0,0,train_split
WC702181,2025-06-27 00:41,legacy_zoho,0,1,0.0,0,train_split
WC702182,2025-06-27 01:02,legacy_zoho,0,1,0.0,0,train_split
WC702183,2025-06-27 02:27,legacy_zoho,0,1,0.0,0,train_split
WC702184,2025-06-27 05:13,legacy_zoho,0,1,0.0,0,train_split
WC702185,2025-06-27 05:35,legacy_zoho,0,1,0.0,0,train_split
WC702186,2025-06-27 05:55,legacy_zoho,0,1,0.0,0,train_split
WC702187,2025-06-27 06:45,legacy_zoho,0,1,0.0,0,train_split
WC702188,2025-06-27 07:20,legacy_zoho,0,1,0.0,0,train_split
WC702189,2025-06-27 07:29,legacy_zoho,0,1,0.0,0,train_split
WC702190,2025-06-27 08:10,legacy_zoho,0,1,0.0,0,train_split
WC702191,2025-06-27 08:55,legacy_zoho,0,1,0.0,0,train_split
WC702192,2025-06-27 09:37,legacy_zoho,0,1,0.0,0,train_split
WC702193,2025-06-27 09:41,legacy_zoho,0,1,0.0,0,train_split
WC702194,2025-06-27 10:20,legacy_zoho,0,1,0.0,0,train_split
WC702195,2025-06-27 10:34,legacy_zoho,0,1,0.0,0,train_split
WC702196,2025-06-27 10:52,legacy_zoho,0,1,0.0,0,train_split
WC702197,2025-06-27 11:23,legacy_zoho,0,1,0.0,0,train_split
WC702198,2025-06-27 12:22,legacy_zoho,0,1,0.0,0,train_split
WC702199,2025-06-27 13:22,legacy_zoho,0,1,0.0,0,train_split
WC702200,2025-06-27 19:29,legacy_zoho,0,1,0.0,0,train_split
WC702201,2025-06-27 19:29,legacy_zoho,0,1,0.0,0,train_split
WC702202,2025-06-27 19:44,legacy_zoho,1,2,96.0,0,train_split
WC702203,2025-06-27 20:46,legacy_zoho,0,1,0.0,0,train_split
WC702204,2025-06-27 21:05,legacy_zoho,0,1,0.0,0,train_split
WC702205,2025-06-27 21:32,legacy_zoho,0,1,0.0,0,train_split
WC702206,2025-06-27 21:44,legacy_zoho,0,1,0.0,0,train_split
WC702207,2025-06-28 00:01,legacy_zoho,0,1,0.0,0,train_split
WC702208,2025-06-28 00:07,legacy_zoho,0,1,0.0,0,train_split
WC702209,2025-06-28 03:12,legacy_zoho,0,1,0.0,0,train_split
WC702210,2025-06-28 03:43,legacy_zoho,0,1,0.0,0,train_split
WC702211,2025-06-28 06:04,legacy_zoho,0,1,0.0,0,train_split
WC702212,2025-06-28 06:09,legacy_zoho,0,1,0.0,1,train_split
WC702213,2025-06-28 09:38,legacy_zoho,0,1,0.0,0,train_split
WC702214,2025-06-28 10:34,legacy_zoho,0,1,0.0,0,train_split
WC702215,2025-06-28 11:57,legacy_zoho,0,1,0.0,0,train_split
WC702216,2025-06-28 14:15,legacy_zoho,0,1,0.0,0,train_split
WC702217,2025-06-28 14:58,legacy_zoho,0,1,0.0,0,train_split
WC702218,2025-06-28 16:00,legacy_zoho,0,1,0.0,0,train_split
WC702219,2025-06-28 17:39,legacy_zoho,0,1,0.0,0,train_split
WC702220,2025-06-28 17:42,legacy_zoho,0,1,0.0,0,train_split
WC702221,2025-06-28 23:39,legacy_zoho,0,1,0.0,0,train_split
WC702222,2025-06-28 23:40,legacy_zoho,0,1,0.0,0,train_split
WC702223,2025-06-29 01:26,legacy_zoho,1,2,24.0,0,train_split
WC702224,2025-06-29 01:42,legacy_zoho,0,1,0.0,0,train_split
WC702225,2025-06-29 02:47,legacy_zoho,0,1,0.0,0,train_split
WC702226,2025-06-29 05:36,legacy_zoho,0,1,0.0,0,train_split
WC702227,2025-06-29 06:16,legacy_zoho,0,1,0.0,0,train_split
WC702228,2025-06-29 07:29,legacy_zoho,0,1,0.0,0,train_split
WC702229,2025-06-29 07:39,legacy_zoho,0,1,0.0,0,train_split
WC702230,2025-06-29 08:50,legacy_zoho,0,1,0.0,0,train_split
WC702231,2025-06-29 09:14,legacy_zoho,0,1,0.0,0,train_split
WC702232,2025-06-29 09:16,legacy_zoho,0,1,0.0,0,train_split
WC702233,2025-06-29 09:28,legacy_zoho,0,1,0.0,0,train_split
WC702234,2025-06-29 09:34,legacy_zoho,0,1,0.0,0,train_split
WC702235,2025-06-29 09:42,legacy_zoho,0,1,0.0,0,train_split
WC702236,2025-06-29 11:21,legacy_zoho,0,1,0.0,0,train_split
WC702237,2025-06-29 13:26,legacy_zoho,0,1,0.0,0,train_split
WC702238,2025-06-29 13:37,legacy_zoho,0,1,0.0,0,train_split
WC702239,2025-06-29 13:51,legacy_zoho,0,1,0.0,0,train_split
WC702240,2025-06-29 14:32,legacy_zoho,0,1,0.0,0,train_split
WC702241,2025-06-29 15:07,legacy_zoho,0,1,0.0,0,train_split
WC702242,2025-06-29 15:52,legacy_zoho,0,1,0.0,0,train_split
WC702243,2025-06-29 16:05,legacy_zoho,0,1,0.0,0,train_split
WC702244,2025-06-29 18:48,legacy_zoho,0,1,0.0,0,train_split
WC702245,2025-06-29 18:49,legacy_zoho,1,2,24.0,0,train_split
WC702246,2025-06-29 19:37,legacy_zoho,0,1,0.0,0,train_split
WC702247,2025-06-29 23:37,legacy_zoho,0,1,0.0,0,train_split
WC702248,2025-06-29 23:49,legacy_zoho,0,1,0.0,0,train_split
WC702249,2025-06-30 00:37,legacy_zoho,0,1,0.0,0,train_split
WC702250,2025-06-30 02:09,legacy_zoho,0,1,0.0,0,train_split
WC702251,2025-06-30 02:36,legacy_zoho,0,1,0.0,0,train_split
WC702252,2025-06-30 03:17,legacy_zoho,0,1,0.0,0,train_split
WC702253,2025-06-30 03:18,legacy_zoho,0,1,0.0,0,train_split
WC702254,2025-06-30 04:45,legacy_zoho,0,1,0.0,0,train_split
WC702255,2025-06-30 08:01,legacy_zoho,0,1,0.0,0,train_split
WC702256,2025-06-30 08:16,legacy_zoho,0,1,0.0,0,train_split
WC702257,2025-06-30 08:46,legacy_zoho,0,1,0.0,0,train_split
WC702258,2025-06-30 10:36,legacy_zoho,0,1,0.0,0,train_split
WC702259,2025-06-30 10:37,legacy_zoho,0,1,0.0,0,train_split
WC702260,2025-06-30 11:13,legacy_zoho,0,1,0.0,0,train_split
WC702261,2025-06-30 11:19,legacy_zoho,1,2,72.0,0,train_split
WC702262,2025-06-30 11:51,legacy_zoho,0,1,0.0,0,train_split
WC702263,2025-06-30 11:52,legacy_zoho,0,1,0.0,0,train_split
WC702264,2025-06-30 11:57,legacy_zoho,0,1,0.0,0,train_split
WC702265,2025-06-30 11:59,legacy_zoho,0,1,0.0,0,train_split
WC702266,2025-06-30 12:12,legacy_zoho,0,1,0.0,0,train_split
WC702267,2025-06-30 12:34,legacy_zoho,0,1,0.0,0,train_split
WC702268,2025-06-30 12:42,legacy_zoho,0,1,0.0,0,train_split
WC702269,2025-06-30 12:52,legacy_zoho,0,1,0.0,0,train_split
WC702270,2025-06-30 13:38,legacy_zoho,0,1,0.0,0,train_split
WC702271,2025-06-30 14:54,legacy_zoho,0,1,0.0,0,train_split
WC702272,2025-06-30 15:26,legacy_zoho,0,1,0.0,0,train_split
WC702273,2025-06-30 16:13,legacy_zoho,0,1,0.0,0,train_split
WC702274,2025-06-30 17:10,legacy_zoho,0,1,0.0,0,train_split
WC702275,2025-06-30 17:11,legacy_zoho,0,1,0.0,0,train_split
WC702276,2025-06-30 17:40,legacy_zoho,0,1,0.0,0,train_split
WC702277,2025-06-30 18:16,legacy_zoho,0,1,0.0,0,train_split
WC702278,2025-06-30 19:30,legacy_zoho,1,2,96.0,0,train_split
WC702279,2025-06-30 19:43,legacy_zoho,0,1,0.0,0,train_split
WC702280,2025-06-30 20:18,legacy_zoho,0,1,0.0,0,train_split
WC702281,2025-06-30 22:16,legacy_zoho,1,2,96.0,0,train_split
WC702282,2025-06-30 23:59,legacy_zoho,0,1,0.0,0,train_split
WC702283,2025-07-01 00:37,legacy_zoho,0,1,0.0,0,train_split
WC702284,2025-07-01 01:55,legacy_zoho,0,1,0.0,0,train_split
WC702285,2025-07-01 02:19,legacy_zoho,0,1,0.0,0,train_split
WC702286,2025-07-01 02:28,legacy_zoho,0,1,0.0,0,train_split
WC702287,2025-07-01 03:17,legacy_zoho,0,1,0.0,0,train_split
WC702288,2025-07-01 04:12,legacy_zoho,0,1,0.0,0,train_split
WC702289,2025-07-01 05:08,legacy_zoho,0,1,0.0,0,train_split
WC702290,2025-07-01 05:39,legacy_zoho,0,1,0.0,0,train_split
WC702291,2025-07-01 06:40,legacy_zoho,0,1,0.0,0,train_split
WC702292,2025-07-01 07:05,legacy_zoho,0,1,0.0,1,train_split
WC702293,2025-07-01 07:35,legacy_zoho,0,1,0.0,0,train_split
WC702294,2025-07-01 07:40,legacy_zoho,0,1,0.0,0,train_split
WC702295,2025-07-01 08:04,legacy_zoho,0,1,0.0,0,train_split
WC702296,2025-07-01 09:35,legacy_zoho,0,1,0.0,0,train_split
WC702297,2025-07-01 10:58,legacy_zoho,0,1,0.0,0,train_split
WC702298,2025-07-01 11:21,legacy_zoho,0,1,0.0,0,train_split
WC702299,2025-07-01 12:14,legacy_zoho,0,1,0.0,0,train_split
WC702300,2025-07-01 14:47,legacy_zoho,0,1,0.0,0,train_split
WC702301,2025-07-01 17:50,legacy_zoho,0,1,0.0,0,train_split
WC702302,2025-07-01 18:18,legacy_zoho,0,1,0.0,0,train_split
WC702303,2025-07-01 18:34,legacy_zoho,0,1,0.0,0,train_split
WC702304,2025-07-01 19:02,legacy_zoho,0,1,0.0,0,train_split
WC702305,2025-07-01 19:29,legacy_zoho,0,1,0.0,0,train_split
WC702306,2025-07-01 20:06,legacy_zoho,0,1,0.0,0,train_split
WC702307,2025-07-01 20:12,legacy_zoho,0,1,0.0,0,train_split
WC702308,2025-07-01 21:49,legacy_zoho,0,1,0.0,0,train_split
WC702309,2025-07-01 21:58,legacy_zoho,0,1,0.0,0,train_split
WC702310,2025-07-02 05:34,legacy_zoho,0,1,0.0,0,train_split
WC702311,2025-07-02 06:02,legacy_zoho,0,1,0.0,0,train_split
WC702312,2025-07-02 07:07,legacy_zoho,0,1,0.0,0,train_split
WC702313,2025-07-02 10:31,legacy_zoho,0,1,0.0,0,train_split
WC702314,2025-07-02 11:19,legacy_zoho,0,1,0.0,0,train_split
WC702315,2025-07-02 11:52,legacy_zoho,1,2,24.0,0,train_split
WC702316,2025-07-02 12:16,legacy_zoho,0,1,0.0,0,train_split
WC702317,2025-07-02 12:44,legacy_zoho,0,1,0.0,0,train_split
WC702318,2025-07-02 13:35,legacy_zoho,0,1,0.0,0,train_split
WC702319,2025-07-02 13:43,legacy_zoho,0,1,0.0,0,train_split
WC702320,2025-07-02 14:06,legacy_zoho,1,2,48.0,0,train_split
WC702321,2025-07-02 14:09,legacy_zoho,0,1,0.0,0,train_split
WC702322,2025-07-02 14:47,legacy_zoho,0,1,0.0,0,train_split
WC702323,2025-07-02 16:41,legacy_zoho,0,1,0.0,0,train_split
WC702324,2025-07-02 17:44,legacy_zoho,0,1,0.0,0,train_split
WC702325,2025-07-02 19:31,legacy_zoho,0,1,0.0,0,train_split
WC702326,2025-07-02 19:46,legacy_zoho,0,1,0.0,0,train_split
WC702327,2025-07-02 19:49,legacy_zoho,0,1,0.0,0,train_split
WC702328,2025-07-02 21:42,legacy_zoho,0,1,0.0,0,train_split
WC702329,2025-07-02 21:57,legacy_zoho,0,1,0.0,0,train_split
WC702330,2025-07-03 00:58,legacy_zoho,0,1,0.0,0,train_split
WC702331,2025-07-03 02:30,legacy_zoho,0,1,0.0,0,train_split
WC702332,2025-07-03 02:30,legacy_zoho,0,1,0.0,0,train_split
WC702333,2025-07-03 02:30,legacy_zoho,0,1,0.0,0,train_split
WC702334,2025-07-03 02:46,legacy_zoho,0,1,0.0,0,train_split
WC702335,2025-07-03 03:43,legacy_zoho,0,1,0.0,0,train_split
WC702336,2025-07-03 03:48,legacy_zoho,0,1,0.0,0,train_split
WC702337,2025-07-03 05:00,legacy_zoho,0,1,0.0,0,train_split
WC702338,2025-07-03 05:03,legacy_zoho,0,1,0.0,0,train_split
WC702339,2025-07-03 05:07,legacy_zoho,0,1,0.0,0,train_split
WC702340,2025-07-03 05:08,legacy_zoho,0,1,0.0,0,train_split
WC702341,2025-07-03 05:31,legacy_zoho,0,1,0.0,0,train_split
WC702342,2025-07-03 07:46,legacy_zoho,0,1,0.0,0,train_split
WC702344,2025-07-03 10:54,legacy_zoho,0,1,0.0,0,train_split
WC702343,2025-07-03 10:54,legacy_zoho,0,1,0.0,0,train_split
WC702345,2025-07-03 15:27,legacy_zoho,1,2,72.0,0,train_split
WC702346,2025-07-03 15:45,legacy_zoho,0,1,0.0,0,train_split
WC702347,2025-07-03 15:47,legacy_zoho,0,1,0.0,0,train_split
WC702348,2025-07-03 17:19,legacy_zoho,0,1,0.0,0,train_split
WC702349,2025-07-03 17:59,legacy_zoho,0,1,0.0,0,train_split
WC702350,2025-07-03 18:10,legacy_zoho,0,1,0.0,0,train_split
WC702351,2025-07-03 21:04,legacy_zoho,0,1,0.0,0,train_split
WC702352,2025-07-03 21:55,legacy_zoho,0,1,0.0,0,train_split
WC702353,2025-07-03 22:31,legacy_zoho,0,1,0.0,0,train_split
WC702354,2025-07-03 22:33,legacy_zoho,0,1,0.0,0,train_split
WC702355,2025-07-03 23:35,legacy_zoho,0,1,0.0,0,train_split
WC702356,2025-07-03 23:43,legacy_zoho,0,1,0.0,0,train_split
WC702357,2025-07-04 00:30,legacy_zoho,1,2,120.0,0,train_split
WC702358,2025-07-04 00:46,legacy_zoho,0,1,0.0,0,train_split
WC702359,2025-07-04 01:13,legacy_zoho,0,1,0.0,1,train_split
WC702360,2025-07-04 02:44,legacy_zoho,0,1,0.0,0,train_split
WC702361,2025-07-04 03:58,legacy_zoho,0,1,0.0,0,train_split
WC702362,2025-07-04 05:07,legacy_zoho,0,1,0.0,0,train_split
WC702363,2025-07-04 05:10,legacy_zoho,0,1,0.0,0,train_split
WC702364,2025-07-04 05:22,legacy_zoho,0,1,0.0,0,train_split
WC702365,2025-07-04 06:48,legacy_zoho,0,1,0.0,0,train_split
WC702366,2025-07-04 08:51,legacy_zoho,0,1,0.0,0,train_split
WC702367,2025-07-04 10:22,legacy_zoho,0,1,0.0,0,train_split
WC702368,2025-07-04 11:59,legacy_zoho,0,1,0.0,0,train_split
WC702369,2025-07-04 12:52,legacy_zoho,0,1,0.0,0,train_split
WC702370,2025-07-04 12:55,legacy_zoho,0,1,0.0,0,train_split
WC702371,2025-07-04 14:54,legacy_zoho,0,1,0.0,0,train_split
WC702372,2025-07-04 15:42,legacy_zoho,0,1,0.0,0,train_split
WC702373,2025-07-04 16:32,legacy_zoho,0,1,0.0,0,train_split
WC702374,2025-07-04 16:58,legacy_zoho,0,1,0.0,0,train_split
WC702375,2025-07-04 18:31,legacy_zoho,0,1,0.0,0,train_split
WC702376,2025-07-04 18:31,legacy_zoho,0,1,0.0,0,train_split
WC702377,2025-07-04 19:05,legacy_zoho,0,1,0.0,0,train_split
WC702378,2025-07-04 19:48,legacy_zoho,0,1,0.0,0,train_split
WC702379,2025-07-04 20:23,legacy_zoho,0,1,0.0,0,train_split
WC702380,2025-07-04 20:57,legacy_zoho,0,1,0.0,0,train_split
WC702381,2025-07-04 21:01,legacy_zoho,0,1,0.0,0,train_split
WC702382,2025-07-04 21:05,legacy_zoho,0,1,0.0,0,train_split
WC702383,2025-07-04 22:03,legacy_zoho,0,1,0.0,0,train_split
WC702384,2025-07-04 22:41,legacy_zoho,0,1,0.0,0,train_split
WC702385,2025-07-04 23:11,legacy_zoho,0,1,0.0,0,train_split
WC702386,2025-07-05 00:45,legacy_zoho,0,1,0.0,0,train_split
WC702387,2025-07-05 02:47,legacy_zoho,0,1,0.0,0,train_split
WC702388,2025-07-05 03:35,legacy_zoho,0,1,0.0,0,train_split
WC702389,2025-07-05 05:43,legacy_zoho,0,1,0.0,0,train_split
WC702390,2025-07-05 06:01,legacy_zoho,0,1,0.0,0,train_split
WC702391,2025-07-05 06:04,legacy_zoho,0,1,0.0,0,train_split
WC702392,2025-07-05 07:28,legacy_zoho,0,1,0.0,0,train_split
WC702393,2025-07-05 07:53,legacy_zoho,0,1,0.0,0,train_split
WC702394,2025-07-05 10:01,legacy_zoho,0,1,0.0,0,train_split
WC702395,2025-07-05 10:31,legacy_zoho,0,1,0.0,0,train_split
WC702396,2025-07-05 11:09,legacy_zoho,0,1,0.0,0,train_split
WC702397,2025-07-05 11:25,legacy_zoho,0,1,0.0,0,train_split
WC702398,2025-07-05 11:36,legacy_zoho,0,1,0.0,0,train_split
WC702399,2025-07-05 13:03,legacy_zoho,0,1,0.0,0,train_split
WC702400,2025-07-05 15:06,legacy_zoho,0,1,0.0,0,train_split
WC702401,2025-07-05 15:36,legacy_zoho,0,1,0.0,0,train_split
WC702402,2025-07-05 15:38,legacy_zoho,0,1,0.0,0,train_split
WC702403,2025-07-05 19:14,legacy_zoho,0,1,0.0,0,train_split
WC702404,2025-07-05 19:23,legacy_zoho,1,2,96.0,0,train_split
WC702405,2025-07-05 19:39,legacy_zoho,0,1,0.0,0,train_split
WC702406,2025-07-05 20:06,legacy_zoho,0,1,0.0,0,train_split
WC702407,2025-07-05 22:13,legacy_zoho,0,1,0.0,0,train_split
WC702408,2025-07-06 00:00,legacy_zoho,0,1,0.0,0,train_split
WC702409,2025-07-06 00:51,legacy_zoho,0,1,0.0,0,train_split
WC702410,2025-07-06 01:29,legacy_zoho,0,1,0.0,0,train_split
WC702411,2025-07-06 01:46,legacy_zoho,0,1,0.0,0,train_split
WC702412,2025-07-06 02:10,legacy_zoho,0,1,0.0,0,train_split
WC702413,2025-07-06 02:56,legacy_zoho,0,1,0.0,0,train_split
WC702414,2025-07-06 03:24,legacy_zoho,0,1,0.0,0,train_split
WC702415,2025-07-06 04:54,legacy_zoho,0,1,0.0,0,train_split
WC702416,2025-07-06 05:26,legacy_zoho,1,2,72.0,0,train_split
WC702417,2025-07-06 05:40,legacy_zoho,0,1,0.0,0,train_split
WC702418,2025-07-06 06:01,legacy_zoho,0,1,0.0,0,train_split
WC702419,2025-07-06 09:11,legacy_zoho,0,1,0.0,0,train_split
WC702420,2025-07-06 11:20,legacy_zoho,0,1,0.0,0,train_split
WC702421,2025-07-06 13:08,legacy_zoho,0,1,0.0,0,train_split
WC702422,2025-07-06 13:30,legacy_zoho,0,1,0.0,0,train_split
WC702423,2025-07-06 14:09,legacy_zoho,0,1,0.0,0,train_split
WC702424,2025-07-06 16:05,legacy_zoho,0,1,0.0,0,train_split
WC702425,2025-07-06 17:16,legacy_zoho,0,1,0.0,0,train_split
WC702426,2025-07-06 18:01,legacy_zoho,0,1,0.0,0,train_split
WC702427,2025-07-06 19:13,legacy_zoho,0,1,0.0,0,train_split
WC702428,2025-07-06 19:18,legacy_zoho,0,1,0.0,0,train_split
WC702429,2025-07-06 19:57,legacy_zoho,0,1,0.0,0,train_split
WC702430,2025-07-06 20:07,legacy_zoho,0,1,0.0,0,train_split
WC702431,2025-07-06 20:30,legacy_zoho,0,1,0.0,1,train_split
WC702433,2025-07-06 23:00,legacy_zoho,0,1,0.0,0,train_split
WC702432,2025-07-06 23:00,legacy_zoho,0,1,0.0,0,train_split
WC702434,2025-07-06 23:35,legacy_zoho,0,1,0.0,1,train_split
WC702435,2025-07-06 23:55,legacy_zoho,0,1,0.0,0,train_split
WC702436,2025-07-07 00:39,legacy_zoho,0,1,0.0,0,train_split
WC702437,2025-07-07 01:39,legacy_zoho,0,1,0.0,0,train_split
WC702438,2025-07-07 03:08,legacy_zoho,0,1,0.0,0,train_split
WC702439,2025-07-07 05:38,legacy_zoho,0,1,0.0,0,train_split
WC702440,2025-07-07 06:01,legacy_zoho,0,1,0.0,0,train_split
WC702441,2025-07-07 06:04,legacy_zoho,0,1,0.0,0,train_split
WC702442,2025-07-07 06:11,legacy_zoho,0,1,0.0,0,train_split
WC702443,2025-07-07 07:21,legacy_zoho,0,1,0.0,0,train_split
WC702444,2025-07-07 07:27,legacy_zoho,0,1,0.0,0,train_split
WC702445,2025-07-07 07:59,legacy_zoho,1,2,120.0,0,train_split
WC702446,2025-07-07 11:51,legacy_zoho,0,1,0.0,0,train_split
WC702447,2025-07-07 12:13,legacy_zoho,0,1,0.0,0,train_split
WC702448,2025-07-07 12:42,legacy_zoho,0,1,0.0,0,train_split
WC702449,2025-07-07 12:43,legacy_zoho,0,1,0.0,0,train_split
WC702450,2025-07-07 13:24,legacy_zoho,0,1,0.0,0,train_split
WC702451,2025-07-07 14:35,legacy_zoho,0,1,0.0,0,train_split
WC702452,2025-07-07 15:41,legacy_zoho,0,1,0.0,0,train_split
WC702453,2025-07-07 16:51,legacy_zoho,0,1,0.0,0,train_split
WC702454,2025-07-07 17:04,legacy_zoho,0,1,0.0,0,train_split
WC702455,2025-07-07 18:00,legacy_zoho,0,1,0.0,0,train_split
WC702456,2025-07-07 18:25,legacy_zoho,0,1,0.0,0,train_split
WC702457,2025-07-07 18:35,legacy_zoho,0,1,0.0,0,train_split
WC702458,2025-07-07 19:14,legacy_zoho,0,1,0.0,0,train_split
WC702459,2025-07-07 19:19,legacy_zoho,0,1,0.0,0,train_split
WC702460,2025-07-07 19:40,legacy_zoho,0,1,0.0,0,train_split
WC702461,2025-07-07 19:56,legacy_zoho,0,1,0.0,0,train_split
WC702462,2025-07-07 19:59,legacy_zoho,0,1,0.0,0,train_split
WC702463,2025-07-07 20:24,legacy_zoho,0,1,0.0,0,train_split
WC702464,2025-07-07 21:21,legacy_zoho,0,1,0.0,0,train_split
WC702465,2025-07-07 21:50,legacy_zoho,0,1,0.0,0,train_split
WC702466,2025-07-07 21:53,legacy_zoho,0,1,0.0,0,train_split
WC702467,2025-07-07 22:28,legacy_zoho,0,1,0.0,0,train_split
WC702468,2025-07-07 22:31,legacy_zoho,0,1,0.0,0,train_split
WC702469,2025-07-07 22:36,legacy_zoho,0,1,0.0,0,train_split
WC702470,2025-07-07 23:43,legacy_zoho,0,1,0.0,0,train_split
WC702471,2025-07-08 01:48,legacy_zoho,0,1,0.0,0,train_split
WC702472,2025-07-08 02:13,legacy_zoho,0,1,0.0,0,train_split
WC702473,2025-07-08 02:15,legacy_zoho,0,1,0.0,0,train_split
WC702474,2025-07-08 03:24,legacy_zoho,0,1,0.0,0,train_split
WC702475,2025-07-08 05:27,legacy_zoho,0,1,0.0,0,train_split
WC702476,2025-07-08 06:46,legacy_zoho,0,1,0.0,0,train_split
WC702477,2025-07-08 06:54,legacy_zoho,0,1,0.0,0,train_split
WC702478,2025-07-08 07:12,legacy_zoho,0,1,0.0,0,train_split
WC702479,2025-07-08 08:08,legacy_zoho,0,1,0.0,0,train_split
WC702480,2025-07-08 08:30,legacy_zoho,0,1,0.0,0,train_split
WC702481,2025-07-08 09:20,legacy_zoho,0,1,0.0,0,train_split
WC702482,2025-07-08 10:46,legacy_zoho,0,1,0.0,0,train_split
WC702483,2025-07-08 11:03,legacy_zoho,0,1,0.0,0,train_split
WC702484,2025-07-08 11:38,legacy_zoho,0,1,0.0,0,train_split
WC702485,2025-07-08 12:36,legacy_zoho,0,1,0.0,0,train_split
WC702486,2025-07-08 13:57,legacy_zoho,0,1,0.0,0,train_split
WC702487,2025-07-08 16:02,legacy_zoho,0,1,0.0,0,train_split
WC702488,2025-07-08 16:44,legacy_zoho,0,1,0.0,0,train_split
WC702489,2025-07-08 18:48,legacy_zoho,0,1,0.0,0,train_split
WC702490,2025-07-08 19:23,legacy_zoho,0,1,0.0,0,train_split
WC702491,2025-07-08 19:46,legacy_zoho,0,1,0.0,0,train_split
WC702492,2025-07-08 22:11,legacy_zoho,0,1,0.0,0,train_split
WC702493,2025-07-08 22:45,legacy_zoho,0,1,0.0,0,train_split
WC702494,2025-07-08 23:16,legacy_zoho,0,1,0.0,0,train_split
WC702495,2025-07-09 00:44,legacy_zoho,0,1,0.0,0,train_split
WC702496,2025-07-09 00:57,legacy_zoho,0,1,0.0,0,train_split
WC702497,2025-07-09 03:29,legacy_zoho,0,1,0.0,0,train_split
WC702498,2025-07-09 04:46,legacy_zoho,0,1,0.0,0,train_split
WC702499,2025-07-09 06:53,legacy_zoho,0,1,0.0,0,train_split
WC702500,2025-07-09 06:54,legacy_zoho,0,1,0.0,0,train_split
WC702501,2025-07-09 09:31,legacy_zoho,0,1,0.0,0,train_split
WC702502,2025-07-09 10:00,legacy_zoho,0,1,0.0,0,train_split
WC702503,2025-07-09 10:19,legacy_zoho,0,1,0.0,0,train_split
WC702504,2025-07-09 10:33,legacy_zoho,0,1,0.0,0,train_split
WC702505,2025-07-09 12:39,legacy_zoho,0,1,0.0,0,train_split
WC702506,2025-07-09 13:37,legacy_zoho,0,1,0.0,0,train_split
WC702507,2025-07-09 15:51,legacy_zoho,0,1,0.0,0,train_split
WC702508,2025-07-09 17:27,legacy_zoho,0,1,0.0,0,train_split
WC702509,2025-07-09 17:40,legacy_zoho,0,1,0.0,0,train_split
WC702510,2025-07-09 18:18,legacy_zoho,0,1,0.0,0,train_split
WC702511,2025-07-09 18:43,legacy_zoho,0,1,0.0,0,train_split
WC702512,2025-07-09 19:10,legacy_zoho,0,1,0.0,0,train_split
WC702513,2025-07-09 20:06,legacy_zoho,0,1,0.0,0,train_split
WC702514,2025-07-09 20:39,legacy_zoho,0,1,0.0,0,train_split
WC702515,2025-07-09 20:47,legacy_zoho,0,1,0.0,0,train_split
WC702516,2025-07-09 20:55,legacy_zoho,0,1,0.0,0,train_split
WC702517,2025-07-09 21:29,legacy_zoho,0,1,0.0,0,train_split
WC702518,2025-07-10 01:11,legacy_zoho,0,1,0.0,0,train_split
WC702519,2025-07-10 01:57,legacy_zoho,0,1,0.0,0,train_split
WC702520,2025-07-10 02:01,legacy_zoho,0,1,0.0,0,train_split
WC702521,2025-07-10 02:47,legacy_zoho,0,1,0.0,0,train_split
WC702522,2025-07-10 03:28,legacy_zoho,0,1,0.0,0,train_split
WC702523,2025-07-10 04:07,legacy_zoho,0,1,0.0,0,train_split
WC702524,2025-07-10 06:31,legacy_zoho,0,1,0.0,0,train_split
WC702525,2025-07-10 07:33,legacy_zoho,1,2,72.0,0,train_split
WC702526,2025-07-10 08:19,legacy_zoho,0,1,0.0,0,train_split
WC702527,2025-07-10 10:18,legacy_zoho,0,1,0.0,0,train_split
WC702528,2025-07-10 10:55,legacy_zoho,0,1,0.0,0,train_split
WC702529,2025-07-10 10:58,legacy_zoho,0,1,0.0,0,train_split
WC702530,2025-07-10 11:09,legacy_zoho,0,1,0.0,0,train_split
WC702531,2025-07-10 12:13,legacy_zoho,0,1,0.0,0,train_split
WC702532,2025-07-10 12:45,legacy_zoho,1,2,96.0,0,train_split
WC702533,2025-07-10 13:10,legacy_zoho,0,1,0.0,0,train_split
WC702534,2025-07-10 13:23,legacy_zoho,0,1,0.0,0,train_split
WC702535,2025-07-10 13:42,legacy_zoho,0,1,0.0,0,train_split
WC702536,2025-07-10 15:11,legacy_zoho,0,1,0.0,0,train_split
WC702537,2025-07-10 17:40,legacy_zoho,0,1,0.0,0,train_split
WC702538,2025-07-10 18:19,legacy_zoho,0,1,0.0,0,train_split
WC702539,2025-07-10 19:27,legacy_zoho,0,1,0.0,0,train_split
WC702540,2025-07-10 19:34,legacy_zoho,0,1,0.0,0,train_split
WC702541,2025-07-10 22:15,legacy_zoho,1,2,48.0,0,train_split
WC702542,2025-07-10 23:15,legacy_zoho,0,1,0.0,0,train_split
WC702543,2025-07-11 01:24,legacy_zoho,0,1,0.0,0,train_split
WC702544,2025-07-11 02:30,legacy_zoho,1,2,120.0,0,train_split
WC702545,2025-07-11 04:17,legacy_zoho,0,1,0.0,0,train_split
WC702546,2025-07-11 04:30,legacy_zoho,0,1,0.0,0,train_split
WC702547,2025-07-11 08:01,legacy_zoho,0,1,0.0,0,train_split
WC702548,2025-07-11 08:06,legacy_zoho,0,1,0.0,0,train_split
WC702549,2025-07-11 09:09,legacy_zoho,0,1,0.0,0,train_split
WC702550,2025-07-11 10:18,legacy_zoho,0,1,0.0,0,train_split
WC702551,2025-07-11 11:03,legacy_zoho,0,1,0.0,0,train_split
WC702552,2025-07-11 11:26,legacy_zoho,0,1,0.0,0,train_split
WC702553,2025-07-11 11:36,legacy_zoho,0,1,0.0,1,train_split
WC702554,2025-07-11 11:50,legacy_zoho,0,1,0.0,0,train_split
WC702555,2025-07-11 12:03,legacy_zoho,0,1,0.0,0,train_split
WC702556,2025-07-11 12:26,legacy_zoho,0,1,0.0,0,train_split
WC702557,2025-07-11 12:46,legacy_zoho,0,1,0.0,0,train_split
WC702558,2025-07-11 13:04,legacy_zoho,0,1,0.0,0,train_split
WC702559,2025-07-11 13:36,legacy_zoho,0,1,0.0,0,train_split
WC702560,2025-07-11 13:42,legacy_zoho,0,1,0.0,0,train_split
WC702561,2025-07-11 14:09,legacy_zoho,0,1,0.0,0,train_split
WC702562,2025-07-11 14:38,legacy_zoho,0,1,0.0,0,train_split
WC702563,2025-07-11 16:03,legacy_zoho,0,1,0.0,0,train_split
WC702564,2025-07-11 17:21,legacy_zoho,0,1,0.0,0,train_split
WC702565,2025-07-11 17:37,legacy_zoho,0,1,0.0,0,train_split
WC702567,2025-07-11 18:09,legacy_zoho,0,1,0.0,0,train_split
WC702566,2025-07-11 18:09,legacy_zoho,0,1,0.0,0,train_split
WC702568,2025-07-11 18:55,legacy_zoho,0,1,0.0,0,train_split
WC702569,2025-07-11 21:13,legacy_zoho,0,1,0.0,0,train_split
WC702570,2025-07-11 22:45,legacy_zoho,0,1,0.0,0,train_split
WC702571,2025-07-12 00:32,legacy_zoho,0,1,0.0,0,train_split
WC702572,2025-07-12 03:58,legacy_zoho,0,1,0.0,0,train_split
WC702573,2025-07-12 05:09,legacy_zoho,0,1,0.0,0,train_split
WC702574,2025-07-12 05:46,legacy_zoho,0,1,0.0,0,train_split
WC702575,2025-07-12 08:25,legacy_zoho,0,1,0.0,0,train_split
WC702576,2025-07-12 08:27,legacy_zoho,0,1,0.0,0,train_split
WC702577,2025-07-12 08:36,legacy_zoho,0,1,0.0,0,train_split
WC702578,2025-07-12 09:19,legacy_zoho,0,1,0.0,0,train_split
WC702579,2025-07-12 09:25,legacy_zoho,0,1,0.0,0,train_split
WC702580,2025-07-12 10:24,legacy_zoho,0,1,0.0,0,train_split
WC702581,2025-07-12 12:11,legacy_zoho,0,1,0.0,0,train_split
WC702582,2025-07-12 14:27,legacy_zoho,0,1,0.0,0,train_split
WC702583,2025-07-12 16:57,legacy_zoho,0,1,0.0,0,train_split
WC702584,2025-07-12 18:22,legacy_zoho,0,1,0.0,0,train_split
WC702585,2025-07-12 18:30,legacy_zoho,0,1,0.0,0,train_split
WC702586,2025-07-12 22:58,legacy_zoho,0,1,0.0,0,train_split
WC702587,2025-07-12 23:22,legacy_zoho,0,1,0.0,0,train_split
WC702588,2025-07-12 23:25,legacy_zoho,0,1,0.0,0,train_split
WC702589,2025-07-13 00:14,legacy_zoho,0,1,0.0,0,train_split
WC702590,2025-07-13 02:02,legacy_zoho,0,1,0.0,0,train_split
WC702591,2025-07-13 03:08,legacy_zoho,0,1,0.0,0,train_split
WC702592,2025-07-13 03:56,legacy_zoho,0,1,0.0,0,train_split
WC702593,2025-07-13 06:29,legacy_zoho,0,1,0.0,1,train_split
WC702594,2025-07-13 09:07,legacy_zoho,0,1,0.0,0,train_split
WC702595,2025-07-13 10:20,legacy_zoho,0,1,0.0,0,train_split
WC702596,2025-07-13 11:26,legacy_zoho,0,1,0.0,0,train_split
WC702597,2025-07-13 12:08,legacy_zoho,0,1,0.0,0,train_split
WC702598,2025-07-13 12:28,legacy_zoho,0,1,0.0,0,train_split
WC702599,2025-07-13 12:54,legacy_zoho,0,1,0.0,0,train_split
WC702600,2025-07-13 13:52,legacy_zoho,0,1,0.0,0,train_split
WC702601,2025-07-13 16:42,legacy_zoho,1,2,96.0,0,train_split
WC702602,2025-07-13 17:39,legacy_zoho,0,1,0.0,0,train_split
WC702603,2025-07-13 18:06,legacy_zoho,0,1,0.0,0,train_split
WC702604,2025-07-13 18:27,legacy_zoho,0,1,0.0,0,train_split
WC702605,2025-07-13 20:32,legacy_zoho,0,1,0.0,0,train_split
WC702606,2025-07-13 21:27,legacy_zoho,0,1,0.0,0,train_split
WC702607,2025-07-13 22:15,legacy_zoho,0,1,0.0,0,train_split
WC702608,2025-07-14 00:31,legacy_zoho,0,1,0.0,0,train_split
WC702609,2025-07-14 01:01,legacy_zoho,0,1,0.0,0,train_split
WC702610,2025-07-14 02:52,legacy_zoho,0,1,0.0,0,train_split
WC702611,2025-07-14 03:00,legacy_zoho,0,1,0.0,0,train_split
WC702612,2025-07-14 04:28,legacy_zoho,0,1,0.0,0,train_split
WC702613,2025-07-14 04:41,legacy_zoho,0,1,0.0,0,train_split
WC702614,2025-07-14 04:59,legacy_zoho,0,1,0.0,0,train_split
WC702615,2025-07-14 05:48,legacy_zoho,0,1,0.0,0,train_split
WC702616,2025-07-14 06:20,legacy_zoho,0,1,0.0,0,train_split
WC702617,2025-07-14 06:28,legacy_zoho,0,1,0.0,0,train_split
WC702618,2025-07-14 07:52,legacy_zoho,0,1,0.0,0,train_split
WC702619,2025-07-14 08:03,legacy_zoho,0,1,0.0,0,train_split
WC702620,2025-07-14 08:53,legacy_zoho,0,1,0.0,0,train_split
WC702621,2025-07-14 10:07,legacy_zoho,0,1,0.0,0,train_split
WC702622,2025-07-14 10:12,legacy_zoho,0,1,0.0,0,train_split
WC702623,2025-07-14 10:16,legacy_zoho,0,1,0.0,0,train_split
WC702624,2025-07-14 11:33,legacy_zoho,0,1,0.0,0,train_split
WC702625,2025-07-14 13:01,legacy_zoho,0,1,0.0,0,train_split
WC702626,2025-07-14 14:29,legacy_zoho,0,1,0.0,0,train_split
WC702627,2025-07-14 16:19,legacy_zoho,0,1,0.0,0,train_split
WC702628,2025-07-14 17:11,legacy_zoho,0,1,0.0,0,train_split
WC702629,2025-07-14 17:16,legacy_zoho,0,1,0.0,0,train_split
WC702630,2025-07-14 17:54,legacy_zoho,0,1,0.0,0,train_split
WC702631,2025-07-14 20:02,legacy_zoho,0,1,0.0,0,train_split
WC702632,2025-07-14 20:24,legacy_zoho,1,2,72.0,0,train_split
WC702633,2025-07-14 20:42,legacy_zoho,0,1,0.0,0,train_split
WC702634,2025-07-14 20:59,legacy_zoho,0,1,0.0,0,train_split
WC702635,2025-07-14 21:18,legacy_zoho,0,1,0.0,0,train_split
WC702636,2025-07-14 23:08,legacy_zoho,0,1,0.0,0,train_split
WC702637,2025-07-15 00:22,legacy_zoho,0,1,0.0,0,train_split
WC702638,2025-07-15 00:26,legacy_zoho,0,1,0.0,0,train_split
WC702639,2025-07-15 01:33,legacy_zoho,1,2,96.0,0,train_split
WC702640,2025-07-15 02:31,legacy_zoho,0,1,0.0,0,train_split
WC702641,2025-07-15 02:44,legacy_zoho,0,1,0.0,0,train_split
WC702642,2025-07-15 02:52,legacy_zoho,0,1,0.0,0,train_split
WC702643,2025-07-15 03:46,legacy_zoho,0,1,0.0,0,train_split
WC702644,2025-07-15 05:46,legacy_zoho,0,1,0.0,0,train_split
WC702645,2025-07-15 07:41,legacy_zoho,0,1,0.0,0,train_split
WC702646,2025-07-15 09:15,legacy_zoho,0,1,0.0,0,train_split
WC702647,2025-07-15 09:34,legacy_zoho,0,1,0.0,0,train_split
WC702648,2025-07-15 10:44,legacy_zoho,0,1,0.0,0,train_split
WC702649,2025-07-15 11:41,legacy_zoho,0,1,0.0,0,train_split
WC702650,2025-07-15 11:44,legacy_zoho,0,1,0.0,0,train_split
WC702651,2025-07-15 11:51,legacy_zoho,0,1,0.0,0,train_split
WC702652,2025-07-15 13:45,legacy_zoho,0,1,0.0,0,train_split
WC702653,2025-07-15 15:45,legacy_zoho,0,1,0.0,0,train_split
WC702654,2025-07-15 16:41,legacy_zoho,0,1,0.0,0,train_split
WC702655,2025-07-15 17:34,legacy_zoho,0,1,0.0,0,train_split
WC702656,2025-07-15 18:30,legacy_zoho,0,1,0.0,0,train_split
WC702657,2025-07-15 18:49,legacy_zoho,0,1,0.0,0,train_split
WC702658,2025-07-15 18:58,legacy_zoho,0,1,0.0,0,train_split
WC702659,2025-07-15 19:09,legacy_zoho,0,1,0.0,0,train_split
WC702660,2025-07-15 19:46,legacy_zoho,0,1,0.0,0,train_split
WC702661,2025-07-15 22:23,legacy_zoho,0,1,0.0,0,train_split
WC702662,2025-07-15 22:46,legacy_zoho,0,1,0.0,0,train_split
WC702663,2025-07-15 23:13,legacy_zoho,0,1,0.0,0,train_split
WC702664,2025-07-16 02:38,legacy_zoho,0,1,0.0,0,train_split
WC702665,2025-07-16 02:43,legacy_zoho,0,1,0.0,0,train_split
WC702666,2025-07-16 03:59,legacy_zoho,0,1,0.0,0,train_split
WC702667,2025-07-16 04:15,legacy_zoho,0,1,0.0,0,train_split
WC702668,2025-07-16 04:29,legacy_zoho,0,1,0.0,0,train_split
WC702669,2025-07-16 04:41,legacy_zoho,0,1,0.0,0,train_split
WC702670,2025-07-16 07:53,legacy_zoho,0,1,0.0,0,train_split
WC702671,2025-07-16 08:54,legacy_zoho,0,1,0.0,0,train_split
WC702672,2025-07-16 09:24,legacy_zoho,0,1,0.0,0,train_split
WC702673,2025-07-16 10:26,legacy_zoho,0,1,0.0,0,train_split
WC702675,2025-07-16 10:33,legacy_zoho,0,1,0.0,0,train_split
WC702674,2025-07-16 10:33,legacy_zoho,0,1,0.0,0,train_split
WC702676,2025-07-16 11:10,legacy_zoho,0,1,0.0,0,train_split
WC702677,2025-07-16 13:08,legacy_zoho,0,1,0.0,0,train_split
WC702678,2025-07-16 13:20,legacy_zoho,1,2,24.0,0,train_split
WC702679,2025-07-16 13:57,legacy_zoho,0,1,0.0,0,train_split
WC702680,2025-07-16 14:16,legacy_zoho,0,1,0.0,0,train_split
WC702681,2025-07-16 14:46,legacy_zoho,0,1,0.0,0,train_split
WC702682,2025-07-16 15:20,legacy_zoho,0,1,0.0,0,train_split
WC702683,2025-07-16 16:16,legacy_zoho,1,2,24.0,0,train_split
WC702684,2025-07-16 16:20,legacy_zoho,0,1,0.0,0,train_split
WC702685,2025-07-16 16:41,legacy_zoho,0,1,0.0,0,train_split
WC702686,2025-07-16 17:31,legacy_zoho,0,1,0.0,0,train_split
WC702687,2025-07-16 18:58,legacy_zoho,0,1,0.0,0,train_split
WC702688,2025-07-16 20:35,legacy_zoho,0,1,0.0,1,train_split
WC702689,2025-07-16 20:55,legacy_zoho,0,1,0.0,0,train_split
WC702690,2025-07-16 21:27,legacy_zoho,0,1,0.0,0,train_split
WC702691,2025-07-16 22:33,legacy_zoho,0,1,0.0,0,train_split
WC702692,2025-07-16 22:49,legacy_zoho,0,1,0.0,0,train_split
WC702693,2025-07-17 01:40,legacy_zoho,0,1,0.0,0,train_split
WC702694,2025-07-17 02:53,legacy_zoho,1,2,72.0,0,train_split
WC702695,2025-07-17 05:43,legacy_zoho,0,1,0.0,0,train_split
WC702696,2025-07-17 05:48,legacy_zoho,0,1,0.0,0,train_split
WC702697,2025-07-17 07:02,legacy_zoho,0,1,0.0,0,train_split
WC702698,2025-07-17 07:13,legacy_zoho,0,1,0.0,0,train_split
WC702699,2025-07-17 08:39,legacy_zoho,0,1,0.0,0,train_split
WC702700,2025-07-17 08:47,legacy_zoho,0,1,0.0,0,train_split
WC702701,2025-07-17 09:11,legacy_zoho,0,1,0.0,0,train_split
WC702702,2025-07-17 09:29,legacy_zoho,0,1,0.0,0,train_split
WC702703,2025-07-17 10:25,legacy_zoho,0,1,0.0,0,train_split
WC702704,2025-07-17 10:34,legacy_zoho,0,1,0.0,0,train_split
WC702705,2025-07-17 11:54,legacy_zoho,0,1,0.0,0,train_split
WC702706,2025-07-17 13:51,legacy_zoho,0,1,0.0,0,train_split
WC702707,2025-07-17 14:51,legacy_zoho,0,1,0.0,0,train_split
WC702708,2025-07-17 14:53,legacy_zoho,0,1,0.0,0,train_split
WC702709,2025-07-17 15:35,legacy_zoho,0,1,0.0,0,train_split
WC702710,2025-07-17 16:08,legacy_zoho,0,1,0.0,0,train_split
WC702711,2025-07-17 17:50,legacy_zoho,1,2,96.0,0,train_split
WC702712,2025-07-17 22:30,legacy_zoho,1,2,120.0,0,train_split
WC702713,2025-07-17 22:47,legacy_zoho,0,1,0.0,0,train_split
WC702714,2025-07-17 23:13,legacy_zoho,0,1,0.0,0,train_split
WC702715,2025-07-18 00:27,legacy_zoho,0,1,0.0,0,train_split
WC702716,2025-07-18 01:32,legacy_zoho,0,1,0.0,0,train_split
WC702717,2025-07-18 01:56,legacy_zoho,0,1,0.0,0,train_split
WC702718,2025-07-18 02:42,legacy_zoho,1,2,96.0,0,train_split
WC702719,2025-07-18 02:52,legacy_zoho,0,1,0.0,0,train_split
WC702720,2025-07-18 03:03,legacy_zoho,0,1,0.0,0,train_split
WC702721,2025-07-18 04:00,legacy_zoho,0,1,0.0,0,train_split
WC702722,2025-07-18 05:48,legacy_zoho,0,1,0.0,0,train_split
WC702723,2025-07-18 05:51,legacy_zoho,0,1,0.0,0,train_split
WC702724,2025-07-18 06:25,legacy_zoho,0,1,0.0,0,train_split
WC702725,2025-07-18 06:48,legacy_zoho,0,1,0.0,0,train_split
WC702726,2025-07-18 06:57,legacy_zoho,0,1,0.0,0,train_split
WC702727,2025-07-18 07:15,legacy_zoho,0,1,0.0,0,train_split
WC702728,2025-07-18 07:35,legacy_zoho,0,1,0.0,0,train_split
WC702729,2025-07-18 07:43,legacy_zoho,0,1,0.0,0,train_split
WC702730,2025-07-18 07:50,legacy_zoho,0,1,0.0,0,train_split
WC702731,2025-07-18 08:48,legacy_zoho,0,1,0.0,0,train_split
WC702732,2025-07-18 09:15,legacy_zoho,0,1,0.0,0,train_split
WC702733,2025-07-18 09:31,legacy_zoho,0,1,0.0,0,train_split
WC702734,2025-07-18 10:20,legacy_zoho,0,1,0.0,0,train_split
WC702735,2025-07-18 11:18,legacy_zoho,0,1,0.0,0,train_split
WC702736,2025-07-18 12:06,legacy_zoho,0,1,0.0,0,train_split
WC702737,2025-07-18 14:13,legacy_zoho,0,1,0.0,0,train_split
WC702738,2025-07-18 15:15,legacy_zoho,0,1,0.0,0,train_split
WC702739,2025-07-18 15:31,legacy_zoho,0,1,0.0,0,train_split
WC702740,2025-07-18 16:29,legacy_zoho,0,1,0.0,0,train_split
WC702741,2025-07-18 16:38,legacy_zoho,0,1,0.0,0,train_split
WC702742,2025-07-18 19:14,legacy_zoho,0,1,0.0,0,train_split
WC702743,2025-07-18 22:26,legacy_zoho,0,1,0.0,0,train_split
WC702744,2025-07-18 23:14,legacy_zoho,0,1,0.0,0,train_split
WC702745,2025-07-18 23:58,legacy_zoho,0,1,0.0,0,train_split
WC702746,2025-07-19 00:09,legacy_zoho,0,1,0.0,0,train_split
WC702747,2025-07-19 00:29,legacy_zoho,0,1,0.0,0,train_split
WC702748,2025-07-19 00:54,legacy_zoho,0,1,0.0,0,train_split
WC702749,2025-07-19 02:23,legacy_zoho,0,1,0.0,0,train_split
WC702750,2025-07-19 02:27,legacy_zoho,0,1,0.0,0,train_split
WC702751,2025-07-19 02:54,legacy_zoho,0,1,0.0,0,train_split
WC702752,2025-07-19 03:40,legacy_zoho,0,1,0.0,0,train_split
WC702753,2025-07-19 04:05,legacy_zoho,0,1,0.0,0,train_split
WC702754,2025-07-19 05:50,legacy_zoho,0,1,0.0,0,train_split
WC702755,2025-07-19 06:16,legacy_zoho,0,1,0.0,0,train_split
WC702756,2025-07-19 06:25,legacy_zoho,0,1,0.0,0,train_split
WC702757,2025-07-19 07:00,legacy_zoho,0,1,0.0,0,train_split
WC702758,2025-07-19 08:29,legacy_zoho,0,1,0.0,0,train_split
WC702759,2025-07-19 09:19,legacy_zoho,0,1,0.0,0,train_split
WC702760,2025-07-19 09:38,legacy_zoho,0,1,0.0,0,train_split
WC702761,2025-07-19 10:34,legacy_zoho,0,1,0.0,0,train_split
WC702762,2025-07-19 11:07,legacy_zoho,0,1,0.0,0,train_split
WC702763,2025-07-19 13:06,legacy_zoho,0,1,0.0,0,train_split
WC702764,2025-07-19 14:00,legacy_zoho,1,2,72.0,0,train_split
WC702765,2025-07-19 17:24,legacy_zoho,0,1,0.0,0,train_split
WC702766,2025-07-19 18:25,legacy_zoho,0,1,0.0,0,train_split
WC702767,2025-07-19 19:26,legacy_zoho,0,1,0.0,0,train_split
WC702768,2025-07-19 19:43,legacy_zoho,0,1,0.0,0,train_split
WC702769,2025-07-19 20:26,legacy_zoho,0,1,0.0,0,train_split
WC702770,2025-07-19 21:47,legacy_zoho,0,1,0.0,0,train_split
WC702771,2025-07-19 21:47,legacy_zoho,0,1,0.0,0,train_split
WC702772,2025-07-19 22:37,legacy_zoho,0,1,0.0,0,train_split
WC702773,2025-07-19 23:08,legacy_zoho,0,1,0.0,0,train_split
WC702774,2025-07-20 00:06,legacy_zoho,0,1,0.0,0,train_split
WC702775,2025-07-20 03:02,legacy_zoho,0,1,0.0,0,train_split
WC702776,2025-07-20 03:23,legacy_zoho,0,1,0.0,0,train_split
WC702777,2025-07-20 04:10,legacy_zoho,0,1,0.0,0,train_split
WC702778,2025-07-20 07:08,legacy_zoho,0,1,0.0,0,train_split
WC702779,2025-07-20 07:42,legacy_zoho,0,1,0.0,0,train_split
WC702780,2025-07-20 08:45,legacy_zoho,0,1,0.0,0,train_split
WC702781,2025-07-20 09:53,legacy_zoho,0,1,0.0,0,train_split
WC702782,2025-07-20 10:10,legacy_zoho,0,1,0.0,0,train_split
WC702783,2025-07-20 11:36,legacy_zoho,0,1,0.0,0,train_split
WC702784,2025-07-20 11:49,legacy_zoho,0,1,0.0,0,train_split
WC702785,2025-07-20 12:35,legacy_zoho,0,1,0.0,0,train_split
WC702786,2025-07-20 13:13,legacy_zoho,0,1,0.0,0,train_split
WC702787,2025-07-20 14:49,legacy_zoho,0,1,0.0,0,train_split
WC702788,2025-07-20 15:28,legacy_zoho,0,1,0.0,0,train_split
WC702789,2025-07-20 15:33,legacy_zoho,0,1,0.0,0,train_split
WC702790,2025-07-20 15:51,legacy_zoho,0,1,0.0,0,train_split
WC702791,2025-07-20 16:54,legacy_zoho,0,1,0.0,0,train_split
WC702792,2025-07-20 17:25,legacy_zoho,0,1,0.0,0,train_split
WC702793,2025-07-20 17:52,legacy_zoho,0,1,0.0,0,train_split
WC702794,2025-07-20 19:34,legacy_zoho,0,1,0.0,0,train_split
WC702795,2025-07-20 20:25,legacy_zoho,0,1,0.0,0,train_split
WC702796,2025-07-20 21:27,legacy_zoho,0,1,0.0,0,train_split
WC702797,2025-07-20 23:20,legacy_zoho,0,1,0.0,0,train_split
WC702798,2025-07-20 23:20,legacy_zoho,1,2,24.0,0,train_split
WC702799,2025-07-20 23:25,legacy_zoho,0,1,0.0,0,train_split
WC702800,2025-07-21 00:45,legacy_zoho,0,1,0.0,0,train_split
WC702801,2025-07-21 01:29,legacy_zoho,0,1,0.0,0,train_split
WC702802,2025-07-21 04:00,legacy_zoho,0,1,0.0,0,train_split
WC702803,2025-07-21 04:13,legacy_zoho,0,1,0.0,0,train_split
WC702804,2025-07-21 04:26,legacy_zoho,1,2,72.0,0,train_split
WC702805,2025-07-21 05:06,legacy_zoho,0,1,0.0,0,train_split
WC702806,2025-07-21 05:27,legacy_zoho,0,1,0.0,0,train_split
WC702807,2025-07-21 05:36,legacy_zoho,0,1,0.0,0,train_split
WC702808,2025-07-21 05:40,legacy_zoho,0,1,0.0,0,train_split
WC702809,2025-07-21 05:49,legacy_zoho,0,1,0.0,0,train_split
WC702810,2025-07-21 06:27,legacy_zoho,0,1,0.0,0,train_split
WC702811,2025-07-21 09:33,legacy_zoho,0,1,0.0,0,train_split
WC702812,2025-07-21 11:54,legacy_zoho,0,1,0.0,0,train_split
WC702813,2025-07-21 13:38,legacy_zoho,0,1,0.0,0,train_split
WC702814,2025-07-21 14:35,legacy_zoho,0,1,0.0,0,train_split
WC702815,2025-07-21 16:46,legacy_zoho,0,1,0.0,0,train_split
WC702816,2025-07-21 18:09,legacy_zoho,0,1,0.0,0,train_split
WC702818,2025-07-21 18:23,legacy_zoho,0,1,0.0,0,train_split
WC702817,2025-07-21 18:23,legacy_zoho,0,1,0.0,0,train_split
WC702819,2025-07-21 19:20,legacy_zoho,0,1,0.0,0,train_split
WC702820,2025-07-21 20:55,legacy_zoho,0,1,0.0,0,train_split
WC702821,2025-07-21 21:53,legacy_zoho,0,1,0.0,0,train_split
WC702822,2025-07-21 22:11,legacy_zoho,0,1,0.0,0,train_split
WC702823,2025-07-21 23:01,legacy_zoho,0,1,0.0,0,train_split
WC702824,2025-07-21 23:43,legacy_zoho,0,1,0.0,0,train_split
WC702825,2025-07-22 00:38,legacy_zoho,0,1,0.0,0,train_split
WC702826,2025-07-22 02:29,legacy_zoho,0,1,0.0,0,train_split
WC702827,2025-07-22 04:33,legacy_zoho,0,1,0.0,0,train_split
WC702828,2025-07-22 04:41,legacy_zoho,0,1,0.0,0,train_split
WC702829,2025-07-22 05:02,legacy_zoho,1,2,72.0,0,train_split
WC702830,2025-07-22 05:15,legacy_zoho,0,1,0.0,0,train_split
WC702831,2025-07-22 05:47,legacy_zoho,0,1,0.0,0,train_split
WC702832,2025-07-22 05:54,legacy_zoho,0,1,0.0,0,train_split
WC702833,2025-07-22 06:37,legacy_zoho,0,1,0.0,0,train_split
WC702834,2025-07-22 06:50,legacy_zoho,0,1,0.0,0,train_split
WC702835,2025-07-22 07:20,legacy_zoho,0,1,0.0,0,train_split
WC702836,2025-07-22 07:21,legacy_zoho,0,1,0.0,0,train_split
WC702837,2025-07-22 08:16,legacy_zoho,0,1,0.0,0,train_split
WC702838,2025-07-22 08:49,legacy_zoho,0,1,0.0,0,train_split
WC702839,2025-07-22 10:30,legacy_zoho,0,1,0.0,0,train_split
WC702840,2025-07-22 10:56,legacy_zoho,0,1,0.0,0,train_split
WC702841,2025-07-22 11:47,legacy_zoho,0,1,0.0,0,train_split
WC702842,2025-07-22 12:22,legacy_zoho,0,1,0.0,0,train_split
WC702843,2025-07-22 14:09,legacy_zoho,0,1,0.0,0,train_split
WC702844,2025-07-22 14:19,legacy_zoho,0,1,0.0,1,train_split
WC702845,2025-07-22 14:50,legacy_zoho,0,1,0.0,0,train_split
WC702846,2025-07-22 15:40,legacy_zoho,0,1,0.0,0,train_split
WC702847,2025-07-22 15:49,legacy_zoho,0,1,0.0,0,train_split
WC702848,2025-07-22 16:43,legacy_zoho,0,1,0.0,0,train_split
WC702849,2025-07-22 18:04,legacy_zoho,0,1,0.0,1,train_split
WC702850,2025-07-22 18:05,legacy_zoho,0,1,0.0,0,train_split
WC702851,2025-07-22 18:30,legacy_zoho,0,1,0.0,0,train_split
WC702852,2025-07-22 21:31,legacy_zoho,0,1,0.0,0,train_split
WC702853,2025-07-22 21:53,legacy_zoho,1,2,96.0,0,train_split
WC702854,2025-07-22 23:09,legacy_zoho,0,1,0.0,0,train_split
WC702855,2025-07-23 01:56,legacy_zoho,0,1,0.0,0,train_split
WC702856,2025-07-23 03:38,legacy_zoho,0,1,0.0,0,train_split
WC702857,2025-07-23 09:49,legacy_zoho,0,1,0.0,0,train_split
WC702858,2025-07-23 10:33,legacy_zoho,0,1,0.0,0,train_split
WC702859,2025-07-23 14:54,legacy_zoho,0,1,0.0,0,train_split
WC702860,2025-07-23 15:03,legacy_zoho,0,1,0.0,0,train_split
WC702861,2025-07-23 16:01,legacy_zoho,1,2,96.0,0,train_split
WC702862,2025-07-23 18:30,legacy_zoho,0,1,0.0,0,train_split
WC702863,2025-07-23 19:06,legacy_zoho,0,1,0.0,0,train_split
WC702864,2025-07-23 19:14,legacy_zoho,0,1,0.0,0,train_split
WC702865,2025-07-23 19:49,legacy_zoho,0,1,0.0,0,train_split
WC702866,2025-07-23 20:33,legacy_zoho,0,1,0.0,0,train_split
WC702867,2025-07-23 23:04,legacy_zoho,0,1,0.0,0,train_split
WC702868,2025-07-23 23:34,legacy_zoho,0,1,0.0,0,train_split
WC702869,2025-07-24 01:08,legacy_zoho,0,1,0.0,0,train_split
WC702870,2025-07-24 02:07,legacy_zoho,1,2,48.0,0,train_split
WC702871,2025-07-24 02:54,legacy_zoho,0,1,0.0,0,train_split
WC702872,2025-07-24 03:30,legacy_zoho,0,1,0.0,0,train_split
WC702873,2025-07-24 04:03,legacy_zoho,0,1,0.0,0,train_split
WC702874,2025-07-24 04:45,legacy_zoho,0,1,0.0,0,train_split
WC702875,2025-07-24 04:53,legacy_zoho,0,1,0.0,0,train_split
WC702876,2025-07-24 05:09,legacy_zoho,0,1,0.0,0,train_split
WC702877,2025-07-24 07:25,legacy_zoho,0,1,0.0,0,train_split
WC702878,2025-07-24 07:52,legacy_zoho,0,1,0.0,0,train_split
WC702879,2025-07-24 09:00,legacy_zoho,0,1,0.0,0,train_split
WC702880,2025-07-24 09:01,legacy_zoho,0,1,0.0,0,train_split
WC702881,2025-07-24 09:41,legacy_zoho,0,1,0.0,0,train_split
WC702882,2025-07-24 10:55,legacy_zoho,1,2,72.0,0,train_split
WC702883,2025-07-24 11:12,legacy_zoho,0,1,0.0,0,train_split
WC702884,2025-07-24 11:28,legacy_zoho,0,1,0.0,0,train_split
WC702885,2025-07-24 11:50,legacy_zoho,0,1,0.0,0,train_split
WC702886,2025-07-24 11:57,legacy_zoho,1,2,72.0,0,train_split
WC702887,2025-07-24 12:25,legacy_zoho,0,1,0.0,0,train_split
WC702888,2025-07-24 13:48,legacy_zoho,0,1,0.0,0,train_split
WC702889,2025-07-24 18:08,legacy_zoho,0,1,0.0,0,train_split
WC702890,2025-07-24 18:14,legacy_zoho,0,1,0.0,0,train_split
WC702891,2025-07-24 19:02,legacy_zoho,0,1,0.0,0,train_split
WC702892,2025-07-24 22:36,legacy_zoho,0,1,0.0,0,train_split
WC702893,2025-07-24 22:37,legacy_zoho,0,1,0.0,0,train_split
WC702894,2025-07-24 22:46,legacy_zoho,1,2,24.0,0,train_split
WC702895,2025-07-24 23:27,legacy_zoho,0,1,0.0,0,train_split
WC702896,2025-07-25 00:22,legacy_zoho,0,1,0.0,0,train_split
WC702897,2025-07-25 02:05,legacy_zoho,0,1,0.0,0,train_split
WC702898,2025-07-25 02:20,legacy_zoho,0,1,0.0,0,train_split
WC702899,2025-07-25 03:04,legacy_zoho,0,1,0.0,0,train_split
WC702900,2025-07-25 03:21,legacy_zoho,0,1,0.0,0,train_split
WC702901,2025-07-25 03:56,legacy_zoho,0,1,0.0,0,train_split
WC702902,2025-07-25 04:00,legacy_zoho,0,1,0.0,0,train_split
WC702903,2025-07-25 04:14,legacy_zoho,0,1,0.0,0,train_split
WC702904,2025-07-25 05:14,legacy_zoho,0,1,0.0,0,train_split
WC702905,2025-07-25 05:41,legacy_zoho,0,1,0.0,0,train_split
WC702906,2025-07-25 06:27,legacy_zoho,0,1,0.0,0,train_split
WC702907,2025-07-25 07:18,legacy_zoho,0,1,0.0,0,train_split
WC702908,2025-07-25 07:25,legacy_zoho,0,1,0.0,0,train_split
WC702909,2025-07-25 07:26,legacy_zoho,1,2,48.0,0,train_split
WC702910,2025-07-25 07:41,legacy_zoho,0,1,0.0,0,train_split
WC702911,2025-07-25 08:34,legacy_zoho,0,1,0.0,0,train_split
WC702912,2025-07-25 09:32,legacy_zoho,0,1,0.0,0,train_split
WC702913,2025-07-25 09:44,legacy_zoho,0,1,0.0,0,train_split
WC702914,2025-07-25 10:04,legacy_zoho,0,1,0.0,0,train_split
WC702915,2025-07-25 11:02,legacy_zoho,0,1,0.0,0,train_split
WC702916,2025-07-25 11:46,legacy_zoho,0,1,0.0,0,train_split
WC702917,2025-07-25 14:19,legacy_zoho,0,1,0.0,0,train_split
WC702918,2025-07-25 14:59,legacy_zoho,0,1,0.0,0,train_split
WC702919,2025-07-25 15:52,legacy_zoho,0,1,0.0,0,train_split
WC702920,2025-07-25 15:58,legacy_zoho,0,1,0.0,0,train_split
WC702921,2025-07-25 16:28,legacy_zoho,0,1,0.0,0,train_split
WC702922,2025-07-25 17:38,legacy_zoho,0,1,0.0,0,train_split
WC702923,2025-07-25 18:08,legacy_zoho,0,1,0.0,0,train_split
WC702924,2025-07-25 18:52,legacy_zoho,0,1,0.0,0,train_split
WC702925,2025-07-25 22:31,legacy_zoho,0,1,0.0,0,train_split
WC702926,2025-07-25 23:43,legacy_zoho,0,1,0.0,0,train_split
WC702927,2025-07-26 00:15,legacy_zoho,0,1,0.0,0,train_split
WC702928,2025-07-26 01:23,legacy_zoho,0,1,0.0,0,train_split
WC702929,2025-07-26 02:17,legacy_zoho,0,1,0.0,0,train_split
WC702930,2025-07-26 03:34,legacy_zoho,0,1,0.0,0,train_split
WC702931,2025-07-26 05:54,legacy_zoho,0,1,0.0,0,train_split
WC702932,2025-07-26 06:23,legacy_zoho,0,1,0.0,0,train_split
WC702933,2025-07-26 07:25,legacy_zoho,0,1,0.0,0,train_split
WC702934,2025-07-26 07:31,legacy_zoho,0,1,0.0,0,train_split
WC702935,2025-07-26 07:54,legacy_zoho,0,1,0.0,0,train_split
WC702936,2025-07-26 09:10,legacy_zoho,0,1,0.0,0,train_split
WC702937,2025-07-26 09:34,legacy_zoho,0,1,0.0,0,train_split
WC702938,2025-07-26 10:07,legacy_zoho,0,1,0.0,0,train_split
WC702939,2025-07-26 13:59,legacy_zoho,0,1,0.0,0,train_split
WC702940,2025-07-26 14:33,legacy_zoho,0,1,0.0,0,train_split
WC702941,2025-07-26 17:07,legacy_zoho,0,1,0.0,0,train_split
WC702942,2025-07-26 17:16,legacy_zoho,0,1,0.0,0,train_split
WC702943,2025-07-26 17:56,legacy_zoho,0,1,0.0,0,train_split
WC702944,2025-07-26 18:12,legacy_zoho,0,1,0.0,0,train_split
WC702945,2025-07-26 18:27,legacy_zoho,0,1,0.0,0,train_split
WC702946,2025-07-26 21:13,legacy_zoho,0,1,0.0,0,train_split
WC702947,2025-07-26 22:27,legacy_zoho,0,1,0.0,0,train_split
WC702948,2025-07-26 23:44,legacy_zoho,0,1,0.0,0,train_split
WC702949,2025-07-27 00:08,legacy_zoho,0,1,0.0,0,train_split
WC702950,2025-07-27 01:00,legacy_zoho,0,1,0.0,0,train_split
WC702951,2025-07-27 01:46,legacy_zoho,0,1,0.0,0,train_split
WC702952,2025-07-27 02:06,legacy_zoho,0,1,0.0,0,train_split
WC702953,2025-07-27 03:32,legacy_zoho,0,1,0.0,0,train_split
WC702954,2025-07-27 04:05,legacy_zoho,0,1,0.0,0,train_split
WC702955,2025-07-27 05:21,legacy_zoho,0,1,0.0,0,train_split
WC702956,2025-07-27 06:09,legacy_zoho,0,1,0.0,0,train_split
WC702957,2025-07-27 06:17,legacy_zoho,0,1,0.0,0,train_split
WC702958,2025-07-27 06:53,legacy_zoho,0,1,0.0,0,train_split
WC702959,2025-07-27 08:22,legacy_zoho,0,1,0.0,0,train_split
WC702960,2025-07-27 08:24,legacy_zoho,0,1,0.0,0,train_split
WC702961,2025-07-27 08:58,legacy_zoho,0,1,0.0,0,train_split
WC702962,2025-07-27 09:04,legacy_zoho,0,1,0.0,0,train_split
WC702963,2025-07-27 09:05,legacy_zoho,0,1,0.0,0,train_split
WC702964,2025-07-27 09:58,legacy_zoho,0,1,0.0,0,train_split
WC702965,2025-07-27 10:37,legacy_zoho,0,1,0.0,0,train_split
WC702966,2025-07-27 14:40,legacy_zoho,0,1,0.0,0,train_split
WC702967,2025-07-27 15:38,legacy_zoho,0,1,0.0,0,train_split
WC702968,2025-07-27 16:30,legacy_zoho,0,1,0.0,0,train_split
WC702969,2025-07-27 20:18,legacy_zoho,0,1,0.0,0,train_split
WC702970,2025-07-28 00:28,legacy_zoho,0,1,0.0,1,train_split
WC702971,2025-07-28 01:39,legacy_zoho,0,1,0.0,0,train_split
WC702972,2025-07-28 04:10,legacy_zoho,0,1,0.0,0,train_split
WC702973,2025-07-28 04:24,legacy_zoho,0,1,0.0,0,train_split
WC702974,2025-07-28 07:15,legacy_zoho,0,1,0.0,0,train_split
WC702975,2025-07-28 07:58,legacy_zoho,0,1,0.0,0,train_split
WC702976,2025-07-28 08:48,legacy_zoho,0,1,0.0,0,train_split
WC702977,2025-07-28 09:12,legacy_zoho,0,1,0.0,0,train_split
WC702978,2025-07-28 12:51,legacy_zoho,0,1,0.0,0,train_split
WC702979,2025-07-28 13:18,legacy_zoho,0,1,0.0,0,train_split
WC702980,2025-07-28 13:34,legacy_zoho,1,2,48.0,0,train_split
WC702981,2025-07-28 13:40,legacy_zoho,0,1,0.0,0,train_split
WC702982,2025-07-28 13:49,legacy_zoho,0,1,0.0,0,train_split
WC702983,2025-07-28 14:46,legacy_zoho,0,1,0.0,0,train_split
WC702984,2025-07-28 15:21,legacy_zoho,0,1,0.0,0,train_split
WC702985,2025-07-28 18:39,legacy_zoho,0,1,0.0,0,train_split
WC702986,2025-07-28 19:15,legacy_zoho,1,2,48.0,0,train_split
WC702987,2025-07-28 19:56,legacy_zoho,0,1,0.0,0,train_split
WC702988,2025-07-28 20:12,legacy_zoho,0,1,0.0,0,train_split
WC702989,2025-07-28 20:36,legacy_zoho,0,1,0.0,0,train_split
WC702990,2025-07-28 20:47,legacy_zoho,0,1,0.0,0,train_split
WC702991,2025-07-28 20:48,legacy_zoho,0,1,0.0,0,train_split
WC702992,2025-07-28 22:26,legacy_zoho,0,1,0.0,0,train_split
WC702993,2025-07-28 23:04,legacy_zoho,0,1,0.0,0,train_split
WC702994,2025-07-28 23:18,legacy_zoho,0,1,0.0,0,train_split
WC702995,2025-07-28 23:25,legacy_zoho,0,1,0.0,0,train_split
WC702996,2025-07-29 03:34,legacy_zoho,0,1,0.0,0,train_split
WC702997,2025-07-29 05:25,legacy_zoho,0,1,0.0,0,train_split
WC702998,2025-07-29 06:14,legacy_zoho,0,1,0.0,0,train_split
WC702999,2025-07-29 07:17,legacy_zoho,0,1,0.0,0,train_split
WC703000,2025-07-29 07:29,legacy_zoho,1,2,96.0,0,train_split
WC703001,2025-07-29 08:34,legacy_zoho,0,1,0.0,0,train_split
WC703002,2025-07-29 09:31,legacy_zoho,0,1,0.0,0,train_split
WC703003,2025-07-29 10:07,legacy_zoho,0,1,0.0,0,train_split
WC703004,2025-07-29 13:26,legacy_zoho,0,1,0.0,0,train_split
WC703005,2025-07-29 15:46,legacy_zoho,0,1,0.0,0,train_split
WC703006,2025-07-29 16:38,legacy_zoho,0,1,0.0,0,train_split
WC703007,2025-07-29 16:45,legacy_zoho,1,2,48.0,0,train_split
WC703008,2025-07-29 16:58,legacy_zoho,0,1,0.0,0,train_split
WC703009,2025-07-29 17:01,legacy_zoho,0,1,0.0,0,train_split
WC703010,2025-07-29 17:34,legacy_zoho,0,1,0.0,0,train_split
WC703011,2025-07-29 17:35,legacy_zoho,0,1,0.0,0,train_split
WC703012,2025-07-29 18:09,legacy_zoho,0,1,0.0,0,train_split
WC703013,2025-07-29 19:04,legacy_zoho,0,1,0.0,0,train_split
WC703014,2025-07-29 19:18,legacy_zoho,0,1,0.0,0,train_split
WC703015,2025-07-29 19:38,legacy_zoho,0,1,0.0,0,train_split
WC703016,2025-07-29 19:43,legacy_zoho,0,1,0.0,0,train_split
WC703017,2025-07-29 19:49,legacy_zoho,0,1,0.0,0,train_split
WC703018,2025-07-29 19:58,legacy_zoho,0,1,0.0,0,train_split
WC703019,2025-07-29 20:55,legacy_zoho,0,1,0.0,0,train_split
WC703020,2025-07-29 21:53,legacy_zoho,0,1,0.0,0,train_split
WC703021,2025-07-29 22:53,legacy_zoho,0,1,0.0,0,train_split
WC703022,2025-07-29 23:24,legacy_zoho,0,1,0.0,0,train_split
WC703023,2025-07-30 00:20,legacy_zoho,0,1,0.0,0,train_split
WC703024,2025-07-30 01:31,legacy_zoho,0,1,0.0,0,train_split
WC703025,2025-07-30 03:32,legacy_zoho,0,1,0.0,0,train_split
WC703026,2025-07-30 03:49,legacy_zoho,0,1,0.0,0,train_split
WC703027,2025-07-30 04:05,legacy_zoho,0,1,0.0,0,train_split
WC703028,2025-07-30 06:27,legacy_zoho,0,1,0.0,0,train_split
WC703029,2025-07-30 07:16,legacy_zoho,0,1,0.0,0,train_split
WC703030,2025-07-30 08:24,legacy_zoho,0,1,0.0,0,train_split
WC703031,2025-07-30 08:39,legacy_zoho,0,1,0.0,0,train_split
WC703032,2025-07-30 08:45,legacy_zoho,1,2,96.0,0,train_split
WC703033,2025-07-30 11:18,legacy_zoho,1,2,48.0,0,train_split
WC703034,2025-07-30 14:31,legacy_zoho,0,1,0.0,0,train_split
WC703035,2025-07-30 14:52,legacy_zoho,0,1,0.0,0,train_split
WC703036,2025-07-30 15:11,legacy_zoho,0,1,0.0,0,train_split
WC703037,2025-07-30 15:44,legacy_zoho,0,1,0.0,0,train_split
WC703038,2025-07-30 15:56,legacy_zoho,0,1,0.0,0,train_split
WC703039,2025-07-30 17:34,legacy_zoho,0,1,0.0,0,train_split
WC703040,2025-07-30 17:57,legacy_zoho,0,1,0.0,0,train_split
WC703041,2025-07-30 18:56,legacy_zoho,0,1,0.0,0,train_split
WC703042,2025-07-30 19:42,legacy_zoho,0,1,0.0,0,train_split
WC703043,2025-07-30 19:49,legacy_zoho,0,1,0.0,0,train_split
WC703044,2025-07-30 20:37,legacy_zoho,0,1,0.0,0,train_split
WC703045,2025-07-30 21:13,legacy_zoho,0,1,0.0,0,train_split
WC703046,2025-07-30 21:50,legacy_zoho,0,1,0.0,0,train_split
WC703047,2025-07-30 22:14,legacy_zoho,0,1,0.0,0,train_split
WC703048,2025-07-30 22:27,legacy_zoho,0,1,0.0,0,train_split
WC703049,2025-07-30 22:47,legacy_zoho,0,1,0.0,0,train_split
WC703050,2025-07-30 23:34,legacy_zoho,0,1,0.0,0,train_split
WC703051,2025-07-30 23:37,legacy_zoho,0,1,0.0,0,train_split
WC703052,2025-07-31 02:00,legacy_zoho,0,1,0.0,0,train_split
WC703053,2025-07-31 02:54,legacy_zoho,0,1,0.0,0,train_split
WC703054,2025-07-31 03:15,legacy_zoho,0,1,0.0,0,train_split
WC703055,2025-07-31 03:24,legacy_zoho,0,1,0.0,0,train_split
WC703056,2025-07-31 04:03,legacy_zoho,0,1,0.0,0,train_split
WC703057,2025-07-31 05:20,legacy_zoho,0,1,0.0,0,train_split
WC703058,2025-07-31 06:23,legacy_zoho,0,1,0.0,0,train_split
WC703059,2025-07-31 08:19,legacy_zoho,0,1,0.0,0,train_split
WC703060,2025-07-31 10:48,legacy_zoho,0,1,0.0,0,train_split
WC703061,2025-07-31 10:50,legacy_zoho,0,1,0.0,0,train_split
WC703062,2025-07-31 11:03,legacy_zoho,0,1,0.0,0,train_split
WC703063,2025-07-31 11:30,legacy_zoho,0,1,0.0,1,train_split
WC703064,2025-07-31 14:11,legacy_zoho,0,1,0.0,0,train_split
WC703065,2025-07-31 15:47,legacy_zoho,0,1,0.0,0,train_split
WC703066,2025-07-31 16:09,legacy_zoho,0,1,0.0,0,train_split
WC703067,2025-07-31 16:22,legacy_zoho,0,1,0.0,0,train_split
WC703068,2025-07-31 16:26,legacy_zoho,0,1,0.0,0,train_split
WC703069,2025-07-31 17:11,legacy_zoho,0,1,0.0,0,train_split
WC703070,2025-07-31 17:43,legacy_zoho,0,1,0.0,0,train_split
WC703071,2025-07-31 18:40,legacy_zoho,0,1,0.0,0,train_split
WC703072,2025-07-31 18:43,legacy_zoho,0,1,0.0,0,train_split
WC703073,2025-07-31 19:41,legacy_zoho,0,1,0.0,0,train_split
WC703074,2025-07-31 20:24,legacy_zoho,0,1,0.0,0,train_split
WC703075,2025-07-31 21:03,legacy_zoho,0,1,0.0,0,train_split
WC703076,2025-08-01 00:58,legacy_zoho,0,1,0.0,0,train_split
WC703077,2025-08-01 03:06,legacy_zoho,1,2,120.0,0,train_split
WC703078,2025-08-01 03:07,legacy_zoho,0,1,0.0,0,train_split
WC703079,2025-08-01 03:20,legacy_zoho,0,1,0.0,0,train_split
WC703080,2025-08-01 03:30,legacy_zoho,0,1,0.0,0,train_split
WC703081,2025-08-01 04:00,legacy_zoho,1,2,72.0,0,train_split
WC703082,2025-08-01 04:00,legacy_zoho,0,1,0.0,0,train_split
WC703083,2025-08-01 04:04,legacy_zoho,0,1,0.0,0,train_split
WC703084,2025-08-01 04:08,legacy_zoho,0,1,0.0,0,train_split
WC703085,2025-08-01 04:47,legacy_zoho,0,1,0.0,0,train_split
WC703086,2025-08-01 04:51,legacy_zoho,0,1,0.0,0,train_split
WC703087,2025-08-01 05:36,legacy_zoho,0,1,0.0,0,train_split
WC703088,2025-08-01 08:10,legacy_zoho,0,1,0.0,0,train_split
WC703089,2025-08-01 09:14,legacy_zoho,0,1,0.0,0,train_split
WC703090,2025-08-01 09:25,legacy_zoho,0,1,0.0,0,train_split
WC703091,2025-08-01 09:36,legacy_zoho,0,1,0.0,0,train_split
WC703092,2025-08-01 11:42,legacy_zoho,0,1,0.0,0,train_split
WC703093,2025-08-01 12:01,legacy_zoho,0,1,0.0,0,train_split
WC703094,2025-08-01 13:57,legacy_zoho,0,1,0.0,0,train_split
WC703095,2025-08-01 13:58,legacy_zoho,0,1,0.0,0,train_split
WC703096,2025-08-01 14:53,legacy_zoho,0,1,0.0,0,train_split
WC703097,2025-08-01 16:04,legacy_zoho,0,1,0.0,0,train_split
WC703098,2025-08-01 17:42,legacy_zoho,0,1,0.0,0,train_split
WC703099,2025-08-01 20:01,legacy_zoho,0,1,0.0,0,train_split
WC703100,2025-08-01 20:14,legacy_zoho,0,1,0.0,0,train_split
WC703101,2025-08-01 22:28,legacy_zoho,0,1,0.0,0,train_split
WC703102,2025-08-01 23:40,legacy_zoho,0,1,0.0,0,train_split
WC703103,2025-08-02 00:34,legacy_zoho,0,1,0.0,0,train_split
WC703104,2025-08-02 03:57,legacy_zoho,0,1,0.0,0,train_split
WC703105,2025-08-02 03:58,legacy_zoho,0,1,0.0,0,train_split
WC703106,2025-08-02 04:21,legacy_zoho,0,1,0.0,0,train_split
WC703107,2025-08-02 06:37,legacy_zoho,0,1,0.0,0,train_split
WC703108,2025-08-02 07:23,legacy_zoho,0,1,0.0,0,train_split
WC703109,2025-08-02 08:08,legacy_zoho,0,1,0.0,0,train_split
WC703110,2025-08-02 08:44,legacy_zoho,0,1,0.0,0,train_split
WC703111,2025-08-02 09:20,legacy_zoho,0,1,0.0,0,train_split
WC703112,2025-08-02 09:22,legacy_zoho,0,1,0.0,0,train_split
WC703113,2025-08-02 09:41,legacy_zoho,0,1,0.0,0,train_split
WC703114,2025-08-02 10:17,legacy_zoho,0,1,0.0,0,train_split
WC703115,2025-08-02 10:17,legacy_zoho,0,1,0.0,0,train_split
WC703116,2025-08-02 12:04,legacy_zoho,0,1,0.0,0,train_split
WC703117,2025-08-02 13:22,legacy_zoho,1,2,48.0,0,train_split
WC703118,2025-08-02 13:37,legacy_zoho,0,1,0.0,0,train_split
WC703119,2025-08-02 14:39,legacy_zoho,0,1,0.0,0,train_split
WC703120,2025-08-02 15:22,legacy_zoho,1,2,24.0,0,train_split
WC703121,2025-08-02 15:39,legacy_zoho,0,1,0.0,0,train_split
WC703122,2025-08-02 16:16,legacy_zoho,0,1,0.0,0,train_split
WC703123,2025-08-02 18:16,legacy_zoho,0,1,0.0,0,train_split
WC703124,2025-08-02 19:01,legacy_zoho,0,1,0.0,0,train_split
WC703125,2025-08-02 19:05,legacy_zoho,0,1,0.0,0,train_split
WC703126,2025-08-02 19:48,legacy_zoho,0,1,0.0,0,train_split
WC703127,2025-08-02 20:05,legacy_zoho,0,1,0.0,0,train_split
WC703128,2025-08-02 20:07,legacy_zoho,0,1,0.0,0,train_split
WC703129,2025-08-02 20:21,legacy_zoho,0,1,0.0,0,train_split
WC703130,2025-08-02 21:16,legacy_zoho,0,1,0.0,0,train_split
WC703131,2025-08-02 21:20,legacy_zoho,0,1,0.0,0,train_split
WC703132,2025-08-02 21:40,legacy_zoho,0,1,0.0,0,train_split
WC703133,2025-08-02 21:42,legacy_zoho,0,1,0.0,0,train_split
WC703134,2025-08-02 21:55,legacy_zoho,0,1,0.0,0,train_split
WC703135,2025-08-03 00:07,legacy_zoho,0,1,0.0,0,train_split
WC703136,2025-08-03 00:50,legacy_zoho,0,1,0.0,0,train_split
WC703137,2025-08-03 03:13,legacy_zoho,0,1,0.0,0,train_split
WC703138,2025-08-03 03:39,legacy_zoho,0,1,0.0,0,train_split
WC703139,2025-08-03 03:41,legacy_zoho,0,1,0.0,0,train_split
WC703140,2025-08-03 07:13,legacy_zoho,0,1,0.0,0,train_split
WC703141,2025-08-03 07:20,legacy_zoho,0,1,0.0,0,train_split
WC703142,2025-08-03 07:25,legacy_zoho,0,1,0.0,0,train_split
WC703143,2025-08-03 07:26,legacy_zoho,0,1,0.0,0,train_split
WC703144,2025-08-03 08:09,legacy_zoho,0,1,0.0,0,train_split
WC703145,2025-08-03 10:00,legacy_zoho,0,1,0.0,0,train_split
WC703146,2025-08-03 10:51,legacy_zoho,0,1,0.0,0,train_split
WC703147,2025-08-03 14:34,legacy_zoho,0,1,0.0,0,train_split
WC703148,2025-08-03 14:45,legacy_zoho,0,1,0.0,0,train_split
WC703149,2025-08-03 15:12,legacy_zoho,0,1,0.0,0,train_split
WC703150,2025-08-03 15:30,legacy_zoho,0,1,0.0,0,train_split
WC703151,2025-08-03 17:20,legacy_zoho,0,1,0.0,0,train_split
WC703152,2025-08-03 17:38,legacy_zoho,0,1,0.0,0,train_split
WC703153,2025-08-03 19:26,legacy_zoho,0,1,0.0,1,train_split
WC703154,2025-08-03 19:53,legacy_zoho,0,1,0.0,0,train_split
WC703155,2025-08-03 20:01,legacy_zoho,1,2,96.0,0,train_split
WC703156,2025-08-03 20:22,legacy_zoho,0,1,0.0,0,train_split
WC703157,2025-08-03 20:32,legacy_zoho,0,1,0.0,0,train_split
WC703158,2025-08-03 21:14,legacy_zoho,0,1,0.0,0,train_split
WC703159,2025-08-03 22:46,legacy_zoho,0,1,0.0,0,train_split
WC703160,2025-08-03 22:57,legacy_zoho,0,1,0.0,0,train_split
WC703161,2025-08-03 23:54,legacy_zoho,0,1,0.0,0,train_split
WC703162,2025-08-04 01:23,legacy_zoho,0,1,0.0,0,train_split
WC703163,2025-08-04 02:14,legacy_zoho,0,1,0.0,0,train_split
WC703164,2025-08-04 02:47,legacy_zoho,0,1,0.0,0,train_split
WC703165,2025-08-04 05:50,legacy_zoho,0,1,0.0,0,train_split
WC703166,2025-08-04 06:41,legacy_zoho,0,1,0.0,0,train_split
WC703167,2025-08-04 08:22,legacy_zoho,1,2,48.0,0,train_split
WC703168,2025-08-04 08:46,legacy_zoho,0,1,0.0,0,train_split
WC703169,2025-08-04 08:54,legacy_zoho,0,1,0.0,0,train_split
WC703170,2025-08-04 10:01,legacy_zoho,0,1,0.0,0,train_split
WC703171,2025-08-04 10:02,legacy_zoho,0,1,0.0,0,train_split
WC703172,2025-08-04 10:50,legacy_zoho,0,1,0.0,0,train_split
WC703173,2025-08-04 12:53,legacy_zoho,0,1,0.0,0,train_split
WC703174,2025-08-04 13:37,legacy_zoho,0,1,0.0,0,train_split
WC703175,2025-08-04 13:43,legacy_zoho,0,1,0.0,0,train_split
WC703176,2025-08-04 13:48,legacy_zoho,0,1,0.0,0,train_split
WC703177,2025-08-04 14:04,legacy_zoho,0,1,0.0,0,train_split
WC703178,2025-08-04 14:06,legacy_zoho,0,1,0.0,0,train_split
WC703179,2025-08-04 14:23,legacy_zoho,0,1,0.0,0,train_split
WC703180,2025-08-04 15:43,legacy_zoho,0,1,0.0,0,train_split
WC703181,2025-08-04 16:25,legacy_zoho,0,1,0.0,0,train_split
WC703182,2025-08-04 17:30,legacy_zoho,0,1,0.0,0,train_split
WC703183,2025-08-04 17:52,legacy_zoho,0,1,0.0,0,train_split
WC703184,2025-08-04 18:21,legacy_zoho,0,1,0.0,0,train_split
WC703185,2025-08-04 18:48,legacy_zoho,0,1,0.0,0,train_split
WC703186,2025-08-04 21:53,legacy_zoho,0,1,0.0,0,train_split
WC703187,2025-08-04 21:56,legacy_zoho,0,1,0.0,0,train_split
WC703188,2025-08-04 22:27,legacy_zoho,0,1,0.0,0,train_split
WC703189,2025-08-04 22:32,legacy_zoho,0,1,0.0,0,train_split
WC703190,2025-08-04 22:49,legacy_zoho,0,1,0.0,0,train_split
WC703191,2025-08-05 00:09,legacy_zoho,0,1,0.0,0,train_split
WC703192,2025-08-05 00:52,legacy_zoho,0,1,0.0,0,train_split
WC703193,2025-08-05 05:42,legacy_zoho,0,1,0.0,0,train_split
WC703194,2025-08-05 06:31,legacy_zoho,0,1,0.0,0,train_split
WC703195,2025-08-05 06:38,legacy_zoho,0,1,0.0,0,train_split
WC703196,2025-08-05 08:58,legacy_zoho,0,1,0.0,0,train_split
WC703197,2025-08-05 09:16,legacy_zoho,0,1,0.0,0,train_split
WC703198,2025-08-05 09:28,legacy_zoho,0,1,0.0,0,train_split
WC703199,2025-08-05 09:28,legacy_zoho,0,1,0.0,0,train_split
WC703200,2025-08-05 09:36,legacy_zoho,0,1,0.0,0,train_split
WC703201,2025-08-05 12:25,legacy_zoho,0,1,0.0,0,train_split
WC703203,2025-08-05 13:38,legacy_zoho,0,1,0.0,0,train_split
WC703202,2025-08-05 13:38,legacy_zoho,0,1,0.0,0,train_split
WC703204,2025-08-05 15:22,legacy_zoho,0,1,0.0,0,train_split
WC703205,2025-08-05 18:09,legacy_zoho,0,1,0.0,0,train_split
WC703206,2025-08-05 19:03,legacy_zoho,0,1,0.0,0,train_split
WC703207,2025-08-05 20:21,legacy_zoho,0,1,0.0,0,train_split
WC703208,2025-08-05 21:48,legacy_zoho,0,1,0.0,0,train_split
WC703209,2025-08-05 22:47,legacy_zoho,0,1,0.0,0,train_split
WC703210,2025-08-05 23:09,legacy_zoho,0,1,0.0,0,train_split
WC703211,2025-08-06 03:20,legacy_zoho,0,1,0.0,0,train_split
WC703212,2025-08-06 03:31,legacy_zoho,0,1,0.0,0,train_split
WC703213,2025-08-06 03:52,legacy_zoho,0,1,0.0,0,train_split
WC703214,2025-08-06 04:53,legacy_zoho,0,1,0.0,0,train_split
WC703215,2025-08-06 05:22,legacy_zoho,0,1,0.0,0,train_split
WC703216,2025-08-06 06:13,legacy_zoho,0,1,0.0,0,train_split
WC703217,2025-08-06 07:04,legacy_zoho,0,1,0.0,0,train_split
WC703218,2025-08-06 07:35,legacy_zoho,0,1,0.0,0,train_split
WC703219,2025-08-06 10:52,legacy_zoho,0,1,0.0,0,train_split
WC703220,2025-08-06 10:55,legacy_zoho,0,1,0.0,0,train_split
WC703221,2025-08-06 11:18,legacy_zoho,0,1,0.0,0,train_split
WC703222,2025-08-06 11:43,legacy_zoho,0,1,0.0,1,train_split
WC703223,2025-08-06 12:03,legacy_zoho,0,1,0.0,0,train_split
WC703224,2025-08-06 12:07,legacy_zoho,0,1,0.0,0,train_split
WC703225,2025-08-06 12:36,legacy_zoho,0,1,0.0,0,train_split
WC703226,2025-08-06 13:37,legacy_zoho,0,1,0.0,1,train_split
WC703227,2025-08-06 14:36,legacy_zoho,0,1,0.0,0,train_split
WC703228,2025-08-06 15:03,legacy_zoho,0,1,0.0,0,train_split
WC703229,2025-08-06 15:10,legacy_zoho,0,1,0.0,0,train_split
WC703230,2025-08-06 15:37,legacy_zoho,0,1,0.0,0,train_split
WC703231,2025-08-06 15:40,legacy_zoho,0,1,0.0,0,train_split
WC703232,2025-08-06 16:00,legacy_zoho,0,1,0.0,0,train_split
WC703233,2025-08-06 16:20,legacy_zoho,0,1,0.0,0,train_split
WC703234,2025-08-06 18:32,legacy_zoho,0,1,0.0,0,train_split
WC703235,2025-08-06 18:46,legacy_zoho,0,1,0.0,0,train_split
WC703236,2025-08-06 19:24,legacy_zoho,0,1,0.0,0,train_split
WC703237,2025-08-06 19:38,legacy_zoho,0,1,0.0,0,train_split
WC703238,2025-08-06 21:09,legacy_zoho,0,1,0.0,0,train_split
WC703239,2025-08-06 23:54,legacy_zoho,0,1,0.0,0,train_split
WC703240,2025-08-07 00:30,legacy_zoho,0,1,0.0,0,train_split
WC703241,2025-08-07 02:35,legacy_zoho,0,1,0.0,0,train_split
WC703242,2025-08-07 02:44,legacy_zoho,0,1,0.0,0,train_split
WC703243,2025-08-07 04:21,legacy_zoho,0,1,0.0,0,train_split
WC703244,2025-08-07 04:22,legacy_zoho,0,1,0.0,0,train_split
WC703245,2025-08-07 04:57,legacy_zoho,0,1,0.0,0,train_split
WC703246,2025-08-07 05:17,legacy_zoho,0,1,0.0,0,train_split
WC703247,2025-08-07 05:55,legacy_zoho,0,1,0.0,0,train_split
WC703248,2025-08-07 07:49,legacy_zoho,0,1,0.0,0,train_split
WC703249,2025-08-07 08:08,legacy_zoho,0,1,0.0,0,train_split
WC703250,2025-08-07 08:48,legacy_zoho,0,1,0.0,0,train_split
WC703251,2025-08-07 10:24,legacy_zoho,0,1,0.0,0,train_split
WC703252,2025-08-07 11:52,legacy_zoho,0,1,0.0,0,train_split
WC703253,2025-08-07 12:08,legacy_zoho,0,1,0.0,0,train_split
WC703254,2025-08-07 12:42,legacy_zoho,0,1,0.0,0,train_split
WC703255,2025-08-07 12:49,legacy_zoho,0,1,0.0,0,train_split
WC703256,2025-08-07 13:03,legacy_zoho,0,1,0.0,0,train_split
WC703257,2025-08-07 13:28,legacy_zoho,0,1,0.0,0,train_split
WC703258,2025-08-07 13:30,legacy_zoho,0,1,0.0,0,train_split
WC703259,2025-08-07 17:16,legacy_zoho,0,1,0.0,0,train_split
WC703260,2025-08-07 18:11,legacy_zoho,0,1,0.0,0,train_split
WC703261,2025-08-07 21:18,legacy_zoho,0,1,0.0,0,train_split
WC703262,2025-08-07 21:40,legacy_zoho,1,2,72.0,0,train_split
WC703263,2025-08-07 21:54,legacy_zoho,0,1,0.0,0,train_split
WC703264,2025-08-07 23:21,legacy_zoho,0,1,0.0,0,train_split
WC703265,2025-08-07 23:35,legacy_zoho,1,2,48.0,0,train_split
WC703266,2025-08-07 23:38,legacy_zoho,1,2,72.0,0,train_split
WC703267,2025-08-08 00:58,legacy_zoho,0,1,0.0,0,train_split
WC703268,2025-08-08 01:09,legacy_zoho,0,1,0.0,0,train_split
WC703269,2025-08-08 02:56,legacy_zoho,0,1,0.0,0,train_split
WC703270,2025-08-08 03:54,legacy_zoho,0,1,0.0,0,train_split
WC703271,2025-08-08 04:07,legacy_zoho,0,1,0.0,0,train_split
WC703272,2025-08-08 04:23,legacy_zoho,0,1,0.0,0,train_split
WC703273,2025-08-08 04:46,legacy_zoho,0,1,0.0,0,train_split
WC703274,2025-08-08 05:53,legacy_zoho,0,1,0.0,0,train_split
WC703275,2025-08-08 06:08,legacy_zoho,0,1,0.0,0,train_split
WC703276,2025-08-08 06:23,legacy_zoho,0,1,0.0,0,train_split
WC703277,2025-08-08 06:29,legacy_zoho,0,1,0.0,0,train_split
WC703278,2025-08-08 07:10,legacy_zoho,0,1,0.0,0,train_split
WC703279,2025-08-08 08:19,legacy_zoho,0,1,0.0,0,train_split
WC703280,2025-08-08 10:04,legacy_zoho,0,1,0.0,0,train_split
WC703281,2025-08-08 10:40,legacy_zoho,1,2,24.0,0,train_split
WC703282,2025-08-08 11:21,legacy_zoho,0,1,0.0,0,train_split
WC703283,2025-08-08 11:37,legacy_zoho,0,1,0.0,0,train_split
WC703284,2025-08-08 12:37,legacy_zoho,0,1,0.0,0,train_split
WC703285,2025-08-08 12:45,legacy_zoho,0,1,0.0,0,train_split
WC703286,2025-08-08 13:53,legacy_zoho,0,1,0.0,0,train_split
WC703287,2025-08-08 14:33,legacy_zoho,0,1,0.0,0,train_split
WC703288,2025-08-08 15:15,legacy_zoho,0,1,0.0,0,train_split
WC703289,2025-08-08 16:30,legacy_zoho,0,1,0.0,0,train_split
WC703290,2025-08-08 17:17,legacy_zoho,0,1,0.0,0,train_split
WC703291,2025-08-08 18:08,legacy_zoho,0,1,0.0,0,train_split
WC703292,2025-08-08 19:42,legacy_zoho,0,1,0.0,0,train_split
WC703293,2025-08-08 20:59,legacy_zoho,0,1,0.0,0,train_split
WC703294,2025-08-08 21:04,legacy_zoho,0,1,0.0,0,train_split
WC703295,2025-08-08 21:36,legacy_zoho,0,1,0.0,0,train_split
WC703296,2025-08-09 00:32,legacy_zoho,0,1,0.0,0,train_split
WC703297,2025-08-09 01:02,legacy_zoho,0,1,0.0,0,train_split
WC703298,2025-08-09 01:49,legacy_zoho,0,1,0.0,0,train_split
WC703299,2025-08-09 07:24,legacy_zoho,0,1,0.0,0,train_split
WC703300,2025-08-09 09:21,legacy_zoho,0,1,0.0,0,train_split
WC703301,2025-08-09 12:31,legacy_zoho,0,1,0.0,0,train_split
WC703302,2025-08-09 13:38,legacy_zoho,0,1,0.0,0,train_split
WC703303,2025-08-09 13:40,legacy_zoho,0,1,0.0,0,train_split
WC703304,2025-08-09 15:36,legacy_zoho,0,1,0.0,0,train_split
WC703305,2025-08-09 16:02,legacy_zoho,0,1,0.0,0,train_split
WC703306,2025-08-09 16:07,legacy_zoho,0,1,0.0,0,train_split
WC703307,2025-08-09 16:51,legacy_zoho,0,1,0.0,0,train_split
WC703308,2025-08-09 17:55,legacy_zoho,0,1,0.0,0,train_split
WC703309,2025-08-09 19:34,legacy_zoho,0,1,0.0,0,train_split
WC703310,2025-08-09 19:36,legacy_zoho,0,1,0.0,0,train_split
WC703311,2025-08-09 19:49,legacy_zoho,0,1,0.0,0,train_split
WC703312,2025-08-09 21:19,legacy_zoho,0,1,0.0,0,train_split
WC703313,2025-08-09 21:44,legacy_zoho,0,1,0.0,0,train_split
WC703314,2025-08-09 22:17,legacy_zoho,0,1,0.0,0,train_split
WC703315,2025-08-10 01:51,legacy_zoho,0,1,0.0,0,train_split
WC703316,2025-08-10 05:00,legacy_zoho,0,1,0.0,0,train_split
WC703317,2025-08-10 05:03,legacy_zoho,0,1,0.0,0,train_split
WC703318,2025-08-10 05:03,legacy_zoho,0,1,0.0,0,train_split
WC703319,2025-08-10 05:05,legacy_zoho,0,1,0.0,0,train_split
WC703320,2025-08-10 05:40,legacy_zoho,0,1,0.0,0,train_split
WC703321,2025-08-10 06:05,legacy_zoho,0,1,0.0,0,train_split
WC703322,2025-08-10 06:28,legacy_zoho,0,1,0.0,0,train_split
WC703323,2025-08-10 06:48,legacy_zoho,0,1,0.0,0,train_split
WC703324,2025-08-10 07:52,legacy_zoho,0,1,0.0,0,train_split
WC703325,2025-08-10 08:53,legacy_zoho,0,1,0.0,0,train_split
WC703326,2025-08-10 10:31,legacy_zoho,0,1,0.0,0,train_split
WC703327,2025-08-10 11:50,legacy_zoho,0,1,0.0,0,train_split
WC703328,2025-08-10 12:11,legacy_zoho,0,1,0.0,0,train_split
WC703329,2025-08-10 13:40,legacy_zoho,0,1,0.0,0,train_split
WC703330,2025-08-10 15:18,legacy_zoho,0,1,0.0,0,train_split
WC703331,2025-08-10 17:14,legacy_zoho,0,1,0.0,0,train_split
WC703332,2025-08-10 17:48,legacy_zoho,0,1,0.0,0,train_split
WC703333,2025-08-10 18:11,legacy_zoho,0,1,0.0,0,train_split
WC703334,2025-08-10 20:10,legacy_zoho,0,1,0.0,0,train_split
WC703335,2025-08-10 20:59,legacy_zoho,0,1,0.0,0,train_split
WC703336,2025-08-10 21:34,legacy_zoho,1,2,72.0,0,train_split
WC703337,2025-08-10 21:45,legacy_zoho,0,1,0.0,0,train_split
WC703338,2025-08-11 00:10,legacy_zoho,0,1,0.0,0,train_split
WC703339,2025-08-11 00:50,legacy_zoho,0,1,0.0,0,train_split
WC703340,2025-08-11 04:24,legacy_zoho,0,1,0.0,0,train_split
WC703341,2025-08-11 06:51,legacy_zoho,0,1,0.0,0,train_split
WC703342,2025-08-11 13:32,legacy_zoho,0,1,0.0,0,train_split
WC703343,2025-08-11 14:01,legacy_zoho,0,1,0.0,0,train_split
WC703344,2025-08-11 15:58,legacy_zoho,0,1,0.0,0,train_split
WC703345,2025-08-11 16:00,legacy_zoho,0,1,0.0,0,train_split
WC703346,2025-08-11 17:04,legacy_zoho,0,1,0.0,0,train_split
WC703347,2025-08-11 17:37,legacy_zoho,0,1,0.0,0,train_split
WC703348,2025-08-11 18:26,legacy_zoho,0,1,0.0,0,train_split
WC703349,2025-08-11 18:45,legacy_zoho,0,1,0.0,0,train_split
WC703350,2025-08-11 20:39,legacy_zoho,0,1,0.0,0,train_split
WC703351,2025-08-11 22:12,legacy_zoho,0,1,0.0,0,train_split
WC703352,2025-08-11 22:25,legacy_zoho,0,1,0.0,0,train_split
WC703353,2025-08-11 22:39,legacy_zoho,0,1,0.0,0,train_split
WC703354,2025-08-11 23:07,legacy_zoho,0,1,0.0,0,train_split
WC703355,2025-08-11 23:26,legacy_zoho,0,1,0.0,0,train_split
WC703356,2025-08-11 23:32,legacy_zoho,0,1,0.0,0,train_split
WC703357,2025-08-11 23:34,legacy_zoho,0,1,0.0,0,train_split
WC703358,2025-08-12 00:06,legacy_zoho,0,1,0.0,0,train_split
WC703359,2025-08-12 00:20,legacy_zoho,0,1,0.0,0,train_split
WC703360,2025-08-12 02:29,legacy_zoho,0,1,0.0,0,train_split
WC703361,2025-08-12 02:51,legacy_zoho,0,1,0.0,0,train_split
WC703362,2025-08-12 02:57,legacy_zoho,0,1,0.0,0,train_split
WC703363,2025-08-12 03:53,legacy_zoho,0,1,0.0,0,train_split
WC703364,2025-08-12 04:04,legacy_zoho,0,1,0.0,0,train_split
WC703365,2025-08-12 04:23,legacy_zoho,0,1,0.0,0,train_split
WC703366,2025-08-12 04:48,legacy_zoho,0,1,0.0,0,train_split
WC703367,2025-08-12 05:06,legacy_zoho,0,1,0.0,0,train_split
WC703368,2025-08-12 06:14,legacy_zoho,0,1,0.0,0,train_split
WC703369,2025-08-12 08:13,legacy_zoho,0,1,0.0,0,train_split
WC703370,2025-08-12 08:51,legacy_zoho,0,1,0.0,0,train_split
WC703371,2025-08-12 10:17,legacy_zoho,0,1,0.0,0,train_split
WC703372,2025-08-12 10:36,legacy_zoho,0,1,0.0,0,train_split
WC703373,2025-08-12 10:44,legacy_zoho,0,1,0.0,0,train_split
WC703374,2025-08-12 12:16,legacy_zoho,0,1,0.0,0,train_split
WC703375,2025-08-12 12:45,legacy_zoho,0,1,0.0,0,train_split
WC703376,2025-08-12 13:20,legacy_zoho,1,2,72.0,0,train_split
WC703377,2025-08-12 14:00,legacy_zoho,0,1,0.0,0,train_split
WC703378,2025-08-12 16:40,legacy_zoho,0,1,0.0,0,train_split
WC703379,2025-08-12 16:49,legacy_zoho,0,1,0.0,0,train_split
WC703380,2025-08-12 18:26,legacy_zoho,1,2,96.0,0,train_split
WC703381,2025-08-12 18:57,legacy_zoho,0,1,0.0,0,train_split
WC703382,2025-08-12 19:10,legacy_zoho,0,1,0.0,0,train_split
WC703383,2025-08-12 23:27,legacy_zoho,0,1,0.0,0,train_split
WC703384,2025-08-12 23:45,legacy_zoho,0,1,0.0,0,train_split
WC703385,2025-08-12 23:52,legacy_zoho,0,1,0.0,0,train_split
WC703386,2025-08-13 01:28,legacy_zoho,0,1,0.0,0,train_split
WC703387,2025-08-13 03:25,legacy_zoho,0,1,0.0,0,train_split
WC703388,2025-08-13 03:46,legacy_zoho,0,1,0.0,0,train_split
WC703389,2025-08-13 04:15,legacy_zoho,0,1,0.0,0,train_split
WC703390,2025-08-13 06:52,legacy_zoho,0,1,0.0,0,train_split
WC703391,2025-08-13 10:20,legacy_zoho,0,1,0.0,0,train_split
WC703392,2025-08-13 12:32,legacy_zoho,0,1,0.0,0,train_split
WC703393,2025-08-13 14:41,legacy_zoho,0,1,0.0,0,train_split
WC703394,2025-08-13 14:45,legacy_zoho,0,1,0.0,0,train_split
WC703395,2025-08-13 16:40,legacy_zoho,0,1,0.0,0,train_split
WC703396,2025-08-13 17:16,legacy_zoho,0,1,0.0,0,train_split
WC703397,2025-08-13 17:55,legacy_zoho,0,1,0.0,0,train_split
WC703398,2025-08-13 18:01,legacy_zoho,0,1,0.0,0,train_split
WC703399,2025-08-13 19:51,legacy_zoho,0,1,0.0,0,train_split
WC703400,2025-08-13 20:11,legacy_zoho,0,1,0.0,0,train_split
WC703401,2025-08-13 20:32,legacy_zoho,0,1,0.0,0,train_split
WC703402,2025-08-13 21:20,legacy_zoho,0,1,0.0,0,train_split
WC703403,2025-08-13 21:44,legacy_zoho,0,1,0.0,0,train_split
WC703404,2025-08-13 22:46,legacy_zoho,0,1,0.0,0,train_split
WC703405,2025-08-14 00:28,legacy_zoho,0,1,0.0,0,train_split
WC703406,2025-08-14 00:56,legacy_zoho,0,1,0.0,0,train_split
WC703407,2025-08-14 01:21,legacy_zoho,0,1,0.0,0,train_split
WC703408,2025-08-14 02:54,legacy_zoho,0,1,0.0,0,train_split
WC703409,2025-08-14 04:03,legacy_zoho,0,1,0.0,0,train_split
WC703410,2025-08-14 04:19,legacy_zoho,0,1,0.0,0,train_split
WC703411,2025-08-14 04:52,legacy_zoho,0,1,0.0,0,train_split
WC703412,2025-08-14 05:13,legacy_zoho,0,1,0.0,0,train_split
WC703413,2025-08-14 08:12,legacy_zoho,0,1,0.0,0,train_split
WC703414,2025-08-14 08:19,legacy_zoho,0,1,0.0,0,train_split
WC703415,2025-08-14 10:16,legacy_zoho,0,1,0.0,0,train_split
WC703416,2025-08-14 10:41,legacy_zoho,0,1,0.0,0,train_split
WC703417,2025-08-14 11:31,legacy_zoho,0,1,0.0,0,train_split
WC703418,2025-08-14 13:50,legacy_zoho,0,1,0.0,0,train_split
WC703419,2025-08-14 14:36,legacy_zoho,0,1,0.0,0,train_split
WC703420,2025-08-14 17:51,legacy_zoho,0,1,0.0,0,train_split
WC703421,2025-08-14 18:30,legacy_zoho,0,1,0.0,0,train_split
WC703422,2025-08-14 19:58,legacy_zoho,1,2,72.0,0,train_split
WC703423,2025-08-15 00:42,legacy_zoho,0,1,0.0,0,train_split
WC703424,2025-08-15 01:37,legacy_zoho,0,1,0.0,0,train_split
WC703425,2025-08-15 02:07,legacy_zoho,0,1,0.0,0,train_split
WC703426,2025-08-15 04:49,legacy_zoho,1,2,120.0,0,train_split
WC703427,2025-08-15 05:48,legacy_zoho,0,1,0.0,0,train_split
WC703428,2025-08-15 06:08,legacy_zoho,0,1,0.0,0,train_split
WC703429,2025-08-15 06:13,legacy_zoho,0,1,0.0,0,train_split
WC703430,2025-08-15 06:32,legacy_zoho,0,1,0.0,0,train_split
WC703431,2025-08-15 11:10,legacy_zoho,0,1,0.0,0,train_split
WC703432,2025-08-15 11:24,legacy_zoho,0,1,0.0,0,train_split
WC703433,2025-08-15 11:58,legacy_zoho,0,1,0.0,0,train_split
WC703434,2025-08-15 12:16,legacy_zoho,0,1,0.0,0,train_split
WC703435,2025-08-15 15:38,legacy_zoho,0,1,0.0,0,train_split
WC703436,2025-08-15 18:13,legacy_zoho,0,1,0.0,0,train_split
WC703437,2025-08-15 19:29,legacy_zoho,0,1,0.0,0,train_split
WC703438,2025-08-15 21:24,legacy_zoho,0,1,0.0,0,train_split
WC703439,2025-08-16 00:08,legacy_zoho,0,1,0.0,0,train_split
WC703440,2025-08-16 01:14,legacy_zoho,0,1,0.0,0,train_split
WC703441,2025-08-16 01:37,legacy_zoho,0,1,0.0,0,train_split
WC703442,2025-08-16 01:54,legacy_zoho,0,1,0.0,0,train_split
WC703443,2025-08-16 02:34,legacy_zoho,0,1,0.0,0,train_split
WC703444,2025-08-16 03:24,legacy_zoho,0,1,0.0,0,train_split
WC703445,2025-08-16 05:04,legacy_zoho,0,1,0.0,0,train_split
WC703446,2025-08-16 05:15,legacy_zoho,0,1,0.0,0,train_split
WC703447,2025-08-16 05:28,legacy_zoho,0,1,0.0,0,train_split
WC703448,2025-08-16 05:43,legacy_zoho,0,1,0.0,0,train_split
WC703449,2025-08-16 07:04,legacy_zoho,1,2,72.0,0,train_split
WC703450,2025-08-16 07:28,legacy_zoho,0,1,0.0,0,train_split
WC703451,2025-08-16 07:31,legacy_zoho,0,1,0.0,0,train_split
WC703452,2025-08-16 10:40,legacy_zoho,0,1,0.0,0,train_split
WC703453,2025-08-16 11:38,legacy_zoho,0,1,0.0,0,train_split
WC703454,2025-08-16 13:15,legacy_zoho,0,1,0.0,0,train_split
WC703455,2025-08-16 13:32,legacy_zoho,1,2,72.0,0,train_split
WC703456,2025-08-16 15:26,legacy_zoho,0,1,0.0,0,train_split
WC703457,2025-08-16 15:36,legacy_zoho,0,1,0.0,0,train_split
WC703458,2025-08-16 16:29,legacy_zoho,0,1,0.0,0,train_split
WC703459,2025-08-16 17:02,legacy_zoho,0,1,0.0,0,train_split
WC703460,2025-08-16 17:18,legacy_zoho,0,1,0.0,0,train_split
WC703461,2025-08-16 18:37,legacy_zoho,0,1,0.0,0,train_split
WC703462,2025-08-16 18:55,legacy_zoho,0,1,0.0,0,train_split
WC703463,2025-08-16 19:16,legacy_zoho,0,1,0.0,0,train_split
WC703464,2025-08-16 19:30,legacy_zoho,0,1,0.0,0,train_split
WC703465,2025-08-16 21:38,legacy_zoho,0,1,0.0,0,train_split
WC703466,2025-08-17 00:12,legacy_zoho,0,1,0.0,0,train_split
WC703467,2025-08-17 00:14,legacy_zoho,0,1,0.0,0,train_split
WC703468,2025-08-17 00:40,legacy_zoho,0,1,0.0,0,train_split
WC703469,2025-08-17 01:55,legacy_zoho,1,2,72.0,0,train_split
WC703470,2025-08-17 03:27,legacy_zoho,0,1,0.0,0,train_split
WC703471,2025-08-17 10:32,legacy_zoho,0,1,0.0,0,train_split
WC703472,2025-08-17 11:36,legacy_zoho,0,1,0.0,0,train_split
WC703473,2025-08-17 12:46,legacy_zoho,0,1,0.0,0,train_split
WC703474,2025-08-17 13:15,legacy_zoho,0,1,0.0,0,train_split
WC703475,2025-08-17 14:07,legacy_zoho,0,1,0.0,0,train_split
WC703476,2025-08-17 17:02,legacy_zoho,0,1,0.0,0,train_split
WC703477,2025-08-17 19:06,legacy_zoho,0,1,0.0,0,train_split
WC703478,2025-08-17 20:08,legacy_zoho,0,1,0.0,0,train_split
WC703479,2025-08-17 21:25,legacy_zoho,0,1,0.0,0,train_split
WC703480,2025-08-17 22:04,legacy_zoho,0,1,0.0,0,train_split
WC703481,2025-08-17 22:56,legacy_zoho,0,1,0.0,0,train_split
WC703482,2025-08-18 02:12,legacy_zoho,0,1,0.0,0,train_split
WC703483,2025-08-18 02:17,legacy_zoho,0,1,0.0,0,train_split
WC703484,2025-08-18 03:18,legacy_zoho,0,1,0.0,0,train_split
WC703485,2025-08-18 03:55,legacy_zoho,0,1,0.0,0,train_split
WC703486,2025-08-18 04:45,legacy_zoho,0,1,0.0,0,train_split
WC703487,2025-08-18 05:39,legacy_zoho,0,1,0.0,0,train_split
WC703488,2025-08-18 07:45,legacy_zoho,0,1,0.0,0,train_split
WC703489,2025-08-18 07:55,legacy_zoho,0,1,0.0,0,train_split
WC703490,2025-08-18 08:31,legacy_zoho,0,1,0.0,0,train_split
WC703491,2025-08-18 08:47,legacy_zoho,0,1,0.0,0,train_split
WC703492,2025-08-18 09:23,legacy_zoho,0,1,0.0,0,train_split
WC703493,2025-08-18 11:26,legacy_zoho,0,1,0.0,0,train_split
WC703494,2025-08-18 12:12,legacy_zoho,0,1,0.0,0,train_split
WC703495,2025-08-18 12:39,legacy_zoho,0,1,0.0,0,train_split
WC703496,2025-08-18 13:11,legacy_zoho,0,1,0.0,0,train_split
WC703497,2025-08-18 13:17,legacy_zoho,0,1,0.0,0,train_split
WC703498,2025-08-18 14:27,legacy_zoho,0,1,0.0,0,train_split
WC703499,2025-08-18 14:35,legacy_zoho,0,1,0.0,0,train_split
WC703500,2025-08-18 14:44,legacy_zoho,0,1,0.0,0,train_split
WC703501,2025-08-18 15:29,legacy_zoho,0,1,0.0,0,train_split
WC703502,2025-08-18 15:37,legacy_zoho,0,1,0.0,0,train_split
WC703503,2025-08-18 15:39,legacy_zoho,0,1,0.0,0,train_split
WC703504,2025-08-18 16:44,legacy_zoho,0,1,0.0,0,train_split
WC703505,2025-08-18 17:38,legacy_zoho,0,1,0.0,0,train_split
WC703506,2025-08-18 17:41,legacy_zoho,0,1,0.0,0,train_split
WC703507,2025-08-18 18:04,legacy_zoho,0,1,0.0,0,train_split
WC703508,2025-08-18 18:56,legacy_zoho,1,2,24.0,0,train_split
WC703509,2025-08-18 20:27,legacy_zoho,0,1,0.0,0,train_split
WC703510,2025-08-18 20:47,legacy_zoho,0,1,0.0,0,train_split
WC703511,2025-08-18 22:19,legacy_zoho,0,1,0.0,0,train_split
WC703512,2025-08-18 22:37,legacy_zoho,0,1,0.0,0,train_split
WC703513,2025-08-18 22:40,legacy_zoho,0,1,0.0,0,train_split
WC703514,2025-08-18 23:18,legacy_zoho,0,1,0.0,0,train_split
WC703515,2025-08-18 23:23,legacy_zoho,0,1,0.0,0,train_split
WC703516,2025-08-18 23:44,legacy_zoho,0,1,0.0,0,train_split
WC703517,2025-08-18 23:48,legacy_zoho,0,1,0.0,0,train_split
WC703518,2025-08-19 06:46,legacy_zoho,1,2,120.0,0,train_split
WC703519,2025-08-19 08:33,legacy_zoho,0,1,0.0,0,train_split
WC703520,2025-08-19 10:55,legacy_zoho,0,1,0.0,0,train_split
WC703521,2025-08-19 12:02,legacy_zoho,0,1,0.0,0,train_split
WC703522,2025-08-19 12:39,legacy_zoho,0,1,0.0,0,train_split
WC703523,2025-08-19 13:17,legacy_zoho,1,2,96.0,0,train_split
WC703524,2025-08-19 14:35,legacy_zoho,0,1,0.0,0,train_split
WC703525,2025-08-19 15:11,legacy_zoho,0,1,0.0,0,train_split
WC703526,2025-08-19 17:20,legacy_zoho,0,1,0.0,0,train_split
WC703527,2025-08-19 19:04,legacy_zoho,0,1,0.0,0,train_split
WC703528,2025-08-19 19:07,legacy_zoho,0,1,0.0,0,train_split
WC703529,2025-08-19 19:25,legacy_zoho,0,1,0.0,0,train_split
WC703530,2025-08-19 19:33,legacy_zoho,0,1,0.0,0,train_split
WC703531,2025-08-19 19:40,legacy_zoho,0,1,0.0,0,train_split
WC703532,2025-08-19 21:22,legacy_zoho,0,1,0.0,0,train_split
WC703533,2025-08-19 22:24,legacy_zoho,0,1,0.0,0,train_split
WC703534,2025-08-19 22:30,legacy_zoho,0,1,0.0,0,train_split
WC703535,2025-08-19 23:49,legacy_zoho,0,1,0.0,0,train_split
WC703536,2025-08-20 00:24,legacy_zoho,1,2,120.0,0,train_split
WC703537,2025-08-20 01:09,legacy_zoho,0,1,0.0,0,train_split
WC703538,2025-08-20 01:48,legacy_zoho,0,1,0.0,0,train_split
WC703539,2025-08-20 02:26,legacy_zoho,0,1,0.0,0,train_split
WC703540,2025-08-20 03:03,legacy_zoho,0,1,0.0,0,train_split
WC703541,2025-08-20 03:09,legacy_zoho,0,1,0.0,0,train_split
WC703542,2025-08-20 03:47,legacy_zoho,0,1,0.0,0,train_split
WC703543,2025-08-20 03:53,legacy_zoho,0,1,0.0,0,train_split
WC703544,2025-08-20 05:47,legacy_zoho,0,1,0.0,0,train_split
WC703545,2025-08-20 06:07,legacy_zoho,0,1,0.0,0,train_split
WC703546,2025-08-20 06:11,legacy_zoho,0,1,0.0,0,train_split
WC703547,2025-08-20 06:50,legacy_zoho,0,1,0.0,0,train_split
WC703548,2025-08-20 07:52,legacy_zoho,0,1,0.0,0,train_split
WC703549,2025-08-20 08:34,legacy_zoho,0,1,0.0,0,train_split
WC703550,2025-08-20 09:05,legacy_zoho,0,1,0.0,0,train_split
WC703551,2025-08-20 10:54,legacy_zoho,1,2,120.0,0,train_split
WC703552,2025-08-20 11:16,legacy_zoho,0,1,0.0,0,train_split
WC703553,2025-08-20 11:39,legacy_zoho,0,1,0.0,0,train_split
WC703554,2025-08-20 13:55,legacy_zoho,0,1,0.0,0,train_split
WC703555,2025-08-20 15:04,legacy_zoho,0,1,0.0,0,train_split
WC703556,2025-08-20 16:16,legacy_zoho,0,1,0.0,0,train_split
WC703557,2025-08-20 18:18,legacy_zoho,0,1,0.0,0,train_split
WC703558,2025-08-20 21:40,legacy_zoho,0,1,0.0,0,train_split
WC703559,2025-08-20 22:02,legacy_zoho,1,2,96.0,0,train_split
WC703560,2025-08-21 00:33,legacy_zoho,0,1,0.0,0,train_split
WC703561,2025-08-21 00:42,legacy_zoho,0,1,0.0,0,train_split
WC703562,2025-08-21 01:58,legacy_zoho,0,1,0.0,0,train_split
WC703563,2025-08-21 02:29,legacy_zoho,1,2,24.0,0,train_split
WC703564,2025-08-21 02:30,legacy_zoho,0,1,0.0,0,train_split
WC703565,2025-08-21 03:10,legacy_zoho,0,1,0.0,0,train_split
WC703566,2025-08-21 04:22,legacy_zoho,0,1,0.0,0,train_split
WC703567,2025-08-21 04:45,legacy_zoho,0,1,0.0,0,train_split
WC703568,2025-08-21 05:10,legacy_zoho,0,1,0.0,0,train_split
WC703569,2025-08-21 05:19,legacy_zoho,0,1,0.0,0,train_split
WC703570,2025-08-21 06:55,legacy_zoho,0,1,0.0,0,train_split
WC703571,2025-08-21 06:56,legacy_zoho,0,1,0.0,0,train_split
WC703572,2025-08-21 09:04,legacy_zoho,0,1,0.0,0,train_split
WC703573,2025-08-21 09:17,legacy_zoho,0,1,0.0,0,train_split
WC703574,2025-08-21 09:19,legacy_zoho,0,1,0.0,0,train_split
WC703575,2025-08-21 11:06,legacy_zoho,0,1,0.0,0,train_split
WC703576,2025-08-21 11:08,legacy_zoho,0,1,0.0,0,train_split
WC703577,2025-08-21 14:05,legacy_zoho,0,1,0.0,0,train_split
WC703578,2025-08-21 14:13,legacy_zoho,1,2,24.0,0,train_split
WC703579,2025-08-21 14:17,legacy_zoho,0,1,0.0,0,train_split
WC703580,2025-08-21 15:42,legacy_zoho,0,1,0.0,0,train_split
WC703581,2025-08-21 19:05,legacy_zoho,0,1,0.0,0,train_split
WC703582,2025-08-21 19:17,legacy_zoho,0,1,0.0,0,train_split
WC703583,2025-08-21 19:20,legacy_zoho,0,1,0.0,0,train_split
WC703584,2025-08-21 20:07,legacy_zoho,1,2,24.0,0,train_split
WC703585,2025-08-21 20:11,legacy_zoho,0,1,0.0,0,train_split
WC703586,2025-08-21 20:42,legacy_zoho,0,1,0.0,0,train_split
WC703587,2025-08-21 21:22,legacy_zoho,0,1,0.0,0,train_split
WC703588,2025-08-21 22:06,legacy_zoho,0,1,0.0,0,train_split
WC703589,2025-08-21 22:49,legacy_zoho,0,1,0.0,0,train_split
WC703590,2025-08-21 22:51,legacy_zoho,0,1,0.0,0,train_split
WC703591,2025-08-21 23:00,legacy_zoho,0,1,0.0,0,train_split
WC703592,2025-08-22 00:01,legacy_zoho,0,1,0.0,0,train_split
WC703593,2025-08-22 01:00,legacy_zoho,0,1,0.0,0,train_split
WC703594,2025-08-22 03:42,legacy_zoho,0,1,0.0,0,train_split
WC703595,2025-08-22 05:10,legacy_zoho,0,1,0.0,0,train_split
WC703596,2025-08-22 06:31,legacy_zoho,0,1,0.0,0,train_split
WC703597,2025-08-22 06:40,legacy_zoho,0,1,0.0,0,train_split
WC703598,2025-08-22 06:52,legacy_zoho,1,2,120.0,0,train_split
WC703599,2025-08-22 08:20,legacy_zoho,0,1,0.0,0,train_split
WC703600,2025-08-22 10:13,legacy_zoho,0,1,0.0,0,train_split
WC703601,2025-08-22 10:57,legacy_zoho,0,1,0.0,0,train_split
WC703602,2025-08-22 11:00,legacy_zoho,0,1,0.0,0,train_split
WC703603,2025-08-22 11:03,legacy_zoho,0,1,0.0,0,train_split
WC703604,2025-08-22 11:25,legacy_zoho,0,1,0.0,0,train_split
WC703605,2025-08-22 13:04,legacy_zoho,0,1,0.0,0,train_split
WC703606,2025-08-22 13:43,legacy_zoho,0,1,0.0,0,train_split
WC703607,2025-08-22 16:16,legacy_zoho,0,1,0.0,0,train_split
WC703608,2025-08-22 16:24,legacy_zoho,0,1,0.0,0,train_split
WC703609,2025-08-22 16:35,legacy_zoho,0,1,0.0,0,train_split
WC703610,2025-08-22 17:10,legacy_zoho,0,1,0.0,0,train_split
WC703611,2025-08-22 18:32,legacy_zoho,0,1,0.0,0,train_split
WC703612,2025-08-22 19:43,legacy_zoho,0,1,0.0,0,train_split
WC703613,2025-08-22 20:48,legacy_zoho,0,1,0.0,0,train_split
WC703614,2025-08-22 21:59,legacy_zoho,0,1,0.0,0,train_split
WC703615,2025-08-22 22:12,legacy_zoho,0,1,0.0,0,train_split
WC703616,2025-08-22 22:14,legacy_zoho,0,1,0.0,0,train_split
WC703617,2025-08-22 22:42,legacy_zoho,0,1,0.0,0,train_split
WC703618,2025-08-22 22:51,legacy_zoho,0,1,0.0,0,train_split
WC703619,2025-08-22 22:58,legacy_zoho,0,1,0.0,0,train_split
WC703620,2025-08-23 00:46,legacy_zoho,0,1,0.0,0,train_split
WC703621,2025-08-23 01:10,legacy_zoho,0,1,0.0,0,train_split
WC703622,2025-08-23 01:44,legacy_zoho,0,1,0.0,0,train_split
WC703623,2025-08-23 01:49,legacy_zoho,0,1,0.0,0,train_split
WC703624,2025-08-23 01:59,legacy_zoho,0,1,0.0,0,train_split
WC703625,2025-08-23 02:05,legacy_zoho,0,1,0.0,0,train_split
WC703626,2025-08-23 04:52,legacy_zoho,0,1,0.0,0,train_split
WC703627,2025-08-23 06:29,legacy_zoho,0,1,0.0,0,train_split
WC703628,2025-08-23 06:54,legacy_zoho,1,2,48.0,0,train_split
WC703629,2025-08-23 07:52,legacy_zoho,0,1,0.0,0,train_split
WC703630,2025-08-23 08:20,legacy_zoho,0,1,0.0,0,train_split
WC703631,2025-08-23 11:07,legacy_zoho,0,1,0.0,0,train_split
WC703632,2025-08-23 11:49,legacy_zoho,0,1,0.0,0,train_split
WC703633,2025-08-23 12:27,legacy_zoho,0,1,0.0,0,train_split
WC703634,2025-08-23 12:34,legacy_zoho,0,1,0.0,0,train_split
WC703635,2025-08-23 13:50,legacy_zoho,1,2,72.0,0,train_split
WC703636,2025-08-23 14:47,legacy_zoho,0,1,0.0,0,train_split
WC703637,2025-08-23 16:18,legacy_zoho,0,1,0.0,0,train_split
WC703638,2025-08-23 16:53,legacy_zoho,0,1,0.0,0,train_split
WC703639,2025-08-23 18:31,legacy_zoho,0,1,0.0,0,train_split
WC703640,2025-08-23 20:21,legacy_zoho,0,1,0.0,0,train_split
WC703641,2025-08-23 22:09,legacy_zoho,0,1,0.0,0,train_split
WC703642,2025-08-23 22:14,legacy_zoho,0,1,0.0,0,train_split
WC703643,2025-08-23 22:15,legacy_zoho,0,1,0.0,0,train_split
WC703644,2025-08-23 23:10,legacy_zoho,0,1,0.0,0,train_split
WC703645,2025-08-23 23:35,legacy_zoho,0,1,0.0,0,train_split
WC703646,2025-08-23 23:40,legacy_zoho,0,1,0.0,0,train_split
WC703647,2025-08-24 00:23,legacy_zoho,0,1,0.0,1,train_split
WC703648,2025-08-24 00:26,legacy_zoho,0,1,0.0,0,train_split
WC703649,2025-08-24 01:51,legacy_zoho,0,1,0.0,0,train_split
WC703650,2025-08-24 02:18,legacy_zoho,0,1,0.0,0,train_split
WC703651,2025-08-24 03:11,legacy_zoho,0,1,0.0,0,train_split
WC703652,2025-08-24 04:32,legacy_zoho,0,1,0.0,0,train_split
WC703653,2025-08-24 04:37,legacy_zoho,0,1,0.0,0,train_split
WC703654,2025-08-24 07:07,legacy_zoho,0,1,0.0,0,train_split
WC703655,2025-08-24 08:01,legacy_zoho,0,1,0.0,0,train_split
WC703656,2025-08-24 11:37,legacy_zoho,0,1,0.0,0,train_split
WC703657,2025-08-24 12:08,legacy_zoho,0,1,0.0,0,train_split
WC703658,2025-08-24 12:32,legacy_zoho,0,1,0.0,0,train_split
WC703659,2025-08-24 13:22,legacy_zoho,1,2,24.0,0,train_split
WC703660,2025-08-24 14:06,legacy_zoho,0,1,0.0,0,train_split
WC703661,2025-08-24 14:46,legacy_zoho,0,1,0.0,0,train_split
WC703662,2025-08-24 17:00,legacy_zoho,0,1,0.0,0,train_split
WC703663,2025-08-24 21:25,legacy_zoho,0,1,0.0,0,train_split
WC703664,2025-08-24 22:07,legacy_zoho,0,1,0.0,0,train_split
WC703665,2025-08-24 22:49,legacy_zoho,0,1,0.0,0,train_split
WC703666,2025-08-25 03:31,legacy_zoho,0,1,0.0,0,train_split
WC703667,2025-08-25 04:03,legacy_zoho,0,1,0.0,0,train_split
WC703668,2025-08-25 04:15,legacy_zoho,0,1,0.0,0,train_split
WC703669,2025-08-25 06:39,legacy_zoho,0,1,0.0,0,train_split
WC703670,2025-08-25 08:49,legacy_zoho,0,1,0.0,0,train_split
WC703671,2025-08-25 09:40,legacy_zoho,0,1,0.0,0,train_split
WC703672,2025-08-25 12:29,legacy_zoho,0,1,0.0,0,train_split
WC703673,2025-08-25 13:03,legacy_zoho,0,1,0.0,0,train_split
WC703674,2025-08-25 13:24,legacy_zoho,0,1,0.0,0,train_split
WC703675,2025-08-25 13:36,legacy_zoho,0,1,0.0,0,train_split
WC703676,2025-08-25 13:48,legacy_zoho,0,1,0.0,0,train_split
WC703677,2025-08-25 14:21,legacy_zoho,0,1,0.0,0,train_split
WC703678,2025-08-25 14:56,legacy_zoho,0,1,0.0,0,train_split
WC703679,2025-08-25 15:47,legacy_zoho,0,1,0.0,0,train_split
WC703680,2025-08-25 16:25,legacy_zoho,0,1,0.0,0,train_split
WC703681,2025-08-25 18:56,legacy_zoho,0,1,0.0,0,train_split
WC703682,2025-08-25 19:04,legacy_zoho,0,1,0.0,0,train_split
WC703683,2025-08-25 19:25,legacy_zoho,0,1,0.0,0,train_split
WC703684,2025-08-25 19:26,legacy_zoho,0,1,0.0,0,train_split
WC703685,2025-08-25 20:24,legacy_zoho,0,1,0.0,0,train_split
WC703686,2025-08-25 21:12,legacy_zoho,0,1,0.0,0,train_split
WC703687,2025-08-25 21:13,legacy_zoho,0,1,0.0,0,train_split
WC703688,2025-08-25 23:07,legacy_zoho,0,1,0.0,0,train_split
WC703689,2025-08-25 23:16,legacy_zoho,0,1,0.0,0,train_split
WC703690,2025-08-26 00:19,legacy_zoho,0,1,0.0,0,train_split
WC703691,2025-08-26 00:54,legacy_zoho,0,1,0.0,0,train_split
WC703692,2025-08-26 02:08,legacy_zoho,0,1,0.0,0,train_split
WC703693,2025-08-26 02:25,legacy_zoho,0,1,0.0,0,train_split
WC703694,2025-08-26 04:09,legacy_zoho,0,1,0.0,0,train_split
WC703695,2025-08-26 05:18,legacy_zoho,0,1,0.0,0,train_split
WC703696,2025-08-26 06:01,legacy_zoho,0,1,0.0,0,train_split
WC703697,2025-08-26 06:24,legacy_zoho,1,2,72.0,0,train_split
WC703698,2025-08-26 10:30,legacy_zoho,0,1,0.0,0,train_split
WC703699,2025-08-26 10:58,legacy_zoho,0,1,0.0,0,train_split
WC703700,2025-08-26 11:02,legacy_zoho,0,1,0.0,0,train_split
WC703701,2025-08-26 11:30,legacy_zoho,0,1,0.0,0,train_split
WC703702,2025-08-26 12:34,legacy_zoho,0,1,0.0,0,train_split
WC703703,2025-08-26 12:36,legacy_zoho,1,2,120.0,0,train_split
WC703704,2025-08-26 12:52,legacy_zoho,0,1,0.0,0,train_split
WC703705,2025-08-26 14:21,legacy_zoho,0,1,0.0,0,train_split
WC703706,2025-08-26 14:35,legacy_zoho,0,1,0.0,0,train_split
WC703707,2025-08-26 14:56,legacy_zoho,0,1,0.0,0,train_split
WC703708,2025-08-26 15:10,legacy_zoho,0,1,0.0,0,train_split
WC703709,2025-08-26 15:20,legacy_zoho,1,2,48.0,0,train_split
WC703710,2025-08-26 15:47,legacy_zoho,0,1,0.0,0,train_split
WC703711,2025-08-26 16:10,legacy_zoho,1,2,120.0,0,train_split
WC703712,2025-08-26 18:19,legacy_zoho,0,1,0.0,0,train_split
WC703713,2025-08-26 20:01,legacy_zoho,0,1,0.0,0,train_split
WC703714,2025-08-26 20:27,legacy_zoho,0,1,0.0,0,train_split
WC703715,2025-08-26 22:04,legacy_zoho,0,1,0.0,0,train_split
WC703716,2025-08-26 23:20,legacy_zoho,0,1,0.0,0,train_split
WC703717,2025-08-26 23:32,legacy_zoho,0,1,0.0,0,train_split
WC703718,2025-08-27 01:34,legacy_zoho,0,1,0.0,0,train_split
WC703719,2025-08-27 02:03,legacy_zoho,0,1,0.0,0,train_split
WC703720,2025-08-27 02:33,legacy_zoho,0,1,0.0,0,train_split
WC703721,2025-08-27 05:18,legacy_zoho,0,1,0.0,0,train_split
WC703722,2025-08-27 06:52,legacy_zoho,0,1,0.0,0,train_split
WC703723,2025-08-27 07:52,legacy_zoho,0,1,0.0,0,train_split
WC703724,2025-08-27 08:16,legacy_zoho,0,1,0.0,0,train_split
WC703725,2025-08-27 08:56,legacy_zoho,0,1,0.0,0,train_split
WC703726,2025-08-27 10:15,legacy_zoho,0,1,0.0,0,train_split
WC703727,2025-08-27 12:56,legacy_zoho,0,1,0.0,0,train_split
WC703728,2025-08-27 16:19,legacy_zoho,0,1,0.0,0,train_split
WC703729,2025-08-27 16:34,legacy_zoho,1,2,120.0,0,train_split
WC703730,2025-08-27 16:54,legacy_zoho,0,1,0.0,0,train_split
WC703731,2025-08-27 17:39,legacy_zoho,0,1,0.0,0,train_split
WC703732,2025-08-27 18:07,legacy_zoho,0,1,0.0,0,train_split
WC703733,2025-08-27 18:58,legacy_zoho,0,1,0.0,0,train_split
WC703734,2025-08-27 20:03,legacy_zoho,0,1,0.0,0,train_split
WC703735,2025-08-27 20:59,legacy_zoho,0,1,0.0,0,train_split
WC703736,2025-08-27 22:15,legacy_zoho,0,1,0.0,0,train_split
WC703737,2025-08-28 01:31,legacy_zoho,0,1,0.0,0,train_split
WC703738,2025-08-28 02:09,legacy_zoho,0,1,0.0,0,train_split
WC703739,2025-08-28 03:04,legacy_zoho,1,2,48.0,0,train_split
WC703740,2025-08-28 06:52,legacy_zoho,0,1,0.0,0,train_split
WC703741,2025-08-28 07:18,legacy_zoho,0,1,0.0,0,train_split
WC703742,2025-08-28 07:31,legacy_zoho,0,1,0.0,0,train_split
WC703743,2025-08-28 08:25,legacy_zoho,0,1,0.0,0,train_split
WC703744,2025-08-28 10:08,legacy_zoho,0,1,0.0,0,train_split
WC703745,2025-08-28 10:30,legacy_zoho,0,1,0.0,0,train_split
WC703746,2025-08-28 10:33,legacy_zoho,0,1,0.0,0,train_split
WC703747,2025-08-28 11:23,legacy_zoho,0,1,0.0,0,train_split
WC703748,2025-08-28 12:27,legacy_zoho,0,1,0.0,0,train_split
WC703749,2025-08-28 12:37,legacy_zoho,0,1,0.0,0,train_split
WC703750,2025-08-28 13:23,legacy_zoho,0,1,0.0,0,train_split
WC703751,2025-08-28 13:24,legacy_zoho,0,1,0.0,0,train_split
WC703752,2025-08-28 14:26,legacy_zoho,0,1,0.0,0,train_split
WC703753,2025-08-28 15:53,legacy_zoho,0,1,0.0,0,train_split
WC703754,2025-08-28 16:13,legacy_zoho,0,1,0.0,0,train_split
WC703755,2025-08-28 17:01,legacy_zoho,0,1,0.0,0,train_split
WC703756,2025-08-28 18:31,legacy_zoho,0,1,0.0,0,train_split
WC703757,2025-08-28 18:45,legacy_zoho,0,1,0.0,0,train_split
WC703758,2025-08-28 19:58,legacy_zoho,0,1,0.0,0,train_split
WC703759,2025-08-28 20:49,legacy_zoho,0,1,0.0,0,train_split
WC703760,2025-08-28 22:48,legacy_zoho,0,1,0.0,0,train_split
WC703761,2025-08-28 23:20,legacy_zoho,0,1,0.0,0,train_split
WC703762,2025-08-28 23:48,legacy_zoho,0,1,0.0,0,train_split
WC703763,2025-08-29 00:50,legacy_zoho,0,1,0.0,0,train_split
WC703764,2025-08-29 01:20,legacy_zoho,0,1,0.0,0,train_split
WC703765,2025-08-29 01:35,legacy_zoho,0,1,0.0,0,train_split
WC703766,2025-08-29 01:47,legacy_zoho,0,1,0.0,0,train_split
WC703767,2025-08-29 03:01,legacy_zoho,0,1,0.0,0,train_split
WC703768,2025-08-29 03:25,legacy_zoho,0,1,0.0,0,train_split
WC703769,2025-08-29 03:25,legacy_zoho,0,1,0.0,0,train_split
WC703770,2025-08-29 03:45,legacy_zoho,0,1,0.0,0,train_split
WC703771,2025-08-29 05:55,legacy_zoho,0,1,0.0,0,train_split
WC703772,2025-08-29 06:29,legacy_zoho,0,1,0.0,0,train_split
WC703773,2025-08-29 07:20,legacy_zoho,0,1,0.0,0,train_split
WC703774,2025-08-29 07:49,legacy_zoho,0,1,0.0,0,train_split
WC703775,2025-08-29 08:30,legacy_zoho,0,1,0.0,0,train_split
WC703776,2025-08-29 09:17,legacy_zoho,0,1,0.0,0,train_split
WC703777,2025-08-29 09:24,legacy_zoho,0,1,0.0,0,train_split
WC703778,2025-08-29 09:31,legacy_zoho,0,1,0.0,0,train_split
WC703779,2025-08-29 12:22,legacy_zoho,0,1,0.0,0,train_split
WC703780,2025-08-29 13:01,legacy_zoho,0,1,0.0,0,train_split
WC703781,2025-08-29 15:04,legacy_zoho,0,1,0.0,0,train_split
WC703782,2025-08-29 15:35,legacy_zoho,0,1,0.0,0,train_split
WC703783,2025-08-29 15:46,legacy_zoho,0,1,0.0,0,train_split
WC703784,2025-08-29 16:00,legacy_zoho,0,1,0.0,0,train_split
WC703785,2025-08-29 16:12,legacy_zoho,0,1,0.0,0,train_split
WC703786,2025-08-29 17:26,legacy_zoho,0,1,0.0,0,train_split
WC703787,2025-08-29 18:27,legacy_zoho,0,1,0.0,0,train_split
WC703788,2025-08-29 20:06,legacy_zoho,0,1,0.0,0,train_split
WC703789,2025-08-29 20:06,legacy_zoho,0,1,0.0,0,train_split
WC703790,2025-08-30 00:25,legacy_zoho,0,1,0.0,0,train_split
WC703791,2025-08-30 01:09,legacy_zoho,0,1,0.0,1,train_split
WC703792,2025-08-30 01:54,legacy_zoho,0,1,0.0,0,train_split
WC703793,2025-08-30 02:52,legacy_zoho,0,1,0.0,0,train_split
WC703794,2025-08-30 06:40,legacy_zoho,0,1,0.0,0,train_split
WC703795,2025-08-30 08:01,legacy_zoho,0,1,0.0,0,train_split
WC703796,2025-08-30 10:41,legacy_zoho,0,1,0.0,0,train_split
WC703797,2025-08-30 11:30,legacy_zoho,0,1,0.0,0,train_split
WC703798,2025-08-30 12:44,legacy_zoho,0,1,0.0,0,train_split
WC703799,2025-08-30 14:08,legacy_zoho,0,1,0.0,0,train_split
WC703800,2025-08-30 16:14,legacy_zoho,0,1,0.0,0,train_split
WC703801,2025-08-30 17:38,legacy_zoho,0,1,0.0,0,train_split
WC703802,2025-08-30 18:16,legacy_zoho,0,1,0.0,0,train_split
WC703803,2025-08-30 18:20,legacy_zoho,0,1,0.0,0,train_split
WC703804,2025-08-30 18:39,legacy_zoho,0,1,0.0,0,train_split
WC703805,2025-08-30 18:43,legacy_zoho,0,1,0.0,0,train_split
WC703806,2025-08-31 00:12,legacy_zoho,0,1,0.0,0,train_split
WC703807,2025-08-31 00:51,legacy_zoho,0,1,0.0,0,train_split
WC703808,2025-08-31 01:09,legacy_zoho,0,1,0.0,0,train_split
WC703809,2025-08-31 01:20,legacy_zoho,0,1,0.0,0,train_split
WC703810,2025-08-31 02:29,legacy_zoho,0,1,0.0,0,train_split
WC703811,2025-08-31 02:35,legacy_zoho,0,1,0.0,0,train_split
WC703812,2025-08-31 02:54,legacy_zoho,0,1,0.0,0,train_split
WC703813,2025-08-31 04:57,legacy_zoho,0,1,0.0,0,train_split
WC703814,2025-08-31 05:27,legacy_zoho,0,1,0.0,0,train_split
WC703815,2025-08-31 06:50,legacy_zoho,0,1,0.0,0,train_split
WC703816,2025-08-31 08:36,legacy_zoho,0,1,0.0,0,train_split
WC703817,2025-08-31 08:53,legacy_zoho,0,1,0.0,1,train_split
WC703818,2025-08-31 09:48,legacy_zoho,0,1,0.0,0,train_split
WC703819,2025-08-31 10:41,legacy_zoho,0,1,0.0,0,train_split
WC703820,2025-08-31 12:23,legacy_zoho,0,1,0.0,0,train_split
WC703821,2025-08-31 14:10,legacy_zoho,0,1,0.0,0,train_split
WC703822,2025-08-31 14:40,legacy_zoho,0,1,0.0,0,train_split
WC703823,2025-08-31 14:48,legacy_zoho,0,1,0.0,0,train_split
WC703824,2025-08-31 15:00,legacy_zoho,0,1,0.0,0,train_split
WC703825,2025-08-31 17:17,legacy_zoho,0,1,0.0,0,train_split
WC703826,2025-08-31 17:22,legacy_zoho,0,1,0.0,0,train_split
WC703827,2025-08-31 17:41,legacy_zoho,0,1,0.0,0,train_split
WC703828,2025-08-31 19:46,legacy_zoho,0,1,0.0,0,train_split
WC703829,2025-08-31 20:01,legacy_zoho,0,1,0.0,0,train_split
WC703830,2025-08-31 23:46,legacy_zoho,0,1,0.0,0,train_split
WC703831,2025-08-31 23:48,legacy_zoho,0,1,0.0,0,train_split
WC703832,2025-09-01 00:53,legacy_zoho,0,1,0.0,0,train_split
WC703833,2025-09-01 02:33,legacy_zoho,0,1,0.0,0,train_split
WC703834,2025-09-01 04:45,legacy_zoho,0,1,0.0,0,train_split
WC703835,2025-09-01 05:46,legacy_zoho,0,1,0.0,0,train_split
WC703836,2025-09-01 07:02,legacy_zoho,0,1,0.0,0,train_split
WC703837,2025-09-01 08:33,legacy_zoho,0,1,0.0,0,train_split
WC703838,2025-09-01 09:26,legacy_zoho,0,1,0.0,0,train_split
WC703839,2025-09-01 09:32,legacy_zoho,0,1,0.0,0,train_split
WC703840,2025-09-01 09:40,legacy_zoho,0,1,0.0,0,train_split
WC703841,2025-09-01 10:32,legacy_zoho,0,1,0.0,0,train_split
WC703842,2025-09-01 11:20,legacy_zoho,0,1,0.0,0,train_split
WC703843,2025-09-01 11:26,legacy_zoho,0,1,0.0,0,train_split
WC703844,2025-09-01 13:04,legacy_zoho,0,1,0.0,0,train_split
WC703845,2025-09-01 13:06,legacy_zoho,0,1,0.0,0,train_split
WC703846,2025-09-01 14:07,legacy_zoho,0,1,0.0,0,train_split
WC703847,2025-09-01 14:19,legacy_zoho,0,1,0.0,0,train_split
WC703848,2025-09-01 14:35,legacy_zoho,0,1,0.0,0,train_split
WC703849,2025-09-01 16:19,legacy_zoho,0,1,0.0,0,train_split
WC703850,2025-09-01 16:25,legacy_zoho,1,2,96.0,0,train_split
WC703851,2025-09-01 17:03,legacy_zoho,0,1,0.0,0,train_split
WC703852,2025-09-01 17:33,legacy_zoho,0,1,0.0,0,train_split
WC703853,2025-09-01 17:39,legacy_zoho,0,1,0.0,1,train_split
WC703854,2025-09-01 17:45,legacy_zoho,1,2,120.0,0,train_split
WC703855,2025-09-01 17:54,legacy_zoho,1,2,72.0,0,train_split
WC703856,2025-09-01 18:05,legacy_zoho,0,1,0.0,0,train_split
WC703857,2025-09-01 18:33,legacy_zoho,0,1,0.0,0,train_split
WC703858,2025-09-01 19:33,legacy_zoho,0,1,0.0,0,train_split
WC703859,2025-09-01 19:38,legacy_zoho,1,2,48.0,0,train_split
WC703860,2025-09-01 20:33,legacy_zoho,0,1,0.0,0,train_split
WC703861,2025-09-01 20:35,legacy_zoho,0,1,0.0,0,train_split
WC703862,2025-09-01 21:07,legacy_zoho,0,1,0.0,0,train_split
WC703863,2025-09-01 21:56,legacy_zoho,0,1,0.0,0,train_split
WC703864,2025-09-01 22:59,legacy_zoho,0,1,0.0,0,train_split
WC703865,2025-09-01 23:01,legacy_zoho,1,2,120.0,0,train_split
WC703866,2025-09-01 23:03,legacy_zoho,0,1,0.0,0,train_split
WC703867,2025-09-01 23:25,legacy_zoho,0,1,0.0,0,train_split
WC703868,2025-09-02 00:34,legacy_zoho,0,1,0.0,0,train_split
WC703869,2025-09-02 00:48,legacy_zoho,0,1,0.0,0,train_split
WC703870,2025-09-02 02:05,legacy_zoho,0,1,0.0,0,train_split
WC703871,2025-09-02 02:48,legacy_zoho,0,1,0.0,0,train_split
WC703872,2025-09-02 05:04,legacy_zoho,0,1,0.0,0,train_split
WC703873,2025-09-02 05:52,legacy_zoho,0,1,0.0,0,train_split
WC703874,2025-09-02 07:42,legacy_zoho,0,1,0.0,0,train_split
WC703875,2025-09-02 08:24,legacy_zoho,0,1,0.0,0,train_split
WC703876,2025-09-02 13:29,legacy_zoho,0,1,0.0,0,train_split
WC703877,2025-09-02 16:09,legacy_zoho,0,1,0.0,0,train_split
WC703878,2025-09-02 16:45,legacy_zoho,0,1,0.0,0,train_split
WC703879,2025-09-02 20:59,legacy_zoho,0,1,0.0,0,train_split
WC703880,2025-09-02 22:19,legacy_zoho,0,1,0.0,0,train_split
WC703881,2025-09-02 22:31,legacy_zoho,0,1,0.0,0,train_split
WC703882,2025-09-03 02:47,legacy_zoho,0,1,0.0,0,train_split
WC703883,2025-09-03 04:19,legacy_zoho,0,1,0.0,0,train_split
WC703884,2025-09-03 04:59,legacy_zoho,0,1,0.0,0,train_split
WC703885,2025-09-03 06:03,legacy_zoho,0,1,0.0,0,train_split
WC703886,2025-09-03 06:43,legacy_zoho,0,1,0.0,0,train_split
WC703887,2025-09-03 07:18,legacy_zoho,1,2,96.0,0,train_split
WC703888,2025-09-03 07:27,legacy_zoho,0,1,0.0,0,train_split
WC703889,2025-09-03 08:49,legacy_zoho,0,1,0.0,0,train_split
WC703890,2025-09-03 09:05,legacy_zoho,1,2,48.0,0,train_split
WC703891,2025-09-03 09:17,legacy_zoho,0,1,0.0,0,train_split
WC703892,2025-09-03 09:33,legacy_zoho,0,1,0.0,0,train_split
WC703893,2025-09-03 11:07,legacy_zoho,0,1,0.0,0,train_split
WC703894,2025-09-03 11:39,legacy_zoho,0,1,0.0,0,train_split
WC703895,2025-09-03 11:43,legacy_zoho,0,1,0.0,0,train_split
WC703896,2025-09-03 12:03,legacy_zoho,0,1,0.0,0,train_split
WC703897,2025-09-03 12:28,legacy_zoho,0,1,0.0,0,train_split
WC703898,2025-09-03 13:57,legacy_zoho,0,1,0.0,0,train_split
WC703899,2025-09-03 15:08,legacy_zoho,1,2,48.0,0,train_split
WC703900,2025-09-03 16:11,legacy_zoho,0,1,0.0,0,train_split
WC703901,2025-09-03 16:44,legacy_zoho,0,1,0.0,0,train_split
WC703902,2025-09-03 17:16,legacy_zoho,0,1,0.0,0,train_split
WC703903,2025-09-03 18:05,legacy_zoho,0,1,0.0,0,train_split
WC703904,2025-09-03 18:05,legacy_zoho,0,1,0.0,0,train_split
WC703905,2025-09-03 19:08,legacy_zoho,0,1,0.0,0,train_split
WC703906,2025-09-03 19:20,legacy_zoho,0,1,0.0,0,train_split
WC703907,2025-09-03 21:16,legacy_zoho,0,1,0.0,0,train_split
WC703908,2025-09-03 21:31,legacy_zoho,0,1,0.0,0,train_split
WC703909,2025-09-03 22:13,legacy_zoho,0,1,0.0,0,train_split
WC703910,2025-09-04 00:27,legacy_zoho,0,1,0.0,0,train_split
WC703911,2025-09-04 01:14,legacy_zoho,0,1,0.0,1,train_split
WC703912,2025-09-04 01:49,legacy_zoho,0,1,0.0,0,train_split
WC703913,2025-09-04 02:13,legacy_zoho,0,1,0.0,0,train_split
WC703914,2025-09-04 02:24,legacy_zoho,0,1,0.0,0,train_split
WC703915,2025-09-04 04:28,legacy_zoho,0,1,0.0,0,train_split
WC703916,2025-09-04 04:33,legacy_zoho,0,1,0.0,0,train_split
WC703917,2025-09-04 05:02,legacy_zoho,0,1,0.0,0,train_split
WC703918,2025-09-04 05:50,legacy_zoho,1,2,48.0,0,train_split
WC703919,2025-09-04 06:14,legacy_zoho,0,1,0.0,0,train_split
WC703920,2025-09-04 06:44,legacy_zoho,0,1,0.0,0,train_split
WC703921,2025-09-04 09:22,legacy_zoho,0,1,0.0,0,train_split
WC703922,2025-09-04 10:17,legacy_zoho,0,1,0.0,0,train_split
WC703923,2025-09-04 11:27,legacy_zoho,0,1,0.0,0,train_split
WC703924,2025-09-04 13:14,legacy_zoho,0,1,0.0,0,train_split
WC703925,2025-09-04 13:40,legacy_zoho,0,1,0.0,0,train_split
WC703926,2025-09-04 14:01,legacy_zoho,0,1,0.0,0,train_split
WC703927,2025-09-04 14:57,legacy_zoho,0,1,0.0,0,train_split
WC703928,2025-09-04 15:27,legacy_zoho,0,1,0.0,0,train_split
WC703929,2025-09-04 16:46,legacy_zoho,0,1,0.0,0,train_split
WC703930,2025-09-04 16:56,legacy_zoho,0,1,0.0,0,train_split
WC703931,2025-09-04 17:52,legacy_zoho,0,1,0.0,0,train_split
WC703932,2025-09-04 18:36,legacy_zoho,0,1,0.0,0,train_split
WC703933,2025-09-04 19:50,legacy_zoho,1,2,72.0,0,train_split
WC703934,2025-09-04 19:54,legacy_zoho,1,2,72.0,0,train_split
WC703935,2025-09-04 20:12,legacy_zoho,0,1,0.0,0,train_split
WC703936,2025-09-04 20:14,legacy_zoho,0,1,0.0,0,train_split
WC703937,2025-09-04 22:24,legacy_zoho,0,1,0.0,0,train_split
WC703938,2025-09-05 01:27,legacy_zoho,0,1,0.0,0,train_split
WC703939,2025-09-05 02:37,legacy_zoho,0,1,0.0,0,train_split
WC703940,2025-09-05 04:06,legacy_zoho,0,1,0.0,0,train_split
WC703941,2025-09-05 04:45,legacy_zoho,0,1,0.0,0,train_split
WC703942,2025-09-05 05:48,legacy_zoho,0,1,0.0,0,train_split
WC703943,2025-09-05 06:36,legacy_zoho,0,1,0.0,0,train_split
WC703944,2025-09-05 06:42,legacy_zoho,0,1,0.0,0,train_split
WC703945,2025-09-05 06:51,legacy_zoho,0,1,0.0,0,train_split
WC703946,2025-09-05 07:27,legacy_zoho,0,1,0.0,0,train_split
WC703947,2025-09-05 07:46,legacy_zoho,0,1,0.0,0,train_split
WC703948,2025-09-05 08:23,legacy_zoho,0,1,0.0,0,train_split
WC703949,2025-09-05 08:36,legacy_zoho,0,1,0.0,0,train_split
WC703950,2025-09-05 08:54,legacy_zoho,0,1,0.0,0,train_split
WC703951,2025-09-05 09:28,legacy_zoho,0,1,0.0,0,train_split
WC703952,2025-09-05 10:08,legacy_zoho,0,1,0.0,0,train_split
WC703953,2025-09-05 11:09,legacy_zoho,0,1,0.0,0,train_split
WC703954,2025-09-05 11:39,legacy_zoho,0,1,0.0,0,train_split
WC703955,2025-09-05 13:23,legacy_zoho,0,1,0.0,0,train_split
WC703956,2025-09-05 13:24,legacy_zoho,0,1,0.0,0,train_split
WC703957,2025-09-05 14:04,legacy_zoho,0,1,0.0,0,train_split
WC703958,2025-09-05 15:02,legacy_zoho,0,1,0.0,0,train_split
WC703959,2025-09-05 15:14,legacy_zoho,1,2,24.0,0,train_split
WC703960,2025-09-05 15:49,legacy_zoho,0,1,0.0,0,train_split
WC703961,2025-09-05 15:56,legacy_zoho,0,1,0.0,0,train_split
WC703962,2025-09-05 16:17,legacy_zoho,0,1,0.0,0,train_split
WC703963,2025-09-05 16:28,legacy_zoho,0,1,0.0,0,train_split
WC703964,2025-09-05 16:38,legacy_zoho,0,1,0.0,0,train_split
WC703965,2025-09-05 16:43,legacy_zoho,0,1,0.0,0,train_split
WC703966,2025-09-05 17:32,legacy_zoho,0,1,0.0,0,train_split
WC703967,2025-09-05 18:00,legacy_zoho,1,2,72.0,0,train_split
WC703968,2025-09-05 18:39,legacy_zoho,0,1,0.0,0,train_split
WC703969,2025-09-05 19:05,legacy_zoho,0,1,0.0,0,train_split
WC703970,2025-09-05 19:41,legacy_zoho,0,1,0.0,0,train_split
WC703971,2025-09-05 20:23,legacy_zoho,0,1,0.0,0,train_split
WC703972,2025-09-05 20:53,legacy_zoho,0,1,0.0,0,train_split
WC703973,2025-09-05 21:13,legacy_zoho,0,1,0.0,0,train_split
WC703974,2025-09-05 21:33,legacy_zoho,0,1,0.0,0,train_split
WC703975,2025-09-05 22:52,legacy_zoho,0,1,0.0,0,train_split
WC703976,2025-09-05 23:32,legacy_zoho,0,1,0.0,0,train_split
WC703977,2025-09-06 00:02,legacy_zoho,1,2,24.0,0,train_split
WC703978,2025-09-06 00:13,legacy_zoho,0,1,0.0,0,train_split
WC703979,2025-09-06 01:03,legacy_zoho,0,1,0.0,0,train_split
WC703980,2025-09-06 01:24,legacy_zoho,0,1,0.0,0,train_split
WC703981,2025-09-06 01:44,legacy_zoho,0,1,0.0,0,train_split
WC703982,2025-09-06 06:12,legacy_zoho,0,1,0.0,0,train_split
WC703983,2025-09-06 07:02,legacy_zoho,0,1,0.0,0,train_split
WC703984,2025-09-06 07:45,legacy_zoho,0,1,0.0,0,train_split
WC703985,2025-09-06 10:57,legacy_zoho,0,1,0.0,0,train_split
WC703986,2025-09-06 11:07,legacy_zoho,0,1,0.0,0,train_split
WC703987,2025-09-06 11:09,legacy_zoho,0,1,0.0,0,train_split
WC703988,2025-09-06 13:32,legacy_zoho,0,1,0.0,0,train_split
WC703989,2025-09-06 13:59,legacy_zoho,0,1,0.0,0,train_split
WC703990,2025-09-06 14:03,legacy_zoho,0,1,0.0,0,train_split
WC703991,2025-09-06 16:14,legacy_zoho,0,1,0.0,0,train_split
WC703992,2025-09-06 17:34,legacy_zoho,0,1,0.0,0,train_split
WC703993,2025-09-06 18:55,legacy_zoho,0,1,0.0,0,train_split
WC703994,2025-09-06 18:58,legacy_zoho,0,1,0.0,0,train_split
WC703995,2025-09-06 20:38,legacy_zoho,0,1,0.0,0,train_split
WC703996,2025-09-06 23:30,legacy_zoho,0,1,0.0,0,train_split
WC703997,2025-09-07 00:18,legacy_zoho,0,1,0.0,0,train_split
WC703998,2025-09-07 00:29,legacy_zoho,0,1,0.0,0,train_split
WC703999,2025-09-07 00:51,legacy_zoho,0,1,0.0,0,train_split
WC704000,2025-09-07 01:34,legacy_zoho,0,1,0.0,0,train_split
WC704001,2025-09-07 01:35,legacy_zoho,1,2,48.0,0,train_split
WC704002,2025-09-07 04:10,legacy_zoho,0,1,0.0,0,train_split
WC704003,2025-09-07 05:06,legacy_zoho,0,1,0.0,0,train_split
WC704004,2025-09-07 05:55,legacy_zoho,0,1,0.0,0,train_split
WC704005,2025-09-07 06:47,legacy_zoho,0,1,0.0,0,train_split
WC704006,2025-09-07 06:52,legacy_zoho,0,1,0.0,0,train_split
WC704007,2025-09-07 10:04,legacy_zoho,0,1,0.0,0,train_split
WC704008,2025-09-07 12:04,legacy_zoho,0,1,0.0,0,train_split
WC704009,2025-09-07 12:05,legacy_zoho,0,1,0.0,0,train_split
WC704010,2025-09-07 12:28,legacy_zoho,0,1,0.0,0,train_split
WC704011,2025-09-07 12:48,legacy_zoho,0,1,0.0,0,train_split
WC704012,2025-09-07 13:25,legacy_zoho,0,1,0.0,0,train_split
WC704013,2025-09-07 13:33,legacy_zoho,0,1,0.0,0,train_split
WC704014,2025-09-07 13:47,legacy_zoho,0,1,0.0,0,train_split
WC704015,2025-09-07 14:16,legacy_zoho,0,1,0.0,0,train_split
WC704016,2025-09-07 15:05,legacy_zoho,0,1,0.0,0,train_split
WC704017,2025-09-07 15:20,legacy_zoho,0,1,0.0,0,train_split
WC704018,2025-09-07 16:15,legacy_zoho,0,1,0.0,0,train_split
WC704019,2025-09-07 17:56,legacy_zoho,0,1,0.0,0,train_split
WC704020,2025-09-07 18:54,legacy_zoho,0,1,0.0,0,train_split
WC704021,2025-09-07 19:33,legacy_zoho,0,1,0.0,0,train_split
WC704022,2025-09-07 20:08,legacy_zoho,0,1,0.0,0,train_split
WC704023,2025-09-07 20:16,legacy_zoho,0,1,0.0,0,train_split
WC704024,2025-09-07 20:36,legacy_zoho,0,1,0.0,0,train_split
WC704025,2025-09-07 21:15,legacy_zoho,0,1,0.0,0,train_split
WC704026,2025-09-07 22:20,legacy_zoho,0,1,0.0,0,train_split
WC704027,2025-09-07 22:40,legacy_zoho,0,1,0.0,0,train_split
WC704028,2025-09-07 23:41,legacy_zoho,0,1,0.0,0,train_split
WC704029,2025-09-08 00:02,legacy_zoho,0,1,0.0,0,train_split
WC704030,2025-09-08 01:30,legacy_zoho,0,1,0.0,0,train_split
WC704031,2025-09-08 01:55,legacy_zoho,0,1,0.0,0,train_split
WC704032,2025-09-08 02:16,legacy_zoho,0,1,0.0,0,train_split
WC704033,2025-09-08 03:02,legacy_zoho,0,1,0.0,0,train_split
WC704034,2025-09-08 03:14,legacy_zoho,0,1,0.0,0,train_split
WC704035,2025-09-08 05:07,legacy_zoho,0,1,0.0,0,train_split
WC704036,2025-09-08 06:42,legacy_zoho,0,1,0.0,0,train_split
WC704037,2025-09-08 06:47,legacy_zoho,1,2,48.0,0,train_split
WC704038,2025-09-08 06:53,legacy_zoho,0,1,0.0,0,train_split
WC704039,2025-09-08 08:03,legacy_zoho,0,1,0.0,0,train_split
WC704040,2025-09-08 09:10,legacy_zoho,0,1,0.0,0,train_split
WC704041,2025-09-08 09:55,legacy_zoho,1,2,120.0,0,train_split
WC704042,2025-09-08 10:06,legacy_zoho,0,1,0.0,0,train_split
WC704043,2025-09-08 10:13,legacy_zoho,0,1,0.0,0,train_split
WC704044,2025-09-08 13:05,legacy_zoho,0,1,0.0,0,train_split
WC704045,2025-09-08 13:35,legacy_zoho,0,1,0.0,0,train_split
WC704046,2025-09-08 13:39,legacy_zoho,0,1,0.0,0,train_split
WC704047,2025-09-08 13:39,legacy_zoho,0,1,0.0,0,train_split
WC704048,2025-09-08 13:56,legacy_zoho,0,1,0.0,0,train_split
WC704049,2025-09-08 14:01,legacy_zoho,0,1,0.0,0,train_split
WC704050,2025-09-08 14:28,legacy_zoho,0,1,0.0,0,train_split
WC704051,2025-09-08 14:41,legacy_zoho,0,1,0.0,0,train_split
WC704052,2025-09-08 17:19,legacy_zoho,0,1,0.0,0,train_split
WC704053,2025-09-08 19:02,legacy_zoho,1,2,24.0,0,train_split
WC704054,2025-09-08 19:16,legacy_zoho,0,1,0.0,0,train_split
WC704055,2025-09-08 20:49,legacy_zoho,0,1,0.0,0,train_split
WC704057,2025-09-08 21:38,legacy_zoho,0,1,0.0,0,train_split
WC704056,2025-09-08 21:38,legacy_zoho,0,1,0.0,0,train_split
WC704058,2025-09-08 22:17,legacy_zoho,0,1,0.0,0,train_split
WC704059,2025-09-08 23:00,legacy_zoho,0,1,0.0,0,train_split
WC704060,2025-09-08 23:08,legacy_zoho,0,1,0.0,0,train_split
WC704061,2025-09-09 00:09,legacy_zoho,0,1,0.0,0,train_split
WC704062,2025-09-09 00:55,legacy_zoho,0,1,0.0,0,train_split
WC704063,2025-09-09 02:27,legacy_zoho,0,1,0.0,0,train_split
WC704064,2025-09-09 02:54,legacy_zoho,0,1,0.0,0,train_split
WC704065,2025-09-09 03:05,legacy_zoho,0,1,0.0,0,train_split
WC704066,2025-09-09 06:04,legacy_zoho,0,1,0.0,0,train_split
WC704067,2025-09-09 06:33,legacy_zoho,0,1,0.0,0,train_split
WC704068,2025-09-09 08:10,legacy_zoho,0,1,0.0,0,train_split
WC704069,2025-09-09 08:21,legacy_zoho,0,1,0.0,0,train_split
WC704070,2025-09-09 10:06,legacy_zoho,0,1,0.0,0,train_split
WC704071,2025-09-09 10:50,legacy_zoho,0,1,0.0,0,train_split
WC704072,2025-09-09 11:06,legacy_zoho,0,1,0.0,0,train_split
WC704073,2025-09-09 11:20,legacy_zoho,1,2,120.0,0,train_split
WC704074,2025-09-09 11:22,legacy_zoho,0,1,0.0,0,train_split
WC704075,2025-09-09 13:01,legacy_zoho,0,1,0.0,0,train_split
WC704076,2025-09-09 14:03,legacy_zoho,0,1,0.0,0,train_split
WC704077,2025-09-09 14:06,legacy_zoho,0,1,0.0,0,train_split
WC704078,2025-09-09 14:12,legacy_zoho,0,1,0.0,0,train_split
WC704079,2025-09-09 14:50,legacy_zoho,0,1,0.0,0,train_split
WC704080,2025-09-09 14:58,legacy_zoho,0,1,0.0,0,train_split
WC704081,2025-09-09 15:19,legacy_zoho,0,1,0.0,0,train_split
WC704082,2025-09-09 15:31,legacy_zoho,0,1,0.0,0,train_split
WC704083,2025-09-09 16:04,legacy_zoho,0,1,0.0,0,train_split
WC704084,2025-09-09 17:11,legacy_zoho,0,1,0.0,0,train_split
WC704085,2025-09-09 17:17,legacy_zoho,0,1,0.0,0,train_split
WC704086,2025-09-09 20:33,legacy_zoho,0,1,0.0,0,train_split
WC704087,2025-09-09 21:16,legacy_zoho,0,1,0.0,0,train_split
WC704088,2025-09-09 22:24,legacy_zoho,0,1,0.0,0,train_split
WC704089,2025-09-09 22:25,legacy_zoho,0,1,0.0,0,train_split
WC704090,2025-09-09 23:15,legacy_zoho,0,1,0.0,0,train_split
WC704091,2025-09-10 00:46,legacy_zoho,0,1,0.0,0,train_split
WC704092,2025-09-10 00:48,legacy_zoho,0,1,0.0,0,train_split
WC704093,2025-09-10 00:48,legacy_zoho,0,1,0.0,0,train_split
WC704094,2025-09-10 00:59,legacy_zoho,0,1,0.0,0,train_split
WC704095,2025-09-10 03:44,legacy_zoho,1,2,72.0,0,train_split
WC704096,2025-09-10 05:29,legacy_zoho,0,1,0.0,0,train_split
WC704097,2025-09-10 06:31,legacy_zoho,0,1,0.0,0,train_split
WC704098,2025-09-10 06:36,legacy_zoho,0,1,0.0,0,train_split
WC704099,2025-09-10 06:39,legacy_zoho,0,1,0.0,0,train_split
WC704100,2025-09-10 06:49,legacy_zoho,0,1,0.0,0,train_split
WC704101,2025-09-10 08:50,legacy_zoho,0,1,0.0,0,train_split
WC704102,2025-09-10 10:34,legacy_zoho,0,1,0.0,0,train_split
WC704103,2025-09-10 10:36,legacy_zoho,0,1,0.0,0,train_split
WC704104,2025-09-10 11:12,legacy_zoho,0,1,0.0,0,train_split
WC704105,2025-09-10 12:03,legacy_zoho,0,1,0.0,0,train_split
WC704106,2025-09-10 12:19,legacy_zoho,0,1,0.0,0,train_split
WC704107,2025-09-10 15:28,legacy_zoho,0,1,0.0,0,train_split
WC704108,2025-09-10 17:19,legacy_zoho,0,1,0.0,0,train_split
WC704109,2025-09-10 18:12,legacy_zoho,0,1,0.0,0,train_split
WC704110,2025-09-10 19:35,legacy_zoho,0,1,0.0,0,train_split
WC704111,2025-09-10 19:52,legacy_zoho,0,1,0.0,0,train_split
WC704112,2025-09-10 21:35,legacy_zoho,0,1,0.0,0,train_split
WC704113,2025-09-10 23:13,legacy_zoho,0,1,0.0,0,train_split
WC704114,2025-09-10 23:17,legacy_zoho,0,1,0.0,0,train_split
WC704115,2025-09-11 00:13,legacy_zoho,0,1,0.0,0,train_split
WC704116,2025-09-11 01:56,legacy_zoho,1,2,120.0,0,train_split
WC704117,2025-09-11 02:29,legacy_zoho,0,1,0.0,0,train_split
WC704118,2025-09-11 02:39,legacy_zoho,0,1,0.0,0,train_split
WC704119,2025-09-11 04:47,legacy_zoho,0,1,0.0,0,train_split
WC704120,2025-09-11 08:49,legacy_zoho,0,1,0.0,0,train_split
WC704121,2025-09-11 09:22,legacy_zoho,0,1,0.0,0,train_split
WC704122,2025-09-11 10:42,legacy_zoho,0,1,0.0,0,train_split
WC704123,2025-09-11 14:22,legacy_zoho,0,1,0.0,0,train_split
WC704124,2025-09-11 18:34,legacy_zoho,0,1,0.0,0,train_split
WC704125,2025-09-11 19:17,legacy_zoho,0,1,0.0,0,train_split
WC704126,2025-09-11 19:35,legacy_zoho,0,1,0.0,0,train_split
WC704127,2025-09-11 19:42,legacy_zoho,0,1,0.0,0,train_split
WC704128,2025-09-11 22:49,legacy_zoho,0,1,0.0,0,train_split
WC704129,2025-09-11 23:23,legacy_zoho,0,1,0.0,0,train_split
WC704130,2025-09-11 23:45,legacy_zoho,0,1,0.0,0,train_split
WC704131,2025-09-12 00:34,legacy_zoho,0,1,0.0,0,train_split
WC704132,2025-09-12 00:40,legacy_zoho,0,1,0.0,0,train_split
WC704133,2025-09-12 00:45,legacy_zoho,0,1,0.0,0,train_split
WC704134,2025-09-12 01:39,legacy_zoho,0,1,0.0,0,train_split
WC704135,2025-09-12 02:25,legacy_zoho,0,1,0.0,0,train_split
WC704136,2025-09-12 03:04,legacy_zoho,0,1,0.0,0,train_split
WC704137,2025-09-12 03:41,legacy_zoho,0,1,0.0,0,train_split
WC704138,2025-09-12 06:29,legacy_zoho,0,1,0.0,0,train_split
WC704139,2025-09-12 06:55,legacy_zoho,0,1,0.0,0,train_split
WC704140,2025-09-12 09:08,legacy_zoho,0,1,0.0,0,train_split
WC704141,2025-09-12 10:08,legacy_zoho,0,1,0.0,0,train_split
WC704142,2025-09-12 10:44,legacy_zoho,0,1,0.0,0,train_split
WC704143,2025-09-12 11:46,legacy_zoho,0,1,0.0,0,train_split
WC704144,2025-09-12 14:24,legacy_zoho,0,1,0.0,0,train_split
WC704145,2025-09-12 14:56,legacy_zoho,0,1,0.0,0,train_split
WC704146,2025-09-12 15:44,legacy_zoho,0,1,0.0,0,train_split
WC704147,2025-09-12 15:51,legacy_zoho,0,1,0.0,0,train_split
WC704148,2025-09-12 17:27,legacy_zoho,0,1,0.0,0,train_split
WC704149,2025-09-12 18:58,legacy_zoho,0,1,0.0,0,train_split
WC704150,2025-09-12 19:13,legacy_zoho,0,1,0.0,0,train_split
WC704151,2025-09-12 19:32,legacy_zoho,1,2,48.0,0,train_split
WC704152,2025-09-12 20:04,legacy_zoho,0,1,0.0,0,train_split
WC704153,2025-09-12 20:52,legacy_zoho,0,1,0.0,0,train_split
WC704154,2025-09-12 23:15,legacy_zoho,0,1,0.0,0,train_split
WC704155,2025-09-12 23:24,legacy_zoho,0,1,0.0,0,train_split
WC704156,2025-09-12 23:54,legacy_zoho,0,1,0.0,0,train_split
WC704157,2025-09-13 00:17,legacy_zoho,0,1,0.0,0,train_split
WC704158,2025-09-13 01:19,legacy_zoho,1,2,24.0,0,train_split
WC704159,2025-09-13 01:52,legacy_zoho,0,1,0.0,0,train_split
WC704160,2025-09-13 03:19,legacy_zoho,0,1,0.0,0,train_split
WC704161,2025-09-13 05:18,legacy_zoho,0,1,0.0,0,train_split
WC704162,2025-09-13 08:32,legacy_zoho,0,1,0.0,0,train_split
WC704163,2025-09-13 08:36,legacy_zoho,0,1,0.0,0,train_split
WC704164,2025-09-13 09:28,legacy_zoho,0,1,0.0,0,train_split
WC704165,2025-09-13 12:42,legacy_zoho,0,1,0.0,0,train_split
WC704166,2025-09-13 13:08,legacy_zoho,0,1,0.0,0,train_split
WC704167,2025-09-13 13:20,legacy_zoho,0,1,0.0,0,train_split
WC704168,2025-09-13 14:38,legacy_zoho,0,1,0.0,0,train_split
WC704169,2025-09-13 15:13,legacy_zoho,0,1,0.0,0,train_split
WC704170,2025-09-13 15:26,legacy_zoho,0,1,0.0,0,train_split
WC704171,2025-09-13 16:00,legacy_zoho,0,1,0.0,0,train_split
WC704172,2025-09-13 16:13,legacy_zoho,1,2,96.0,0,train_split
WC704173,2025-09-13 16:20,legacy_zoho,0,1,0.0,0,train_split
WC704174,2025-09-13 17:59,legacy_zoho,1,2,120.0,0,train_split
WC704175,2025-09-13 18:16,legacy_zoho,0,1,0.0,0,train_split
WC704176,2025-09-13 18:33,legacy_zoho,0,1,0.0,0,train_split
WC704177,2025-09-13 20:27,legacy_zoho,0,1,0.0,0,train_split
WC704178,2025-09-13 20:43,legacy_zoho,0,1,0.0,0,train_split
WC704179,2025-09-13 22:08,legacy_zoho,0,1,0.0,0,train_split
WC704180,2025-09-13 22:31,legacy_zoho,0,1,0.0,0,train_split
WC704181,2025-09-13 22:41,legacy_zoho,0,1,0.0,0,train_split
WC704182,2025-09-13 23:48,legacy_zoho,0,1,0.0,0,train_split
WC704183,2025-09-14 01:33,legacy_zoho,0,1,0.0,0,train_split
WC704184,2025-09-14 01:36,legacy_zoho,1,2,48.0,0,train_split
WC704185,2025-09-14 03:23,legacy_zoho,0,1,0.0,0,train_split
WC704186,2025-09-14 03:38,legacy_zoho,0,1,0.0,0,train_split
WC704187,2025-09-14 05:00,legacy_zoho,0,1,0.0,0,train_split
WC704188,2025-09-14 08:03,legacy_zoho,0,1,0.0,0,train_split
WC704189,2025-09-14 08:57,legacy_zoho,0,1,0.0,0,train_split
WC704190,2025-09-14 09:56,legacy_zoho,0,1,0.0,0,train_split
WC704191,2025-09-14 12:34,legacy_zoho,0,1,0.0,0,train_split
WC704192,2025-09-14 13:16,legacy_zoho,0,1,0.0,1,train_split
WC704193,2025-09-14 13:45,legacy_zoho,0,1,0.0,0,train_split
WC704194,2025-09-14 14:53,legacy_zoho,0,1,0.0,0,train_split
WC704195,2025-09-14 15:01,legacy_zoho,0,1,0.0,0,train_split
WC704196,2025-09-14 15:14,legacy_zoho,0,1,0.0,0,train_split
WC704197,2025-09-14 15:21,legacy_zoho,0,1,0.0,0,train_split
WC704198,2025-09-14 16:23,legacy_zoho,0,1,0.0,0,train_split
WC704199,2025-09-14 16:23,legacy_zoho,0,1,0.0,0,train_split
WC704200,2025-09-14 17:19,legacy_zoho,0,1,0.0,0,train_split
WC704201,2025-09-14 18:09,legacy_zoho,0,1,0.0,0,train_split
WC704202,2025-09-14 18:19,legacy_zoho,0,1,0.0,0,train_split
WC704203,2025-09-14 19:14,legacy_zoho,0,1,0.0,0,train_split
WC704204,2025-09-14 19:51,legacy_zoho,0,1,0.0,0,train_split
WC704205,2025-09-14 19:54,legacy_zoho,1,2,48.0,0,train_split
WC704206,2025-09-14 22:16,legacy_zoho,0,1,0.0,0,train_split
WC704207,2025-09-14 23:52,legacy_zoho,0,1,0.0,0,train_split
WC704208,2025-09-14 23:55,legacy_zoho,0,1,0.0,0,train_split
WC704209,2025-09-15 00:56,legacy_zoho,0,1,0.0,0,train_split
WC704210,2025-09-15 01:38,legacy_zoho,0,1,0.0,0,train_split
WC704211,2025-09-15 02:08,legacy_zoho,0,1,0.0,0,train_split
WC704212,2025-09-15 03:13,legacy_zoho,1,2,120.0,0,train_split
WC704213,2025-09-15 04:38,legacy_zoho,0,1,0.0,0,train_split
WC704214,2025-09-15 04:38,legacy_zoho,0,1,0.0,0,train_split
WC704215,2025-09-15 06:19,legacy_zoho,0,1,0.0,0,train_split
WC704216,2025-09-15 06:39,legacy_zoho,1,2,96.0,0,train_split
WC704217,2025-09-15 07:42,legacy_zoho,0,1,0.0,0,train_split
WC704218,2025-09-15 08:50,legacy_zoho,0,1,0.0,0,train_split
WC704219,2025-09-15 09:29,legacy_zoho,0,1,0.0,0,train_split
WC704220,2025-09-15 12:45,legacy_zoho,1,2,96.0,0,train_split
WC704221,2025-09-15 13:33,legacy_zoho,0,1,0.0,0,train_split
WC704222,2025-09-15 14:06,legacy_zoho,0,1,0.0,0,train_split
WC704223,2025-09-15 16:01,legacy_zoho,0,1,0.0,0,train_split
WC704224,2025-09-15 20:54,legacy_zoho,0,1,0.0,0,train_split
WC704225,2025-09-15 21:00,legacy_zoho,1,2,24.0,0,train_split
WC704226,2025-09-15 22:58,legacy_zoho,0,1,0.0,0,train_split
WC704227,2025-09-15 23:11,legacy_zoho,1,2,48.0,0,train_split
WC704228,2025-09-15 23:32,legacy_zoho,0,1,0.0,0,train_split
WC704229,2025-09-16 00:13,legacy_zoho,0,1,0.0,0,train_split
WC704230,2025-09-16 03:14,legacy_zoho,1,2,72.0,0,train_split
WC704231,2025-09-16 05:41,legacy_zoho,0,1,0.0,0,train_split
WC704232,2025-09-16 06:12,legacy_zoho,0,1,0.0,0,train_split
WC704233,2025-09-16 08:40,legacy_zoho,0,1,0.0,0,train_split
WC704234,2025-09-16 08:45,legacy_zoho,0,1,0.0,0,train_split
WC704235,2025-09-16 11:23,legacy_zoho,1,2,72.0,0,train_split
WC704236,2025-09-16 12:11,legacy_zoho,0,1,0.0,0,train_split
WC704237,2025-09-16 12:32,legacy_zoho,0,1,0.0,0,train_split
WC704238,2025-09-16 12:48,legacy_zoho,0,1,0.0,0,train_split
WC704239,2025-09-16 13:33,legacy_zoho,0,1,0.0,0,train_split
WC704240,2025-09-16 13:41,legacy_zoho,0,1,0.0,0,train_split
WC704241,2025-09-16 14:12,legacy_zoho,0,1,0.0,0,train_split
WC704242,2025-09-16 14:30,legacy_zoho,0,1,0.0,0,train_split
WC704243,2025-09-16 14:57,legacy_zoho,0,1,0.0,0,train_split
WC704244,2025-09-16 15:23,legacy_zoho,0,1,0.0,0,train_split
WC704245,2025-09-16 15:34,legacy_zoho,0,1,0.0,0,train_split
WC704246,2025-09-16 16:21,legacy_zoho,0,1,0.0,0,train_split
WC704247,2025-09-16 16:44,legacy_zoho,0,1,0.0,0,train_split
WC704248,2025-09-16 16:54,legacy_zoho,0,1,0.0,0,train_split
WC704249,2025-09-16 17:00,legacy_zoho,0,1,0.0,0,train_split
WC704250,2025-09-16 20:17,legacy_zoho,0,1,0.0,0,train_split
WC704251,2025-09-16 20:49,legacy_zoho,0,1,0.0,0,train_split
WC704252,2025-09-16 20:56,legacy_zoho,0,1,0.0,0,train_split
WC704253,2025-09-16 21:11,legacy_zoho,0,1,0.0,0,train_split
WC704254,2025-09-16 21:37,legacy_zoho,0,1,0.0,0,train_split
WC704255,2025-09-16 21:53,legacy_zoho,0,1,0.0,0,train_split
WC704256,2025-09-16 21:55,legacy_zoho,0,1,0.0,0,train_split
WC704257,2025-09-16 22:27,legacy_zoho,0,1,0.0,0,train_split
WC704258,2025-09-16 22:44,legacy_zoho,0,1,0.0,0,train_split
WC704259,2025-09-17 00:26,legacy_zoho,0,1,0.0,0,train_split
WC704260,2025-09-17 00:58,legacy_zoho,1,2,48.0,0,train_split
WC704261,2025-09-17 05:50,legacy_zoho,0,1,0.0,0,train_split
WC704262,2025-09-17 05:55,legacy_zoho,0,1,0.0,1,train_split
WC704263,2025-09-17 08:12,legacy_zoho,0,1,0.0,0,train_split
WC704264,2025-09-17 08:13,legacy_zoho,0,1,0.0,0,train_split
WC704265,2025-09-17 08:26,legacy_zoho,0,1,0.0,0,train_split
WC704266,2025-09-17 09:05,legacy_zoho,0,1,0.0,0,train_split
WC704267,2025-09-17 10:57,legacy_zoho,0,1,0.0,0,train_split
WC704268,2025-09-17 11:55,legacy_zoho,0,1,0.0,0,train_split
WC704269,2025-09-17 14:18,legacy_zoho,0,1,0.0,0,train_split
WC704270,2025-09-17 16:32,legacy_zoho,0,1,0.0,0,train_split
WC704271,2025-09-17 17:16,legacy_zoho,1,2,48.0,0,train_split
WC704272,2025-09-17 19:37,legacy_zoho,0,1,0.0,0,train_split
WC704273,2025-09-17 20:09,legacy_zoho,0,1,0.0,0,train_split
WC704274,2025-09-17 22:20,legacy_zoho,0,1,0.0,0,train_split
WC704275,2025-09-17 23:08,legacy_zoho,0,1,0.0,0,train_split
WC704276,2025-09-17 23:28,legacy_zoho,0,1,0.0,0,train_split
WC704277,2025-09-17 23:42,legacy_zoho,0,1,0.0,0,train_split
WC704278,2025-09-18 00:37,legacy_zoho,0,1,0.0,0,train_split
WC704279,2025-09-18 02:53,legacy_zoho,0,1,0.0,0,train_split
WC704280,2025-09-18 03:01,legacy_zoho,0,1,0.0,0,train_split
WC704281,2025-09-18 04:18,legacy_zoho,1,2,72.0,0,train_split
WC704282,2025-09-18 05:53,legacy_zoho,0,1,0.0,0,train_split
WC704283,2025-09-18 05:56,legacy_zoho,0,1,0.0,0,train_split
WC704284,2025-09-18 06:01,legacy_zoho,0,1,0.0,0,train_split
WC704285,2025-09-18 06:19,legacy_zoho,0,1,0.0,0,train_split
WC704286,2025-09-18 08:44,legacy_zoho,0,1,0.0,0,train_split
WC704287,2025-09-18 09:08,legacy_zoho,0,1,0.0,0,train_split
WC704288,2025-09-18 09:19,legacy_zoho,0,1,0.0,0,train_split
WC704289,2025-09-18 10:08,legacy_zoho,0,1,0.0,0,train_split
WC704290,2025-09-18 10:10,legacy_zoho,0,1,0.0,0,train_split
WC704291,2025-09-18 10:52,legacy_zoho,0,1,0.0,0,train_split
WC704292,2025-09-18 12:49,legacy_zoho,0,1,0.0,0,train_split
WC704293,2025-09-18 13:31,legacy_zoho,0,1,0.0,0,train_split
WC704294,2025-09-18 13:48,legacy_zoho,0,1,0.0,0,train_split
WC704295,2025-09-18 15:10,legacy_zoho,0,1,0.0,0,train_split
WC704296,2025-09-18 15:55,legacy_zoho,0,1,0.0,0,train_split
WC704297,2025-09-18 17:02,legacy_zoho,1,2,48.0,0,train_split
WC704298,2025-09-18 17:39,legacy_zoho,0,1,0.0,0,train_split
WC704299,2025-09-18 17:46,legacy_zoho,0,1,0.0,0,train_split
WC704300,2025-09-18 18:36,legacy_zoho,0,1,0.0,0,train_split
WC704301,2025-09-18 19:11,legacy_zoho,1,2,24.0,0,train_split
WC704302,2025-09-18 21:11,legacy_zoho,0,1,0.0,0,train_split
WC704303,2025-09-18 22:30,legacy_zoho,0,1,0.0,0,train_split
WC704304,2025-09-18 22:57,legacy_zoho,0,1,0.0,0,train_split
WC704305,2025-09-19 02:37,legacy_zoho,0,1,0.0,0,train_split
WC704306,2025-09-19 02:47,legacy_zoho,0,1,0.0,0,train_split
WC704307,2025-09-19 03:46,legacy_zoho,0,1,0.0,0,train_split
WC704308,2025-09-19 03:55,legacy_zoho,0,1,0.0,0,train_split
WC704309,2025-09-19 04:49,legacy_zoho,0,1,0.0,0,train_split
WC704310,2025-09-19 08:12,legacy_zoho,0,1,0.0,0,train_split
WC704311,2025-09-19 08:22,legacy_zoho,0,1,0.0,0,train_split
WC704312,2025-09-19 10:06,legacy_zoho,0,1,0.0,0,train_split
WC704313,2025-09-19 10:36,legacy_zoho,0,1,0.0,0,train_split
WC704314,2025-09-19 11:35,legacy_zoho,0,1,0.0,0,train_split
WC704315,2025-09-19 11:58,legacy_zoho,0,1,0.0,0,train_split
WC704316,2025-09-19 12:25,legacy_zoho,0,1,0.0,0,train_split
WC704317,2025-09-19 12:46,legacy_zoho,0,1,0.0,0,train_split
WC704318,2025-09-19 15:33,legacy_zoho,0,1,0.0,0,train_split
WC704319,2025-09-19 15:35,legacy_zoho,0,1,0.0,0,train_split
WC704320,2025-09-19 15:50,legacy_zoho,1,2,24.0,0,train_split
WC704321,2025-09-19 16:20,legacy_zoho,0,1,0.0,0,train_split
WC704322,2025-09-19 18:46,legacy_zoho,1,2,96.0,0,train_split
WC704323,2025-09-19 19:00,legacy_zoho,0,1,0.0,0,train_split
WC704324,2025-09-19 19:42,legacy_zoho,0,1,0.0,0,train_split
WC704325,2025-09-19 19:58,legacy_zoho,0,1,0.0,0,train_split
WC704327,2025-09-19 20:53,legacy_zoho,0,1,0.0,0,train_split
WC704326,2025-09-19 20:53,legacy_zoho,0,1,0.0,0,train_split
WC704328,2025-09-20 02:16,legacy_zoho,0,1,0.0,0,train_split
WC704329,2025-09-20 02:33,legacy_zoho,0,1,0.0,0,train_split
WC704330,2025-09-20 02:42,legacy_zoho,0,1,0.0,0,train_split
WC704331,2025-09-20 02:55,legacy_zoho,0,1,0.0,0,train_split
WC704332,2025-09-20 03:05,legacy_zoho,0,1,0.0,0,train_split
WC704333,2025-09-20 03:30,legacy_zoho,0,1,0.0,0,train_split
WC704334,2025-09-20 04:04,legacy_zoho,0,1,0.0,0,train_split
WC704335,2025-09-20 04:20,legacy_zoho,0,1,0.0,0,train_split
WC704336,2025-09-20 05:05,legacy_zoho,0,1,0.0,0,train_split
WC704337,2025-09-20 05:35,legacy_zoho,0,1,0.0,0,train_split
WC704338,2025-09-20 06:10,legacy_zoho,0,1,0.0,0,train_split
WC704339,2025-09-20 09:29,legacy_zoho,0,1,0.0,0,train_split
WC704340,2025-09-20 10:26,legacy_zoho,0,1,0.0,0,train_split
WC704341,2025-09-20 10:53,legacy_zoho,0,1,0.0,0,train_split
WC704342,2025-09-20 11:31,legacy_zoho,0,1,0.0,0,train_split
WC704343,2025-09-20 12:27,legacy_zoho,0,1,0.0,0,train_split
WC704344,2025-09-20 13:15,legacy_zoho,0,1,0.0,0,train_split
WC704345,2025-09-20 14:10,legacy_zoho,0,1,0.0,1,train_split
WC704346,2025-09-20 14:36,legacy_zoho,0,1,0.0,0,train_split
WC704347,2025-09-20 15:56,legacy_zoho,0,1,0.0,0,train_split
WC704348,2025-09-20 16:40,legacy_zoho,0,1,0.0,0,train_split
WC704349,2025-09-20 17:36,legacy_zoho,0,1,0.0,0,train_split
WC704350,2025-09-20 18:07,legacy_zoho,0,1,0.0,0,train_split
WC704351,2025-09-20 18:22,legacy_zoho,0,1,0.0,0,train_split
WC704352,2025-09-20 19:06,legacy_zoho,0,1,0.0,0,train_split
WC704353,2025-09-20 20:53,legacy_zoho,0,1,0.0,0,train_split
WC704354,2025-09-20 22:41,legacy_zoho,0,1,0.0,0,train_split
WC704355,2025-09-20 23:08,legacy_zoho,0,1,0.0,0,train_split
WC704356,2025-09-20 23:12,legacy_zoho,0,1,0.0,0,train_split
WC704357,2025-09-21 01:37,legacy_zoho,0,1,0.0,0,train_split
WC704358,2025-09-21 02:02,legacy_zoho,0,1,0.0,0,train_split
WC704359,2025-09-21 05:41,legacy_zoho,0,1,0.0,0,train_split
WC704360,2025-09-21 06:46,legacy_zoho,0,1,0.0,0,train_split
WC704361,2025-09-21 07:14,legacy_zoho,0,1,0.0,0,train_split
WC704362,2025-09-21 07:26,legacy_zoho,0,1,0.0,0,train_split
WC704363,2025-09-21 07:34,legacy_zoho,0,1,0.0,0,train_split
WC704364,2025-09-21 09:19,legacy_zoho,0,1,0.0,0,train_split
WC704365,2025-09-21 10:42,legacy_zoho,0,1,0.0,0,train_split
WC704366,2025-09-21 11:38,legacy_zoho,0,1,0.0,0,train_split
WC704367,2025-09-21 12:26,legacy_zoho,0,1,0.0,0,train_split
WC704368,2025-09-21 12:39,legacy_zoho,0,1,0.0,0,train_split
WC704369,2025-09-21 14:07,legacy_zoho,1,2,24.0,0,train_split
WC704370,2025-09-21 14:24,legacy_zoho,0,1,0.0,0,train_split
WC704371,2025-09-21 14:36,legacy_zoho,0,1,0.0,0,train_split
WC704372,2025-09-21 15:20,legacy_zoho,0,1,0.0,0,train_split
WC704373,2025-09-21 16:17,legacy_zoho,0,1,0.0,0,train_split
WC704374,2025-09-21 18:01,legacy_zoho,0,1,0.0,0,train_split
WC704375,2025-09-21 21:10,legacy_zoho,0,1,0.0,0,train_split
WC704376,2025-09-21 21:34,legacy_zoho,0,1,0.0,0,train_split
WC704377,2025-09-21 21:53,legacy_zoho,1,2,96.0,0,train_split
WC704378,2025-09-21 22:49,legacy_zoho,0,1,0.0,0,train_split
WC704379,2025-09-21 23:04,legacy_zoho,0,1,0.0,0,train_split
WC704380,2025-09-22 00:39,legacy_zoho,0,1,0.0,0,train_split
WC704381,2025-09-22 01:28,legacy_zoho,0,1,0.0,0,train_split
WC704382,2025-09-22 02:35,legacy_zoho,0,1,0.0,0,train_split
WC704383,2025-09-22 04:30,legacy_zoho,0,1,0.0,0,train_split
WC704384,2025-09-22 05:15,legacy_zoho,0,1,0.0,0,train_split
WC704385,2025-09-22 06:49,legacy_zoho,0,1,0.0,0,train_split
WC704386,2025-09-22 07:21,legacy_zoho,0,1,0.0,0,train_split
WC704387,2025-09-22 07:33,legacy_zoho,0,1,0.0,0,train_split
WC704388,2025-09-22 08:22,legacy_zoho,0,1,0.0,0,train_split
WC704389,2025-09-22 10:05,legacy_zoho,0,1,0.0,0,train_split
WC704390,2025-09-22 10:16,legacy_zoho,0,1,0.0,0,train_split
WC704391,2025-09-22 10:49,legacy_zoho,0,1,0.0,0,train_split
WC704392,2025-09-22 12:10,legacy_zoho,0,1,0.0,0,train_split
WC704393,2025-09-22 13:31,legacy_zoho,0,1,0.0,0,train_split
WC704394,2025-09-22 14:05,legacy_zoho,0,1,0.0,0,train_split
WC704395,2025-09-22 14:23,legacy_zoho,0,1,0.0,0,train_split
WC704396,2025-09-22 15:11,legacy_zoho,0,1,0.0,0,train_split
WC704397,2025-09-22 16:03,legacy_zoho,0,1,0.0,0,train_split
WC704398,2025-09-22 16:52,legacy_zoho,0,1,0.0,0,train_split
WC704399,2025-09-22 17:23,legacy_zoho,0,1,0.0,0,train_split
WC704400,2025-09-22 17:40,legacy_zoho,0,1,0.0,0,train_split
WC704401,2025-09-22 18:04,legacy_zoho,0,1,0.0,0,train_split
WC704402,2025-09-22 19:07,legacy_zoho,0,1,0.0,0,train_split
WC704403,2025-09-22 19:10,legacy_zoho,0,1,0.0,0,train_split
WC704404,2025-09-22 19:13,legacy_zoho,0,1,0.0,0,train_split
WC704405,2025-09-22 19:52,legacy_zoho,0,1,0.0,0,train_split
WC704406,2025-09-22 20:51,legacy_zoho,0,1,0.0,0,train_split
WC704407,2025-09-22 21:08,legacy_zoho,1,2,96.0,0,train_split
WC704408,2025-09-22 21:48,legacy_zoho,0,1,0.0,0,train_split
WC704409,2025-09-22 22:03,legacy_zoho,0,1,0.0,0,train_split
WC704410,2025-09-22 23:11,legacy_zoho,0,1,0.0,0,train_split
WC704412,2025-09-22 23:14,legacy_zoho,0,1,0.0,0,train_split
WC704411,2025-09-22 23:14,legacy_zoho,0,1,0.0,0,train_split
WC704413,2025-09-23 00:07,legacy_zoho,0,1,0.0,0,train_split
WC704414,2025-09-23 00:54,legacy_zoho,0,1,0.0,0,train_split
WC704415,2025-09-23 01:07,legacy_zoho,0,1,0.0,0,train_split
WC704416,2025-09-23 01:20,legacy_zoho,0,1,0.0,0,train_split
WC704417,2025-09-23 01:58,legacy_zoho,0,1,0.0,0,train_split
WC704418,2025-09-23 02:01,legacy_zoho,0,1,0.0,0,train_split
WC704419,2025-09-23 03:08,legacy_zoho,0,1,0.0,0,train_split
WC704420,2025-09-23 04:32,legacy_zoho,0,1,0.0,0,train_split
WC704421,2025-09-23 05:13,legacy_zoho,0,1,0.0,0,train_split
WC704422,2025-09-23 05:41,legacy_zoho,0,1,0.0,1,train_split
WC704423,2025-09-23 06:36,legacy_zoho,0,1,0.0,0,train_split
WC704424,2025-09-23 07:46,legacy_zoho,0,1,0.0,0,train_split
WC704425,2025-09-23 08:32,legacy_zoho,0,1,0.0,0,train_split
WC704426,2025-09-23 09:04,legacy_zoho,0,1,0.0,0,train_split
WC704427,2025-09-23 09:32,legacy_zoho,1,2,72.0,0,train_split
WC704428,2025-09-23 10:34,legacy_zoho,0,1,0.0,0,train_split
WC704429,2025-09-23 13:14,legacy_zoho,0,1,0.0,0,train_split
WC704430,2025-09-23 14:46,legacy_zoho,0,1,0.0,0,train_split
WC704431,2025-09-23 16:24,legacy_zoho,0,1,0.0,0,train_split
WC704432,2025-09-23 17:58,legacy_zoho,0,1,0.0,0,train_split
WC704433,2025-09-23 18:36,legacy_zoho,0,1,0.0,0,train_split
WC704434,2025-09-23 19:16,legacy_zoho,0,1,0.0,0,train_split
WC704435,2025-09-23 20:06,legacy_zoho,0,1,0.0,0,train_split
WC704436,2025-09-23 20:29,legacy_zoho,0,1,0.0,0,train_split
WC704437,2025-09-23 21:35,legacy_zoho,0,1,0.0,0,train_split
WC704438,2025-09-23 21:59,legacy_zoho,0,1,0.0,0,train_split
WC704439,2025-09-23 22:23,legacy_zoho,0,1,0.0,0,train_split
WC704440,2025-09-23 22:39,legacy_zoho,0,1,0.0,0,train_split
WC704441,2025-09-24 00:30,legacy_zoho,0,1,0.0,0,train_split
WC704442,2025-09-24 00:37,legacy_zoho,0,1,0.0,0,train_split
WC704443,2025-09-24 00:56,legacy_zoho,0,1,0.0,0,train_split
WC704444,2025-09-24 01:15,legacy_zoho,0,1,0.0,0,train_split
WC704445,2025-09-24 02:02,legacy_zoho,0,1,0.0,0,train_split
WC704446,2025-09-24 02:57,legacy_zoho,0,1,0.0,0,train_split
WC704447,2025-09-24 04:01,legacy_zoho,0,1,0.0,0,train_split
WC704448,2025-09-24 05:21,legacy_zoho,0,1,0.0,0,train_split
WC704449,2025-09-24 06:00,legacy_zoho,0,1,0.0,0,train_split
WC704450,2025-09-24 06:19,legacy_zoho,0,1,0.0,0,train_split
WC704451,2025-09-24 06:37,legacy_zoho,0,1,0.0,0,train_split
WC704452,2025-09-24 07:15,legacy_zoho,0,1,0.0,0,train_split
WC704453,2025-09-24 09:30,legacy_zoho,0,1,0.0,0,train_split
WC704454,2025-09-24 11:15,legacy_zoho,0,1,0.0,0,train_split
WC704455,2025-09-24 11:20,legacy_zoho,0,1,0.0,0,train_split
WC704456,2025-09-24 15:18,legacy_zoho,0,1,0.0,0,train_split
WC704457,2025-09-24 15:40,legacy_zoho,0,1,0.0,0,train_split
WC704458,2025-09-24 15:42,legacy_zoho,0,1,0.0,0,train_split
WC704459,2025-09-24 17:54,legacy_zoho,0,1,0.0,0,train_split
WC704460,2025-09-24 19:08,legacy_zoho,0,1,0.0,0,train_split
WC704461,2025-09-24 19:46,legacy_zoho,0,1,0.0,0,train_split
WC704462,2025-09-24 22:38,legacy_zoho,0,1,0.0,0,train_split
WC704463,2025-09-25 00:10,legacy_zoho,0,1,0.0,0,train_split
WC704464,2025-09-25 01:39,legacy_zoho,0,1,0.0,0,train_split
WC704465,2025-09-25 02:38,legacy_zoho,0,1,0.0,0,train_split
WC704466,2025-09-25 03:00,legacy_zoho,0,1,0.0,0,train_split
WC704467,2025-09-25 03:16,legacy_zoho,0,1,0.0,0,train_split
WC704468,2025-09-25 04:57,legacy_zoho,0,1,0.0,0,train_split
WC704469,2025-09-25 05:36,legacy_zoho,0,1,0.0,0,train_split
WC704470,2025-09-25 06:29,legacy_zoho,0,1,0.0,0,train_split
WC704471,2025-09-25 07:08,legacy_zoho,0,1,0.0,0,train_split
WC704472,2025-09-25 07:30,legacy_zoho,0,1,0.0,0,train_split
WC704473,2025-09-25 07:46,legacy_zoho,0,1,0.0,0,train_split
WC704474,2025-09-25 08:10,legacy_zoho,0,1,0.0,0,train_split
WC704475,2025-09-25 08:59,legacy_zoho,0,1,0.0,0,train_split
WC704476,2025-09-25 09:00,legacy_zoho,0,1,0.0,0,train_split
WC704477,2025-09-25 10:45,legacy_zoho,0,1,0.0,0,train_split
WC704478,2025-09-25 11:04,legacy_zoho,1,2,48.0,0,train_split
WC704479,2025-09-25 16:36,legacy_zoho,0,1,0.0,0,train_split
WC704480,2025-09-25 17:06,legacy_zoho,0,1,0.0,0,train_split
WC704481,2025-09-25 18:16,legacy_zoho,0,1,0.0,0,train_split
WC704482,2025-09-25 20:28,legacy_zoho,0,1,0.0,0,train_split
WC704483,2025-09-25 21:38,legacy_zoho,0,1,0.0,0,train_split
WC704484,2025-09-25 22:19,legacy_zoho,0,1,0.0,0,train_split
WC704485,2025-09-25 22:52,legacy_zoho,0,1,0.0,0,train_split
WC704486,2025-09-25 23:28,legacy_zoho,0,1,0.0,0,train_split
WC704487,2025-09-25 23:29,legacy_zoho,0,1,0.0,0,train_split
WC704488,2025-09-26 00:01,legacy_zoho,0,1,0.0,0,train_split
WC704489,2025-09-26 00:03,legacy_zoho,1,2,48.0,0,train_split
WC704490,2025-09-26 00:15,legacy_zoho,0,1,0.0,0,train_split
WC704491,2025-09-26 03:46,legacy_zoho,0,1,0.0,0,train_split
WC704492,2025-09-26 05:16,legacy_zoho,0,1,0.0,0,train_split
WC704493,2025-09-26 05:20,legacy_zoho,0,1,0.0,0,train_split
WC704494,2025-09-26 06:52,legacy_zoho,0,1,0.0,0,train_split
WC704495,2025-09-26 07:19,legacy_zoho,0,1,0.0,0,train_split
WC704496,2025-09-26 08:46,legacy_zoho,0,1,0.0,0,train_split
WC704497,2025-09-26 09:12,legacy_zoho,0,1,0.0,0,train_split
WC704498,2025-09-26 09:46,legacy_zoho,0,1,0.0,0,train_split
WC704499,2025-09-26 10:33,legacy_zoho,1,2,72.0,0,train_split
WC704500,2025-09-26 11:30,legacy_zoho,0,1,0.0,0,train_split
WC704501,2025-09-26 12:50,legacy_zoho,0,1,0.0,0,train_split
WC704502,2025-09-26 14:59,legacy_zoho,0,1,0.0,0,train_split
WC704503,2025-09-26 15:16,legacy_zoho,0,1,0.0,0,train_split
WC704504,2025-09-26 15:53,legacy_zoho,0,1,0.0,0,train_split
WC704505,2025-09-26 16:33,legacy_zoho,0,1,0.0,0,train_split
WC704506,2025-09-26 17:12,legacy_zoho,0,1,0.0,0,train_split
WC704507,2025-09-26 17:33,legacy_zoho,0,1,0.0,0,train_split
WC704508,2025-09-26 18:03,legacy_zoho,0,1,0.0,0,train_split
WC704509,2025-09-26 18:08,legacy_zoho,0,1,0.0,0,train_split
WC704510,2025-09-26 18:23,legacy_zoho,0,1,0.0,0,train_split
WC704511,2025-09-26 19:11,legacy_zoho,0,1,0.0,0,train_split
WC704512,2025-09-26 20:52,legacy_zoho,0,1,0.0,0,train_split
WC704513,2025-09-26 21:22,legacy_zoho,0,1,0.0,0,train_split
WC704514,2025-09-26 21:53,legacy_zoho,0,1,0.0,0,train_split
WC704515,2025-09-26 23:02,legacy_zoho,0,1,0.0,0,train_split
WC704516,2025-09-26 23:51,legacy_zoho,0,1,0.0,0,train_split
WC704517,2025-09-27 00:57,legacy_zoho,0,1,0.0,0,train_split
WC704518,2025-09-27 01:27,legacy_zoho,0,1,0.0,0,train_split
WC704519,2025-09-27 01:41,legacy_zoho,0,1,0.0,0,train_split
WC704520,2025-09-27 01:52,legacy_zoho,0,1,0.0,0,train_split
WC704521,2025-09-27 02:07,legacy_zoho,0,1,0.0,0,train_split
WC704522,2025-09-27 03:03,legacy_zoho,0,1,0.0,0,train_split
WC704523,2025-09-27 07:21,legacy_zoho,0,1,0.0,0,train_split
WC704524,2025-09-27 07:33,legacy_zoho,0,1,0.0,0,train_split
WC704525,2025-09-27 08:21,legacy_zoho,0,1,0.0,0,train_split
WC704526,2025-09-27 08:50,legacy_zoho,0,1,0.0,0,train_split
WC704527,2025-09-27 08:50,legacy_zoho,0,1,0.0,0,train_split
WC704528,2025-09-27 09:40,legacy_zoho,0,1,0.0,0,train_split
WC704529,2025-09-27 11:06,legacy_zoho,0,1,0.0,0,train_split
WC704530,2025-09-27 13:24,legacy_zoho,0,1,0.0,0,train_split
WC704531,2025-09-27 13:24,legacy_zoho,0,1,0.0,0,train_split
WC704532,2025-09-27 15:28,legacy_zoho,0,1,0.0,0,train_split
WC704533,2025-09-27 15:31,legacy_zoho,0,1,0.0,0,train_split
WC704534,2025-09-27 17:12,legacy_zoho,0,1,0.0,0,train_split
WC704535,2025-09-27 19:03,legacy_zoho,0,1,0.0,0,train_split
WC704536,2025-09-27 19:07,legacy_zoho,0,1,0.0,0,train_split
WC704537,2025-09-27 20:42,legacy_zoho,0,1,0.0,0,train_split
WC704538,2025-09-27 22:10,legacy_zoho,0,1,0.0,1,train_split
WC704539,2025-09-28 00:30,legacy_zoho,0,1,0.0,0,train_split
WC704540,2025-09-28 01:01,legacy_zoho,0,1,0.0,0,train_split
WC704541,2025-09-28 02:07,legacy_zoho,0,1,0.0,0,train_split
WC704542,2025-09-28 02:44,legacy_zoho,0,1,0.0,0,train_split
WC704543,2025-09-28 04:27,legacy_zoho,1,2,96.0,0,train_split
WC704544,2025-09-28 04:27,legacy_zoho,0,1,0.0,0,train_split
WC704545,2025-09-28 06:32,legacy_zoho,0,1,0.0,0,train_split
WC704546,2025-09-28 06:57,legacy_zoho,0,1,0.0,0,train_split
WC704547,2025-09-28 07:52,legacy_zoho,1,2,96.0,0,train_split
WC704548,2025-09-28 08:28,legacy_zoho,0,1,0.0,0,train_split
WC704549,2025-09-28 08:45,legacy_zoho,0,1,0.0,0,train_split
WC704550,2025-09-28 10:57,legacy_zoho,0,1,0.0,0,train_split
WC704551,2025-09-28 13:51,legacy_zoho,0,1,0.0,0,train_split
WC704552,2025-09-28 15:07,legacy_zoho,0,1,0.0,0,train_split
WC704553,2025-09-28 15:45,legacy_zoho,0,1,0.0,0,train_split
WC704554,2025-09-28 15:53,legacy_zoho,0,1,0.0,0,train_split
WC704555,2025-09-28 16:24,legacy_zoho,0,1,0.0,0,train_split
WC704556,2025-09-28 17:23,legacy_zoho,0,1,0.0,0,train_split
WC704557,2025-09-28 18:09,legacy_zoho,0,1,0.0,0,train_split
WC704558,2025-09-28 18:23,legacy_zoho,0,1,0.0,0,train_split
WC704559,2025-09-28 18:38,legacy_zoho,1,2,72.0,0,train_split
WC704560,2025-09-28 19:24,legacy_zoho,0,1,0.0,0,train_split
WC704561,2025-09-28 20:41,legacy_zoho,0,1,0.0,0,train_split
WC704562,2025-09-28 21:18,legacy_zoho,0,1,0.0,0,train_split
WC704563,2025-09-28 22:00,legacy_zoho,0,1,0.0,0,train_split
WC704564,2025-09-29 00:31,legacy_zoho,1,2,72.0,0,train_split
WC704565,2025-09-29 02:47,legacy_zoho,0,1,0.0,0,train_split
WC704566,2025-09-29 03:03,legacy_zoho,0,1,0.0,0,train_split
WC704567,2025-09-29 03:16,legacy_zoho,0,1,0.0,0,train_split
WC704568,2025-09-29 05:52,legacy_zoho,0,1,0.0,0,train_split
WC704569,2025-09-29 08:46,legacy_zoho,0,1,0.0,0,train_split
WC704570,2025-09-29 09:12,legacy_zoho,0,1,0.0,0,train_split
WC704571,2025-09-29 10:09,legacy_zoho,0,1,0.0,0,train_split
WC704572,2025-09-29 10:18,legacy_zoho,0,1,0.0,0,train_split
WC704573,2025-09-29 12:39,legacy_zoho,0,1,0.0,0,train_split
WC704574,2025-09-29 15:59,legacy_zoho,0,1,0.0,0,train_split
WC704575,2025-09-29 18:54,legacy_zoho,0,1,0.0,0,train_split
WC704576,2025-09-29 20:49,legacy_zoho,0,1,0.0,0,train_split
WC704577,2025-09-29 21:31,legacy_zoho,0,1,0.0,0,train_split
WC704578,2025-09-29 22:23,legacy_zoho,0,1,0.0,0,train_split
WC704579,2025-09-29 22:31,legacy_zoho,0,1,0.0,0,train_split
WC704580,2025-09-29 22:35,legacy_zoho,0,1,0.0,0,train_split
WC704581,2025-09-29 23:14,legacy_zoho,0,1,0.0,0,train_split
WC704582,2025-09-30 00:20,legacy_zoho,0,1,0.0,0,train_split
WC704583,2025-09-30 01:22,legacy_zoho,0,1,0.0,0,train_split
WC704584,2025-09-30 01:57,legacy_zoho,0,1,0.0,0,train_split
WC704585,2025-09-30 02:05,legacy_zoho,0,1,0.0,0,train_split
WC704586,2025-09-30 02:35,legacy_zoho,0,1,0.0,0,train_split
WC704587,2025-09-30 05:05,legacy_zoho,0,1,0.0,0,train_split
WC704588,2025-09-30 06:53,legacy_zoho,0,1,0.0,0,train_split
WC704589,2025-09-30 08:22,legacy_zoho,0,1,0.0,0,train_split
WC704590,2025-09-30 10:20,legacy_zoho,0,1,0.0,0,train_split
WC704591,2025-09-30 10:24,legacy_zoho,0,1,0.0,0,train_split
WC704592,2025-09-30 12:51,legacy_zoho,0,1,0.0,0,train_split
WC704593,2025-09-30 14:31,legacy_zoho,0,1,0.0,0,train_split
WC704594,2025-09-30 16:38,legacy_zoho,0,1,0.0,0,train_split
WC704595,2025-09-30 16:45,legacy_zoho,0,1,0.0,0,train_split
WC704596,2025-09-30 17:01,legacy_zoho,0,1,0.0,0,train_split
WC704597,2025-09-30 17:29,legacy_zoho,1,2,120.0,0,train_split
WC704598,2025-09-30 17:32,legacy_zoho,1,2,72.0,0,train_split
WC704599,2025-09-30 17:36,legacy_zoho,1,2,48.0,0,train_split
WC704600,2025-09-30 18:07,legacy_zoho,0,1,0.0,0,train_split
WC704601,2025-09-30 18:14,legacy_zoho,0,1,0.0,0,train_split
WC704602,2025-09-30 22:43,legacy_zoho,0,1,0.0,0,train_split
WC704603,2025-09-30 22:48,legacy_zoho,0,1,0.0,0,train_split
WC704604,2025-09-30 22:49,legacy_zoho,0,1,0.0,0,train_split
WC704605,2025-09-30 23:42,legacy_zoho,0,1,0.0,0,train_split
WC704606,2025-10-01 03:11,crm,0,1,0.0,,train_split
WC704607,2025-10-01 06:32,crm,0,1,0.0,0,train_split
WC704608,2025-10-01 06:44,crm,0,1,0.0,0,train_split
WC704609,2025-10-01 07:47,crm,0,1,0.0,0,train_split
WC704610,2025-10-01 08:58,crm,0,1,0.0,0,train_split
WC704611,2025-10-01 09:22,crm,0,1,0.0,0,train_split
WC704612,2025-10-01 10:07,crm,0,1,0.0,0,train_split
WC704613,2025-10-01 10:26,crm,0,1,0.0,0,train_split
WC704614,2025-10-01 11:37,crm,0,1,0.0,0,train_split
WC704615,2025-10-01 12:04,crm,0,1,0.0,0,train_split
WC704616,2025-10-01 12:56,crm,0,1,0.0,0,train_split
WC704617,2025-10-01 14:29,crm,0,1,0.0,0,train_split
WC704618,2025-10-01 15:15,crm,0,1,0.0,0,train_split
WC704619,2025-10-01 15:29,crm,0,1,0.0,0,train_split
WC704620,2025-10-01 17:29,crm,0,1,0.0,0,train_split
WC704621,2025-10-01 17:54,crm,0,1,0.0,0,train_split
WC704622,2025-10-01 18:04,crm,0,1,0.0,0,train_split
WC704623,2025-10-01 18:19,crm,0,1,0.0,0,train_split
WC704624,2025-10-01 18:40,crm,0,1,0.0,0,train_split
WC704625,2025-10-01 18:52,crm,0,1,0.0,0,train_split
WC704626,2025-10-01 19:37,crm,0,1,0.0,0,train_split
WC704627,2025-10-01 20:13,crm,1,2,120.0,0,train_split
WC704628,2025-10-01 20:23,crm,0,1,0.0,0,train_split
WC704629,2025-10-01 20:56,crm,0,1,0.0,0,train_split
WC704630,2025-10-01 22:10,crm,0,1,0.0,0,train_split
WC704631,2025-10-01 22:49,crm,0,1,0.0,,train_split
WC704632,2025-10-01 23:40,crm,0,1,0.0,0,train_split
WC704633,2025-10-01 23:58,crm,0,1,0.0,0,train_split
WC704634,2025-10-02 02:17,crm,0,1,0.0,0,train_split
WC704635,2025-10-02 02:38,crm,0,1,0.0,0,train_split
WC704636,2025-10-02 02:46,crm,0,1,0.0,0,train_split
WC704637,2025-10-02 03:22,crm,0,1,0.0,0,train_split
WC704638,2025-10-02 04:47,crm,0,1,0.0,0,train_split
WC704639,2025-10-02 05:05,crm,0,1,0.0,0,train_split
WC704640,2025-10-02 06:30,crm,0,1,0.0,0,train_split
WC704641,2025-10-02 07:14,crm,0,1,0.0,0,train_split
WC704642,2025-10-02 08:39,crm,0,1,0.0,0,train_split
WC704643,2025-10-02 10:37,crm,1,2,120.0,0,train_split
WC704644,2025-10-02 11:06,crm,0,1,0.0,0,train_split
WC704645,2025-10-02 13:50,crm,0,1,0.0,0,train_split
WC704646,2025-10-02 15:55,crm,0,1,0.0,0,train_split
WC704647,2025-10-02 16:24,crm,0,1,0.0,0,train_split
WC704648,2025-10-02 16:44,crm,0,1,0.0,,train_split
WC704649,2025-10-02 17:18,crm,0,1,0.0,0,train_split
WC704650,2025-10-02 18:42,crm,0,1,0.0,0,train_split
WC704651,2025-10-02 19:33,crm,0,1,0.0,0,train_split
WC704652,2025-10-02 19:45,crm,0,1,0.0,0,train_split
WC704653,2025-10-02 20:13,crm,0,1,0.0,0,train_split
WC704654,2025-10-02 21:17,crm,1,2,120.0,0,train_split
WC704655,2025-10-02 21:37,crm,0,1,0.0,0,train_split
WC704656,2025-10-02 21:48,crm,0,1,0.0,0,train_split
WC704657,2025-10-02 22:52,crm,0,1,0.0,0,train_split
WC704658,2025-10-03 00:08,crm,0,1,0.0,0,train_split
WC704659,2025-10-03 00:16,crm,0,1,0.0,0,train_split
WC704660,2025-10-03 01:22,crm,0,1,0.0,0,train_split
WC704661,2025-10-03 01:34,crm,0,1,0.0,0,train_split
WC704662,2025-10-03 01:36,crm,0,1,0.0,0,train_split
WC704663,2025-10-03 02:11,crm,0,1,0.0,0,train_split
WC704664,2025-10-03 02:16,crm,0,1,0.0,0,train_split
WC704665,2025-10-03 06:15,crm,0,1,0.0,0,train_split
WC704666,2025-10-03 06:42,crm,0,1,0.0,0,train_split
WC704667,2025-10-03 07:17,crm,0,1,0.0,0,train_split
WC704668,2025-10-03 07:21,crm,0,1,0.0,0,train_split
WC704669,2025-10-03 08:49,crm,0,1,0.0,,train_split
WC704670,2025-10-03 09:23,crm,0,1,0.0,0,train_split
WC704671,2025-10-03 10:49,crm,0,1,0.0,0,train_split
WC704672,2025-10-03 12:29,crm,0,1,0.0,0,train_split
WC704673,2025-10-03 12:33,crm,0,1,0.0,,train_split
WC704674,2025-10-03 12:44,crm,0,1,0.0,0,train_split
WC704675,2025-10-03 13:30,crm,0,1,0.0,,train_split
WC704676,2025-10-03 14:55,crm,0,1,0.0,0,train_split
WC704677,2025-10-03 15:37,crm,0,1,0.0,0,train_split
WC704678,2025-10-03 18:26,crm,1,2,24.0,0,train_split
WC704679,2025-10-03 19:11,crm,0,1,0.0,0,train_split
WC704680,2025-10-03 19:53,crm,0,1,0.0,,train_split
WC704681,2025-10-03 19:55,crm,0,1,0.0,0,train_split
WC704682,2025-10-03 19:58,crm,0,1,0.0,0,train_split
WC704683,2025-10-03 20:36,crm,0,1,0.0,0,train_split
WC704684,2025-10-03 22:00,crm,1,2,48.0,0,train_split
WC704685,2025-10-03 23:08,crm,0,1,0.0,0,train_split
WC704686,2025-10-04 00:17,crm,0,1,0.0,0,train_split
WC704687,2025-10-04 02:07,crm,0,1,0.0,0,train_split
WC704688,2025-10-04 02:12,crm,0,1,0.0,,train_split
WC704689,2025-10-04 02:30,crm,0,1,0.0,0,train_split
WC704690,2025-10-04 03:09,crm,0,1,0.0,0,train_split
WC704691,2025-10-04 05:00,crm,0,1,0.0,0,train_split
WC704692,2025-10-04 06:10,crm,0,1,0.0,0,train_split
WC704693,2025-10-04 06:11,crm,0,1,0.0,0,train_split
WC704694,2025-10-04 08:10,crm,0,1,0.0,0,train_split
WC704695,2025-10-04 08:45,crm,0,1,0.0,0,train_split
WC704696,2025-10-04 11:29,crm,0,1,0.0,0,train_split
WC704697,2025-10-04 12:10,crm,1,2,48.0,0,train_split
WC704698,2025-10-04 12:58,crm,0,1,0.0,0,train_split
WC704699,2025-10-04 14:03,crm,0,1,0.0,0,train_split
WC704700,2025-10-04 14:52,crm,0,1,0.0,0,train_split
WC704701,2025-10-04 15:09,crm,0,1,0.0,0,train_split
WC704702,2025-10-04 15:40,crm,0,1,0.0,0,train_split
WC704703,2025-10-04 16:16,crm,0,1,0.0,0,train_split
WC704704,2025-10-04 17:10,crm,0,1,0.0,0,train_split
WC704705,2025-10-04 19:19,crm,0,1,0.0,0,train_split
WC704706,2025-10-04 20:03,crm,0,1,0.0,0,train_split
WC704707,2025-10-04 20:23,crm,0,1,0.0,0,train_split
WC704708,2025-10-04 20:38,crm,0,1,0.0,0,train_split
WC704709,2025-10-04 21:20,crm,0,1,0.0,0,train_split
WC704710,2025-10-04 23:30,crm,0,1,0.0,0,train_split
WC704711,2025-10-05 00:20,crm,0,1,0.0,0,train_split
WC704712,2025-10-05 00:24,crm,1,2,48.0,0,train_split
WC704713,2025-10-05 04:10,crm,0,1,0.0,0,train_split
WC704714,2025-10-05 04:52,crm,0,1,0.0,0,train_split
WC704715,2025-10-05 05:19,crm,0,1,0.0,0,train_split
WC704716,2025-10-05 05:41,crm,0,1,0.0,0,train_split
WC704717,2025-10-05 06:23,crm,0,1,0.0,0,train_split
WC704718,2025-10-05 06:37,crm,0,1,0.0,0,train_split
WC704719,2025-10-05 06:47,crm,0,1,0.0,0,train_split
WC704720,2025-10-05 06:53,crm,0,1,0.0,0,train_split
WC704721,2025-10-05 07:14,crm,0,1,0.0,,train_split
WC704722,2025-10-05 07:29,crm,0,1,0.0,0,train_split
WC704723,2025-10-05 08:07,crm,0,1,0.0,0,train_split
WC704724,2025-10-05 09:16,crm,0,1,0.0,0,train_split
WC704725,2025-10-05 09:33,crm,0,1,0.0,0,train_split
WC704726,2025-10-05 11:31,crm,0,1,0.0,0,train_split
WC704727,2025-10-05 11:47,crm,0,1,0.0,0,train_split
WC704728,2025-10-05 14:31,crm,0,1,0.0,0,train_split
WC704729,2025-10-05 15:06,crm,0,1,0.0,0,train_split
WC704730,2025-10-05 15:26,crm,0,1,0.0,0,train_split
WC704731,2025-10-05 16:54,crm,0,1,0.0,0,train_split
WC704732,2025-10-05 17:38,crm,0,1,0.0,0,train_split
WC704733,2025-10-05 19:07,crm,0,1,0.0,0,train_split
WC704734,2025-10-05 19:10,crm,0,1,0.0,0,train_split
WC704735,2025-10-05 19:53,crm,0,1,0.0,0,train_split
WC704736,2025-10-05 20:03,crm,0,1,0.0,0,train_split
WC704737,2025-10-05 20:55,crm,0,1,0.0,,train_split
WC704738,2025-10-05 23:18,crm,0,1,0.0,0,train_split
WC704739,2025-10-06 00:08,crm,0,1,0.0,0,train_split
WC704740,2025-10-06 00:28,crm,0,1,0.0,0,train_split
WC704741,2025-10-06 01:47,crm,0,1,0.0,0,train_split
WC704742,2025-10-06 02:07,crm,0,1,0.0,,train_split
WC704743,2025-10-06 02:35,crm,0,1,0.0,0,train_split
WC704744,2025-10-06 02:47,crm,0,1,0.0,0,train_split
WC704745,2025-10-06 03:17,crm,0,1,0.0,0,train_split
WC704746,2025-10-06 05:38,crm,0,1,0.0,0,train_split
WC704747,2025-10-06 05:49,crm,0,1,0.0,0,train_split
WC704748,2025-10-06 06:02,crm,0,1,0.0,0,train_split
WC704749,2025-10-06 07:59,crm,0,1,0.0,0,train_split
WC704750,2025-10-06 08:47,crm,0,1,0.0,0,train_split
WC704751,2025-10-06 09:53,crm,1,2,72.0,0,train_split
WC704752,2025-10-06 11:03,crm,0,1,0.0,0,train_split
WC704753,2025-10-06 11:10,crm,0,1,0.0,0,train_split
WC704754,2025-10-06 11:46,crm,1,2,48.0,0,train_split
WC704755,2025-10-06 17:56,crm,0,1,0.0,0,train_split
WC704756,2025-10-06 18:29,crm,0,1,0.0,0,train_split
WC704757,2025-10-06 19:16,crm,0,1,0.0,0,train_split
WC704758,2025-10-06 19:17,crm,0,1,0.0,0,train_split
WC704759,2025-10-06 19:30,crm,0,1,0.0,0,train_split
WC704760,2025-10-06 19:58,crm,0,1,0.0,0,train_split
WC704761,2025-10-06 20:13,crm,0,1,0.0,0,train_split
WC704762,2025-10-06 20:21,crm,0,1,0.0,0,train_split
WC704763,2025-10-06 22:10,crm,0,1,0.0,0,train_split
WC704764,2025-10-07 02:56,crm,1,2,120.0,0,train_split
WC704765,2025-10-07 03:37,crm,0,1,0.0,0,train_split
WC704766,2025-10-07 05:55,crm,0,1,0.0,0,train_split
WC704767,2025-10-07 07:06,crm,0,1,0.0,0,train_split
WC704768,2025-10-07 09:18,crm,0,1,0.0,0,train_split
WC704769,2025-10-07 11:38,crm,0,1,0.0,0,train_split
WC704770,2025-10-07 12:15,crm,0,1,0.0,0,train_split
WC704771,2025-10-07 15:13,crm,0,1,0.0,0,train_split
WC704772,2025-10-07 16:08,crm,0,1,0.0,0,train_split
WC704773,2025-10-07 16:24,crm,0,1,0.0,0,train_split
WC704774,2025-10-07 17:38,crm,0,1,0.0,0,train_split
WC704775,2025-10-07 21:03,crm,0,1,0.0,0,train_split
WC704776,2025-10-07 22:18,crm,0,1,0.0,0,train_split
WC704777,2025-10-07 22:38,crm,0,1,0.0,0,train_split
WC704778,2025-10-07 22:59,crm,0,1,0.0,0,train_split
WC704779,2025-10-08 00:24,crm,0,1,0.0,0,train_split
WC704780,2025-10-08 00:55,crm,0,1,0.0,0,train_split
WC704781,2025-10-08 00:55,crm,0,1,0.0,0,train_split
WC704782,2025-10-08 01:55,crm,0,1,0.0,0,train_split
WC704783,2025-10-08 02:24,crm,0,1,0.0,0,train_split
WC704784,2025-10-08 02:53,crm,0,1,0.0,0,train_split
WC704785,2025-10-08 02:56,crm,0,1,0.0,0,train_split
WC704786,2025-10-08 03:03,crm,0,1,0.0,0,train_split
WC704787,2025-10-08 03:20,crm,0,1,0.0,0,train_split
WC704788,2025-10-08 04:14,crm,0,1,0.0,0,train_split
WC704789,2025-10-08 05:10,crm,0,1,0.0,0,train_split
WC704790,2025-10-08 05:24,crm,0,1,0.0,0,train_split
WC704791,2025-10-08 06:31,crm,0,1,0.0,0,train_split
WC704792,2025-10-08 06:40,crm,0,1,0.0,0,train_split
WC704793,2025-10-08 06:44,crm,0,1,0.0,0,train_split
WC704794,2025-10-08 07:02,crm,0,1,0.0,0,train_split
WC704795,2025-10-08 08:03,crm,0,1,0.0,0,train_split
WC704796,2025-10-08 08:07,crm,1,2,48.0,0,train_split
WC704797,2025-10-08 08:54,crm,0,1,0.0,0,train_split
WC704798,2025-10-08 16:41,crm,0,1,0.0,0,train_split
WC704799,2025-10-08 16:46,crm,0,1,0.0,0,train_split
WC704800,2025-10-08 17:06,crm,0,1,0.0,0,train_split
WC704801,2025-10-08 17:55,crm,0,1,0.0,0,train_split
WC704802,2025-10-08 20:02,crm,0,1,0.0,0,train_split
WC704803,2025-10-08 21:00,crm,0,1,0.0,0,train_split
WC704804,2025-10-08 21:19,crm,0,1,0.0,0,train_split
WC704805,2025-10-08 22:19,crm,0,1,0.0,0,train_split
WC704806,2025-10-08 23:22,crm,0,1,0.0,0,train_split
WC704807,2025-10-08 23:59,crm,0,1,0.0,0,train_split
WC704808,2025-10-09 00:11,crm,1,2,120.0,0,train_split
WC704809,2025-10-09 02:03,crm,0,1,0.0,0,train_split
WC704810,2025-10-09 03:26,crm,0,1,0.0,0,train_split
WC704811,2025-10-09 03:42,crm,0,1,0.0,0,train_split
WC704812,2025-10-09 07:22,crm,0,1,0.0,0,train_split
WC704813,2025-10-09 08:58,crm,1,2,120.0,0,train_split
WC704814,2025-10-09 09:09,crm,0,1,0.0,0,train_split
WC704815,2025-10-09 11:27,crm,0,1,0.0,0,train_split
WC704816,2025-10-09 11:43,crm,0,1,0.0,0,train_split
WC704817,2025-10-09 12:52,crm,0,1,0.0,0,train_split
WC704818,2025-10-09 13:41,crm,0,1,0.0,0,train_split
WC704819,2025-10-09 15:33,crm,0,1,0.0,0,train_split
WC704820,2025-10-09 15:51,crm,0,1,0.0,0,train_split
WC704821,2025-10-09 16:21,crm,0,1,0.0,0,train_split
WC704822,2025-10-09 18:08,crm,0,1,0.0,0,train_split
WC704823,2025-10-09 18:23,crm,0,1,0.0,0,train_split
WC704824,2025-10-09 18:51,crm,0,1,0.0,0,train_split
WC704825,2025-10-09 19:36,crm,0,1,0.0,0,train_split
WC704826,2025-10-09 22:00,crm,0,1,0.0,0,train_split
WC704827,2025-10-09 22:01,crm,0,1,0.0,0,train_split
WC704828,2025-10-09 22:16,crm,1,2,72.0,0,train_split
WC704829,2025-10-09 23:17,crm,0,1,0.0,0,train_split
WC704830,2025-10-10 00:59,crm,0,1,0.0,0,train_split
WC704831,2025-10-10 01:38,crm,0,1,0.0,0,train_split
WC704832,2025-10-10 02:33,crm,0,1,0.0,0,train_split
WC704833,2025-10-10 02:43,crm,0,1,0.0,0,train_split
WC704834,2025-10-10 02:49,crm,0,1,0.0,0,train_split
WC704835,2025-10-10 02:55,crm,0,1,0.0,0,train_split
WC704836,2025-10-10 03:26,crm,0,1,0.0,0,train_split
WC704837,2025-10-10 03:45,crm,0,1,0.0,0,train_split
WC704838,2025-10-10 04:10,crm,0,1,0.0,0,train_split
WC704839,2025-10-10 06:00,crm,0,1,0.0,0,train_split
WC704840,2025-10-10 07:44,crm,0,1,0.0,0,train_split
WC704841,2025-10-10 09:26,crm,0,1,0.0,0,train_split
WC704842,2025-10-10 12:21,crm,0,1,0.0,0,train_split
WC704843,2025-10-10 13:06,crm,0,1,0.0,0,train_split
WC704844,2025-10-10 14:00,crm,0,1,0.0,0,train_split
WC704845,2025-10-10 14:38,crm,1,2,72.0,0,train_split
WC704846,2025-10-10 15:23,crm,0,1,0.0,0,train_split
WC704847,2025-10-10 16:44,crm,0,1,0.0,0,train_split
WC704848,2025-10-10 17:52,crm,0,1,0.0,0,train_split
WC704849,2025-10-10 18:05,crm,1,2,96.0,,train_split
WC704850,2025-10-10 21:38,crm,0,1,0.0,0,train_split
WC704851,2025-10-10 22:10,crm,0,1,0.0,0,train_split
WC704852,2025-10-10 23:53,crm,0,1,0.0,0,train_split
WC704853,2025-10-11 00:32,crm,0,1,0.0,0,train_split
WC704854,2025-10-11 00:44,crm,0,1,0.0,0,train_split
WC704855,2025-10-11 02:25,crm,0,1,0.0,0,train_split
WC704856,2025-10-11 04:34,crm,0,1,0.0,0,train_split
WC704857,2025-10-11 04:35,crm,0,1,0.0,0,train_split
WC704858,2025-10-11 04:43,crm,0,1,0.0,0,train_split
WC704859,2025-10-11 04:54,crm,0,1,0.0,0,train_split
WC704860,2025-10-11 06:08,crm,0,1,0.0,0,train_split
WC704861,2025-10-11 08:26,crm,0,1,0.0,0,train_split
WC704862,2025-10-11 09:01,crm,0,1,0.0,0,train_split
WC704863,2025-10-11 09:03,crm,0,1,0.0,0,train_split
WC704864,2025-10-11 09:14,crm,0,1,0.0,0,train_split
WC704865,2025-10-11 10:14,crm,1,2,48.0,0,train_split
WC704866,2025-10-11 10:58,crm,0,1,0.0,0,train_split
WC704867,2025-10-11 12:34,crm,1,2,96.0,0,train_split
WC704868,2025-10-11 13:12,crm,0,1,0.0,0,train_split
WC704869,2025-10-11 13:21,crm,0,1,0.0,0,train_split
WC704870,2025-10-11 15:07,crm,0,1,0.0,0,train_split
WC704871,2025-10-11 18:08,crm,0,1,0.0,0,train_split
WC704872,2025-10-11 19:18,crm,0,1,0.0,0,train_split
WC704873,2025-10-11 20:54,crm,0,1,0.0,0,train_split
WC704874,2025-10-11 21:54,crm,0,1,0.0,0,train_split
WC704875,2025-10-11 22:56,crm,0,1,0.0,0,train_split
WC704876,2025-10-12 00:18,crm,0,1,0.0,0,train_split
WC704877,2025-10-12 03:47,crm,0,1,0.0,0,train_split
WC704878,2025-10-12 03:50,crm,0,1,0.0,1,train_split
WC704879,2025-10-12 04:08,crm,0,1,0.0,0,train_split
WC704880,2025-10-12 04:22,crm,0,1,0.0,0,train_split
WC704881,2025-10-12 05:28,crm,0,1,0.0,0,train_split
WC704882,2025-10-12 05:38,crm,0,1,0.0,0,train_split
WC704883,2025-10-12 07:15,crm,0,1,0.0,0,train_split
WC704884,2025-10-12 08:06,crm,0,1,0.0,0,train_split
WC704885,2025-10-12 08:54,crm,0,1,0.0,0,train_split
WC704886,2025-10-12 09:03,crm,0,1,0.0,0,train_split
WC704887,2025-10-12 09:50,crm,0,1,0.0,0,train_split
WC704888,2025-10-12 10:18,crm,0,1,0.0,0,train_split
WC704889,2025-10-12 10:25,crm,0,1,0.0,0,train_split
WC704890,2025-10-12 10:27,crm,0,1,0.0,0,train_split
WC704891,2025-10-12 10:33,crm,0,1,0.0,0,train_split
WC704892,2025-10-12 10:52,crm,0,1,0.0,0,train_split
WC704893,2025-10-12 10:54,crm,0,1,0.0,1,train_split
WC704894,2025-10-12 11:10,crm,0,1,0.0,1,train_split
WC704895,2025-10-12 12:26,crm,0,1,0.0,0,train_split
WC704896,2025-10-12 12:36,crm,0,1,0.0,0,train_split
WC704897,2025-10-12 12:42,crm,0,1,0.0,0,train_split
WC704898,2025-10-12 13:13,crm,0,1,0.0,0,train_split
WC704899,2025-10-12 17:50,crm,0,1,0.0,0,train_split
WC704900,2025-10-12 18:04,crm,0,1,0.0,0,train_split
WC704901,2025-10-12 18:35,crm,0,1,0.0,0,train_split
WC704902,2025-10-12 18:39,crm,0,1,0.0,0,train_split
WC704903,2025-10-12 19:17,crm,0,1,0.0,0,train_split
WC704904,2025-10-12 20:28,crm,0,1,0.0,0,train_split
WC704905,2025-10-12 20:48,crm,0,1,0.0,0,train_split
WC704906,2025-10-12 20:58,crm,0,1,0.0,0,train_split
WC704907,2025-10-12 21:52,crm,0,1,0.0,0,train_split
WC704908,2025-10-12 22:18,crm,0,1,0.0,0,train_split
WC704909,2025-10-12 23:54,crm,0,1,0.0,,train_split
WC704910,2025-10-13 01:56,crm,0,1,0.0,0,train_split
WC704911,2025-10-13 03:09,crm,0,1,0.0,0,train_split
WC704912,2025-10-13 03:27,crm,1,2,96.0,0,train_split
WC704913,2025-10-13 04:48,crm,0,1,0.0,0,train_split
WC704914,2025-10-13 05:16,crm,0,1,0.0,,train_split
WC704915,2025-10-13 05:29,crm,0,1,0.0,0,train_split
WC704916,2025-10-13 05:29,crm,0,1,0.0,0,train_split
WC704917,2025-10-13 06:36,crm,0,1,0.0,0,train_split
WC704918,2025-10-13 07:11,crm,0,1,0.0,0,train_split
WC704919,2025-10-13 07:13,crm,0,1,0.0,,train_split
WC704920,2025-10-13 08:39,crm,0,1,0.0,0,train_split
WC704921,2025-10-13 09:09,crm,0,1,0.0,0,train_split
WC704922,2025-10-13 12:18,crm,0,1,0.0,0,train_split
WC704923,2025-10-13 13:59,crm,0,1,0.0,0,train_split
WC704924,2025-10-13 14:15,crm,0,1,0.0,0,train_split
WC704925,2025-10-13 15:32,crm,0,1,0.0,0,train_split
WC704926,2025-10-13 15:46,crm,0,1,0.0,0,train_split
WC704927,2025-10-13 15:50,crm,0,1,0.0,0,train_split
WC704928,2025-10-13 17:10,crm,0,1,0.0,0,train_split
WC704929,2025-10-13 18:52,crm,0,1,0.0,0,train_split
WC704930,2025-10-13 19:14,crm,0,1,0.0,1,train_split
WC704931,2025-10-13 20:02,crm,0,1,0.0,0,train_split
WC704932,2025-10-13 20:37,crm,0,1,0.0,0,train_split
WC704933,2025-10-13 21:11,crm,0,1,0.0,0,train_split
WC704936,2025-10-13 22:09,crm,0,1,0.0,0,train_split
WC704935,2025-10-13 22:09,crm,0,1,0.0,0,train_split
WC704934,2025-10-13 22:09,crm,0,1,0.0,0,train_split
WC704937,2025-10-13 23:20,crm,0,1,0.0,0,train_split
WC704938,2025-10-14 01:44,crm,0,1,0.0,0,train_split
WC704939,2025-10-14 02:35,crm,0,1,0.0,0,train_split
WC704940,2025-10-14 05:09,crm,0,1,0.0,0,train_split
WC704941,2025-10-14 05:14,crm,0,1,0.0,0,train_split
WC704942,2025-10-14 06:48,crm,0,1,0.0,0,train_split
WC704943,2025-10-14 08:43,crm,0,1,0.0,0,train_split
WC704944,2025-10-14 10:30,crm,0,1,0.0,0,train_split
WC704945,2025-10-14 12:22,crm,0,1,0.0,0,train_split
WC704946,2025-10-14 13:37,crm,0,1,0.0,0,train_split
WC704947,2025-10-14 14:52,crm,0,1,0.0,0,train_split
WC704948,2025-10-14 16:37,crm,0,1,0.0,0,train_split
WC704949,2025-10-14 17:08,crm,0,1,0.0,0,train_split
WC704950,2025-10-14 17:19,crm,0,1,0.0,0,train_split
WC704951,2025-10-14 17:27,crm,0,1,0.0,0,train_split
WC704952,2025-10-14 17:50,crm,0,1,0.0,0,train_split
WC704953,2025-10-14 18:45,crm,0,1,0.0,0,train_split
WC704954,2025-10-14 18:57,crm,0,1,0.0,0,train_split
WC704955,2025-10-14 19:31,crm,0,1,0.0,0,train_split
WC704956,2025-10-14 20:14,crm,0,1,0.0,0,train_split
WC704957,2025-10-14 20:34,crm,0,1,0.0,0,train_split
WC704958,2025-10-14 22:19,crm,0,1,0.0,0,train_split
WC704959,2025-10-14 22:30,crm,0,1,0.0,0,train_split
WC704960,2025-10-14 23:11,crm,0,1,0.0,,train_split
WC704961,2025-10-14 23:31,crm,0,1,0.0,0,train_split
WC704962,2025-10-14 23:44,crm,0,1,0.0,0,train_split
WC704963,2025-10-15 00:31,crm,0,1,0.0,0,train_split
WC704964,2025-10-15 02:45,crm,0,1,0.0,0,train_split
WC704965,2025-10-15 03:54,crm,0,1,0.0,0,train_split
WC704966,2025-10-15 04:36,crm,0,1,0.0,0,train_split
WC704967,2025-10-15 04:51,crm,0,1,0.0,0,train_split
WC704968,2025-10-15 04:58,crm,0,1,0.0,0,train_split
WC704969,2025-10-15 08:04,crm,0,1,0.0,0,train_split
WC704970,2025-10-15 09:10,crm,0,1,0.0,0,train_split
WC704971,2025-10-15 09:36,crm,0,1,0.0,0,train_split
WC704972,2025-10-15 11:18,crm,0,1,0.0,0,train_split
WC704973,2025-10-15 12:24,crm,0,1,0.0,0,train_split
WC704974,2025-10-15 13:30,crm,0,1,0.0,0,train_split
WC704975,2025-10-15 13:33,crm,0,1,0.0,0,train_split
WC704976,2025-10-15 14:30,crm,0,1,0.0,0,train_split
WC704977,2025-10-15 15:24,crm,0,1,0.0,0,train_split
WC704978,2025-10-15 16:08,crm,0,1,0.0,0,train_split
WC704979,2025-10-15 16:12,crm,0,1,0.0,0,train_split
WC704980,2025-10-15 17:00,crm,1,2,120.0,0,train_split
WC704981,2025-10-15 18:00,crm,0,1,0.0,0,train_split
WC704982,2025-10-15 18:01,crm,0,1,0.0,0,train_split
WC704983,2025-10-15 18:04,crm,0,1,0.0,0,train_split
WC704984,2025-10-15 18:45,crm,0,1,0.0,0,train_split
WC704985,2025-10-15 22:17,crm,0,1,0.0,0,train_split
WC704986,2025-10-16 01:16,crm,0,1,0.0,0,train_split
WC704987,2025-10-16 02:16,crm,0,1,0.0,0,train_split
WC704988,2025-10-16 02:43,crm,0,1,0.0,0,train_split
WC704989,2025-10-16 03:58,crm,0,1,0.0,0,train_split
WC704990,2025-10-16 05:26,crm,0,1,0.0,0,train_split
WC704991,2025-10-16 05:56,crm,0,1,0.0,0,train_split
WC704992,2025-10-16 06:37,crm,0,1,0.0,0,train_split
WC704993,2025-10-16 06:55,crm,0,1,0.0,0,train_split
WC704994,2025-10-16 07:09,crm,0,1,0.0,,train_split
WC704995,2025-10-16 12:09,crm,0,1,0.0,,train_split
WC704996,2025-10-16 12:39,crm,0,1,0.0,0,train_split
WC704997,2025-10-16 13:52,crm,0,1,0.0,0,train_split
WC704998,2025-10-16 17:11,crm,0,1,0.0,0,train_split
WC704999,2025-10-16 18:01,crm,0,1,0.0,0,train_split
WC705000,2025-10-16 18:20,crm,0,1,0.0,0,train_split
WC705001,2025-10-16 20:00,crm,0,1,0.0,0,train_split
WC705002,2025-10-16 21:26,crm,0,1,0.0,0,train_split
WC705003,2025-10-16 21:52,crm,0,1,0.0,0,train_split
WC705004,2025-10-17 00:14,crm,0,1,0.0,0,train_split
WC705005,2025-10-17 00:42,crm,0,1,0.0,0,train_split
WC705006,2025-10-17 01:49,crm,0,1,0.0,0,train_split
WC705007,2025-10-17 02:33,crm,0,1,0.0,0,train_split
WC705008,2025-10-17 02:50,crm,0,1,0.0,0,train_split
WC705009,2025-10-17 03:22,crm,0,1,0.0,0,train_split
WC705010,2025-10-17 03:43,crm,0,1,0.0,0,train_split
WC705011,2025-10-17 04:22,crm,0,1,0.0,0,train_split
WC705012,2025-10-17 05:31,crm,1,2,72.0,0,train_split
WC705013,2025-10-17 07:55,crm,0,1,0.0,0,train_split
WC705014,2025-10-17 08:14,crm,0,1,0.0,,train_split
WC705015,2025-10-17 08:37,crm,0,1,0.0,0,train_split
WC705016,2025-10-17 09:18,crm,0,1,0.0,0,train_split
WC705017,2025-10-17 10:47,crm,0,1,0.0,0,train_split
WC705018,2025-10-17 11:11,crm,0,1,0.0,0,train_split
WC705019,2025-10-17 11:26,crm,0,1,0.0,0,train_split
WC705020,2025-10-17 12:23,crm,0,1,0.0,0,train_split
WC705021,2025-10-17 14:45,crm,0,1,0.0,0,train_split
WC705022,2025-10-17 16:02,crm,0,1,0.0,0,train_split
WC705023,2025-10-17 21:10,crm,0,1,0.0,0,train_split
WC705024,2025-10-17 22:31,crm,0,1,0.0,0,train_split
WC705025,2025-10-17 22:46,crm,0,1,0.0,0,train_split
WC705026,2025-10-17 23:19,crm,0,1,0.0,0,train_split
WC705027,2025-10-17 23:20,crm,0,1,0.0,0,train_split
WC705028,2025-10-18 00:23,crm,0,1,0.0,0,train_split
WC705029,2025-10-18 00:38,crm,0,1,0.0,0,train_split
WC705030,2025-10-18 01:39,crm,1,2,120.0,0,train_split
WC705031,2025-10-18 03:18,crm,0,1,0.0,0,train_split
WC705032,2025-10-18 03:39,crm,0,1,0.0,0,train_split
WC705033,2025-10-18 03:44,crm,0,1,0.0,0,train_split
WC705034,2025-10-18 04:26,crm,0,1,0.0,0,train_split
WC705035,2025-10-18 07:26,crm,0,1,0.0,0,train_split
WC705036,2025-10-18 09:30,crm,1,2,120.0,0,train_split
WC705037,2025-10-18 10:03,crm,0,1,0.0,0,train_split
WC705038,2025-10-18 10:57,crm,0,1,0.0,0,train_split
WC705039,2025-10-18 11:21,crm,0,1,0.0,0,train_split
WC705040,2025-10-18 11:39,crm,0,1,0.0,0,train_split
WC705041,2025-10-18 11:54,crm,0,1,0.0,0,train_split
WC705042,2025-10-18 12:00,crm,0,1,0.0,0,train_split
WC705043,2025-10-18 13:40,crm,0,1,0.0,0,train_split
WC705044,2025-10-18 14:53,crm,0,1,0.0,1,train_split
WC705045,2025-10-18 14:57,crm,0,1,0.0,0,train_split
WC705046,2025-10-18 16:19,crm,0,1,0.0,0,train_split
WC705047,2025-10-18 17:03,crm,0,1,0.0,0,train_split
WC705048,2025-10-18 17:30,crm,0,1,0.0,0,train_split
WC705049,2025-10-18 18:26,crm,0,1,0.0,0,train_split
WC705050,2025-10-18 18:31,crm,0,1,0.0,0,train_split
WC705051,2025-10-18 19:31,crm,0,1,0.0,0,train_split
WC705052,2025-10-18 19:40,crm,0,1,0.0,0,train_split
WC705053,2025-10-18 22:24,crm,0,1,0.0,0,train_split
WC705054,2025-10-19 00:38,crm,0,1,0.0,0,train_split
WC705055,2025-10-19 00:49,crm,0,1,0.0,0,train_split
WC705056,2025-10-19 01:59,crm,0,1,0.0,0,train_split
WC705057,2025-10-19 03:16,crm,0,1,0.0,0,train_split
WC705058,2025-10-19 03:55,crm,0,1,0.0,0,train_split
WC705059,2025-10-19 04:03,crm,0,1,0.0,0,train_split
WC705060,2025-10-19 05:35,crm,0,1,0.0,0,train_split
WC705061,2025-10-19 05:50,crm,0,1,0.0,0,train_split
WC705062,2025-10-19 05:56,crm,0,1,0.0,0,train_split
WC705063,2025-10-19 05:59,crm,1,2,120.0,0,train_split
WC705064,2025-10-19 06:34,crm,0,1,0.0,0,train_split
WC705065,2025-10-19 06:43,crm,0,1,0.0,0,train_split
WC705066,2025-10-19 07:39,crm,0,1,0.0,0,train_split
WC705067,2025-10-19 10:18,crm,0,1,0.0,0,train_split
WC705068,2025-10-19 10:49,crm,0,1,0.0,0,train_split
WC705069,2025-10-19 12:05,crm,0,1,0.0,0,train_split
WC705070,2025-10-19 14:31,crm,0,1,0.0,0,train_split
WC705071,2025-10-19 15:49,crm,0,1,0.0,0,train_split
WC705072,2025-10-19 16:49,crm,0,1,0.0,0,train_split
WC705073,2025-10-19 19:30,crm,0,1,0.0,0,train_split
WC705074,2025-10-19 20:55,crm,0,1,0.0,0,train_split
WC705075,2025-10-19 21:17,crm,0,1,0.0,0,train_split
WC705076,2025-10-19 22:45,crm,0,1,0.0,0,train_split
WC705077,2025-10-19 22:55,crm,0,1,0.0,0,train_split
WC705078,2025-10-19 23:41,crm,0,1,0.0,0,train_split
WC705079,2025-10-20 01:16,crm,0,1,0.0,0,train_split
WC705080,2025-10-20 02:19,crm,0,1,0.0,0,train_split
WC705081,2025-10-20 03:52,crm,0,1,0.0,0,train_split
WC705082,2025-10-20 05:24,crm,0,1,0.0,0,train_split
WC705083,2025-10-20 06:13,crm,0,1,0.0,0,train_split
WC705084,2025-10-20 08:06,crm,0,1,0.0,0,train_split
WC705085,2025-10-20 08:56,crm,0,1,0.0,0,train_split
WC705086,2025-10-20 08:58,crm,1,2,48.0,0,train_split
WC705087,2025-10-20 10:36,crm,0,1,0.0,0,train_split
WC705088,2025-10-20 11:34,crm,0,1,0.0,0,train_split
WC705089,2025-10-20 13:31,crm,0,1,0.0,1,train_split
WC705090,2025-10-20 13:42,crm,0,1,0.0,0,train_split
WC705091,2025-10-20 14:06,crm,0,1,0.0,0,train_split
WC705092,2025-10-20 14:50,crm,0,1,0.0,0,train_split
WC705094,2025-10-20 15:28,crm,0,1,0.0,0,train_split
WC705093,2025-10-20 15:28,crm,1,2,120.0,0,train_split
WC705095,2025-10-20 16:55,crm,0,1,0.0,0,train_split
WC705096,2025-10-20 18:24,crm,0,1,0.0,0,train_split
WC705097,2025-10-20 18:40,crm,0,1,0.0,0,train_split
WC705098,2025-10-20 19:39,crm,1,2,48.0,1,train_split
WC705099,2025-10-20 19:51,crm,0,1,0.0,0,train_split
WC705100,2025-10-20 20:46,crm,1,2,24.0,0,train_split
WC705101,2025-10-21 02:40,crm,0,1,0.0,0,train_split
WC705102,2025-10-21 03:55,crm,0,1,0.0,0,train_split
WC705103,2025-10-21 04:08,crm,1,2,72.0,0,train_split
WC705104,2025-10-21 04:16,crm,0,1,0.0,0,train_split
WC705105,2025-10-21 04:35,crm,1,2,24.0,0,train_split
WC705106,2025-10-21 04:45,crm,0,1,0.0,0,train_split
WC705107,2025-10-21 09:22,crm,0,1,0.0,0,train_split
WC705108,2025-10-21 09:25,crm,0,1,0.0,0,train_split
WC705109,2025-10-21 09:49,crm,0,1,0.0,0,train_split
WC705110,2025-10-21 10:36,crm,0,1,0.0,0,train_split
WC705111,2025-10-21 10:48,crm,0,1,0.0,0,train_split
WC705112,2025-10-21 11:56,crm,0,1,0.0,0,train_split
WC705113,2025-10-21 12:40,crm,0,1,0.0,0,train_split
WC705114,2025-10-21 13:39,crm,0,1,0.0,0,train_split
WC705115,2025-10-21 13:49,crm,0,1,0.0,0,train_split
WC705116,2025-10-21 15:55,crm,0,1,0.0,0,train_split
WC705117,2025-10-21 21:12,crm,0,1,0.0,0,train_split
WC705118,2025-10-21 21:25,crm,0,1,0.0,0,train_split
WC705119,2025-10-21 22:41,crm,0,1,0.0,0,train_split
WC705120,2025-10-21 23:26,crm,0,1,0.0,0,train_split
WC705121,2025-10-21 23:37,crm,0,1,0.0,0,train_split
WC705122,2025-10-22 00:42,crm,0,1,0.0,0,train_split
WC705123,2025-10-22 00:57,crm,0,1,0.0,0,train_split
WC705124,2025-10-22 01:36,crm,0,1,0.0,0,train_split
WC705125,2025-10-22 03:16,crm,1,2,120.0,0,train_split
WC705126,2025-10-22 04:31,crm,0,1,0.0,0,train_split
WC705127,2025-10-22 04:45,crm,0,1,0.0,0,train_split
WC705128,2025-10-22 04:50,crm,0,1,0.0,0,train_split
WC705129,2025-10-22 05:02,crm,0,1,0.0,0,train_split
WC705130,2025-10-22 07:37,crm,0,1,0.0,0,train_split
WC705131,2025-10-22 08:35,crm,0,1,0.0,0,train_split
WC705132,2025-10-22 08:41,crm,0,1,0.0,0,train_split
WC705133,2025-10-22 09:50,crm,0,1,0.0,0,train_split
WC705134,2025-10-22 10:34,crm,0,1,0.0,0,train_split
WC705135,2025-10-22 11:50,crm,0,1,0.0,0,train_split
WC705136,2025-10-22 11:51,crm,0,1,0.0,0,train_split
WC705137,2025-10-22 12:00,crm,1,2,96.0,0,train_split
WC705138,2025-10-22 12:09,crm,0,1,0.0,0,train_split
WC705139,2025-10-22 12:28,crm,0,1,0.0,0,train_split
WC705140,2025-10-22 13:17,crm,0,1,0.0,0,train_split
WC705141,2025-10-22 13:39,crm,0,1,0.0,0,train_split
WC705142,2025-10-22 15:56,crm,0,1,0.0,0,train_split
WC705143,2025-10-22 17:44,crm,0,1,0.0,0,train_split
WC705144,2025-10-22 17:45,crm,0,1,0.0,0,train_split
WC705145,2025-10-22 19:24,crm,0,1,0.0,0,train_split
WC705146,2025-10-22 19:26,crm,0,1,0.0,0,train_split
WC705147,2025-10-22 19:57,crm,1,2,48.0,0,train_split
WC705148,2025-10-22 20:11,crm,0,1,0.0,0,train_split
WC705149,2025-10-22 20:47,crm,0,1,0.0,0,train_split
WC705150,2025-10-22 22:14,crm,0,1,0.0,0,train_split
WC705151,2025-10-22 22:15,crm,0,1,0.0,0,train_split
WC705152,2025-10-22 22:30,crm,0,1,0.0,0,train_split
WC705153,2025-10-22 22:47,crm,0,1,0.0,0,train_split
WC705154,2025-10-22 23:27,crm,0,1,0.0,0,train_split
WC705155,2025-10-23 01:06,crm,0,1,0.0,0,train_split
WC705156,2025-10-23 01:17,crm,0,1,0.0,0,train_split
WC705157,2025-10-23 01:24,crm,0,1,0.0,0,train_split
WC705158,2025-10-23 02:58,crm,0,1,0.0,0,train_split
WC705159,2025-10-23 03:11,crm,0,1,0.0,0,train_split
WC705160,2025-10-23 04:08,crm,0,1,0.0,0,train_split
WC705161,2025-10-23 04:16,crm,0,1,0.0,0,train_split
WC705162,2025-10-23 04:29,crm,0,1,0.0,0,train_split
WC705163,2025-10-23 05:39,crm,0,1,0.0,0,train_split
WC705164,2025-10-23 05:39,crm,0,1,0.0,0,train_split
WC705165,2025-10-23 06:45,crm,0,1,0.0,0,train_split
WC705166,2025-10-23 08:27,crm,0,1,0.0,0,train_split
WC705167,2025-10-23 08:36,crm,0,1,0.0,0,train_split
WC705168,2025-10-23 10:12,crm,0,1,0.0,0,train_split
WC705169,2025-10-23 12:51,crm,1,2,120.0,0,train_split
WC705170,2025-10-23 15:20,crm,0,1,0.0,0,train_split
WC705171,2025-10-23 16:00,crm,0,1,0.0,0,train_split
WC705172,2025-10-23 17:48,crm,0,1,0.0,0,train_split
WC705173,2025-10-23 19:02,crm,1,2,120.0,0,train_split
WC705174,2025-10-23 19:09,crm,0,1,0.0,0,train_split
WC705175,2025-10-23 19:37,crm,0,1,0.0,0,train_split
WC705176,2025-10-23 22:27,crm,1,2,96.0,0,train_split
WC705177,2025-10-23 23:02,crm,1,2,72.0,0,train_split
WC705178,2025-10-24 01:47,crm,0,1,0.0,0,train_split
WC705179,2025-10-24 03:34,crm,0,1,0.0,0,train_split
WC705180,2025-10-24 07:25,crm,0,1,0.0,0,train_split
WC705181,2025-10-24 07:52,crm,0,1,0.0,0,train_split
WC705182,2025-10-24 08:11,crm,0,1,0.0,0,train_split
WC705183,2025-10-24 10:20,crm,0,1,0.0,0,train_split
WC705184,2025-10-24 14:02,crm,0,1,0.0,0,train_split
WC705185,2025-10-24 14:07,crm,0,1,0.0,0,train_split
WC705186,2025-10-24 21:05,crm,0,1,0.0,0,train_split
WC705187,2025-10-24 21:22,crm,0,1,0.0,0,train_split
WC705188,2025-10-24 22:45,crm,0,1,0.0,0,train_split
WC705189,2025-10-24 23:00,crm,0,1,0.0,0,train_split
WC705190,2025-10-25 00:45,crm,0,1,0.0,0,train_split
WC705191,2025-10-25 00:56,crm,0,1,0.0,,train_split
WC705192,2025-10-25 01:05,crm,0,1,0.0,0,train_split
WC705193,2025-10-25 03:28,crm,0,1,0.0,0,train_split
WC705194,2025-10-25 03:40,crm,0,1,0.0,0,train_split
WC705195,2025-10-25 04:45,crm,0,1,0.0,0,train_split
WC705196,2025-10-25 05:05,crm,0,1,0.0,0,train_split
WC705197,2025-10-25 05:09,crm,0,1,0.0,0,train_split
WC705198,2025-10-25 05:31,crm,1,2,120.0,0,train_split
WC705199,2025-10-25 08:57,crm,0,1,0.0,0,train_split
WC705200,2025-10-25 09:16,crm,0,1,0.0,0,train_split
WC705201,2025-10-25 09:23,crm,0,1,0.0,0,train_split
WC705202,2025-10-25 09:35,crm,1,2,72.0,0,train_split
WC705203,2025-10-25 11:55,crm,0,1,0.0,0,train_split
WC705204,2025-10-25 12:31,crm,0,1,0.0,,train_split
WC705205,2025-10-25 12:53,crm,0,1,0.0,0,train_split
WC705206,2025-10-25 12:55,crm,0,1,0.0,0,train_split
WC705207,2025-10-25 14:16,crm,1,2,120.0,0,train_split
WC705208,2025-10-25 14:37,crm,0,1,0.0,0,train_split
WC705209,2025-10-25 14:46,crm,0,1,0.0,0,train_split
WC705210,2025-10-25 15:16,crm,0,1,0.0,0,train_split
WC705211,2025-10-25 16:37,crm,0,1,0.0,0,train_split
WC705212,2025-10-25 19:16,crm,0,1,0.0,0,train_split
WC705213,2025-10-25 20:34,crm,0,1,0.0,0,train_split
WC705214,2025-10-25 20:50,crm,0,1,0.0,0,train_split
WC705215,2025-10-25 21:14,crm,0,1,0.0,0,train_split
WC705216,2025-10-25 21:45,crm,0,1,0.0,0,train_split
WC705217,2025-10-25 23:28,crm,0,1,0.0,0,train_split
WC705218,2025-10-26 00:21,crm,0,1,0.0,0,train_split
WC705219,2025-10-26 02:44,crm,0,1,0.0,0,train_split
WC705220,2025-10-26 07:12,crm,0,1,0.0,0,train_split
WC705221,2025-10-26 07:55,crm,0,1,0.0,0,train_split
WC705222,2025-10-26 09:30,crm,0,1,0.0,0,train_split
WC705223,2025-10-26 10:13,crm,0,1,0.0,0,train_split
WC705224,2025-10-26 10:39,crm,0,1,0.0,0,train_split
WC705225,2025-10-26 12:18,crm,0,1,0.0,0,train_split
WC705226,2025-10-26 12:36,crm,0,1,0.0,0,train_split
WC705227,2025-10-26 13:05,crm,0,1,0.0,0,train_split
WC705228,2025-10-26 13:50,crm,0,1,0.0,0,train_split
WC705229,2025-10-26 13:55,crm,0,1,0.0,0,train_split
WC705230,2025-10-26 17:17,crm,0,1,0.0,0,train_split
WC705231,2025-10-26 17:58,crm,0,1,0.0,,train_split
WC705232,2025-10-26 21:18,crm,0,1,0.0,0,train_split
WC705233,2025-10-26 21:41,crm,0,1,0.0,0,train_split
WC705234,2025-10-26 21:45,crm,0,1,0.0,0,train_split
WC705235,2025-10-26 21:52,crm,0,1,0.0,0,train_split
WC705236,2025-10-26 23:11,crm,1,2,48.0,0,train_split
WC705237,2025-10-26 23:53,crm,0,1,0.0,0,train_split
WC705238,2025-10-26 23:58,crm,0,1,0.0,0,train_split
WC705239,2025-10-27 00:32,crm,0,1,0.0,0,train_split
WC705240,2025-10-27 03:21,crm,0,1,0.0,0,train_split
WC705241,2025-10-27 05:56,crm,0,1,0.0,0,train_split
WC705242,2025-10-27 06:12,crm,0,1,0.0,0,train_split
WC705243,2025-10-27 07:19,crm,0,1,0.0,0,train_split
WC705244,2025-10-27 09:14,crm,0,1,0.0,0,train_split
WC705245,2025-10-27 09:54,crm,0,1,0.0,0,train_split
WC705246,2025-10-27 10:49,crm,0,1,0.0,,train_split
WC705247,2025-10-27 11:00,crm,0,1,0.0,0,train_split
WC705248,2025-10-27 11:43,crm,0,1,0.0,0,train_split
WC705249,2025-10-27 13:21,crm,0,1,0.0,0,train_split
WC705250,2025-10-27 13:55,crm,1,2,48.0,,train_split
WC705251,2025-10-27 14:16,crm,0,1,0.0,0,train_split
WC705252,2025-10-27 14:39,crm,0,1,0.0,0,train_split
WC705253,2025-10-27 14:39,crm,0,1,0.0,0,train_split
WC705254,2025-10-27 14:57,crm,0,1,0.0,0,train_split
WC705255,2025-10-27 16:04,crm,0,1,0.0,0,train_split
WC705256,2025-10-27 16:58,crm,0,1,0.0,0,train_split
WC705257,2025-10-27 17:01,crm,0,1,0.0,0,train_split
WC705258,2025-10-27 17:44,crm,0,1,0.0,0,train_split
WC705259,2025-10-27 17:58,crm,0,1,0.0,0,train_split
WC705260,2025-10-27 19:26,crm,0,1,0.0,0,train_split
WC705261,2025-10-27 20:37,crm,0,1,0.0,0,train_split
WC705262,2025-10-27 23:18,crm,0,1,0.0,,train_split
WC705263,2025-10-28 00:00,crm,0,1,0.0,0,train_split
WC705264,2025-10-28 00:12,crm,0,1,0.0,0,train_split
WC705265,2025-10-28 00:44,crm,0,1,0.0,0,train_split
WC705266,2025-10-28 01:21,crm,0,1,0.0,0,train_split
WC705267,2025-10-28 02:09,crm,1,2,120.0,1,train_split
WC705268,2025-10-28 02:22,crm,0,1,0.0,0,train_split
WC705269,2025-10-28 02:43,crm,0,1,0.0,0,train_split
WC705270,2025-10-28 03:05,crm,0,1,0.0,0,train_split
WC705271,2025-10-28 03:44,crm,0,1,0.0,0,train_split
WC705272,2025-10-28 05:38,crm,0,1,0.0,0,train_split
WC705273,2025-10-28 09:27,crm,0,1,0.0,0,train_split
WC705274,2025-10-28 11:07,crm,0,1,0.0,0,train_split
WC705275,2025-10-28 16:00,crm,0,1,0.0,0,train_split
WC705276,2025-10-28 16:25,crm,0,1,0.0,0,train_split
WC705277,2025-10-28 17:55,crm,0,1,0.0,0,train_split
WC705278,2025-10-28 18:26,crm,0,1,0.0,0,train_split
WC705279,2025-10-28 19:47,crm,0,1,0.0,0,train_split
WC705280,2025-10-28 20:36,crm,0,1,0.0,0,train_split
WC705281,2025-10-28 21:57,crm,0,1,0.0,0,train_split
WC705282,2025-10-28 22:16,crm,0,1,0.0,0,train_split
WC705283,2025-10-28 22:59,crm,0,1,0.0,0,train_split
WC705284,2025-10-28 23:04,crm,0,1,0.0,0,train_split
WC705285,2025-10-28 23:51,crm,0,1,0.0,0,train_split
WC705286,2025-10-29 02:26,crm,0,1,0.0,0,train_split
WC705287,2025-10-29 02:32,crm,0,1,0.0,0,train_split
WC705288,2025-10-29 04:38,crm,0,1,0.0,0,train_split
WC705289,2025-10-29 04:44,crm,0,1,0.0,0,train_split
WC705290,2025-10-29 06:06,crm,0,1,0.0,0,train_split
WC705291,2025-10-29 06:42,crm,0,1,0.0,0,train_split
WC705292,2025-10-29 08:08,crm,0,1,0.0,0,train_split
WC705293,2025-10-29 08:12,crm,0,1,0.0,0,train_split
WC705294,2025-10-29 08:22,crm,1,2,96.0,0,train_split
WC705295,2025-10-29 08:29,crm,0,1,0.0,0,train_split
WC705296,2025-10-29 10:09,crm,0,1,0.0,0,train_split
WC705297,2025-10-29 10:21,crm,0,1,0.0,0,train_split
WC705298,2025-10-29 11:54,crm,0,1,0.0,0,train_split
WC705299,2025-10-29 12:09,crm,0,1,0.0,0,train_split
WC705300,2025-10-29 12:28,crm,0,1,0.0,0,train_split
WC705301,2025-10-29 17:46,crm,0,1,0.0,0,train_split
WC705302,2025-10-29 18:29,crm,0,1,0.0,0,train_split
WC705303,2025-10-29 19:27,crm,0,1,0.0,0,train_split
WC705304,2025-10-29 19:47,crm,1,2,120.0,0,train_split
WC705305,2025-10-29 19:54,crm,0,1,0.0,0,train_split
WC705306,2025-10-29 20:43,crm,0,1,0.0,0,train_split
WC705307,2025-10-29 23:37,crm,0,1,0.0,0,train_split
WC705308,2025-10-30 00:58,crm,0,1,0.0,0,train_split
WC705309,2025-10-30 01:38,crm,0,1,0.0,0,train_split
WC705310,2025-10-30 01:38,crm,0,1,0.0,0,train_split
WC705311,2025-10-30 01:42,crm,0,1,0.0,0,train_split
WC705312,2025-10-30 02:16,crm,0,1,0.0,0,train_split
WC705313,2025-10-30 02:59,crm,0,1,0.0,0,train_split
WC705314,2025-10-30 03:46,crm,0,1,0.0,0,train_split
WC705315,2025-10-30 03:56,crm,0,1,0.0,0,train_split
WC705316,2025-10-30 04:43,crm,0,1,0.0,0,train_split
WC705317,2025-10-30 05:48,crm,0,1,0.0,0,train_split
WC705318,2025-10-30 06:36,crm,0,1,0.0,0,train_split
WC705319,2025-10-30 07:14,crm,0,1,0.0,0,train_split
WC705320,2025-10-30 07:59,crm,0,1,0.0,0,train_split
WC705321,2025-10-30 08:04,crm,0,1,0.0,0,train_split
WC705322,2025-10-30 08:15,crm,0,1,0.0,0,train_split
WC705323,2025-10-30 09:06,crm,0,1,0.0,0,train_split
WC705324,2025-10-30 09:42,crm,0,1,0.0,0,train_split
WC705325,2025-10-30 10:21,crm,0,1,0.0,0,train_split
WC705326,2025-10-30 10:44,crm,0,1,0.0,0,train_split
WC705327,2025-10-30 11:29,crm,0,1,0.0,0,train_split
WC705328,2025-10-30 11:34,crm,0,1,0.0,0,train_split
WC705329,2025-10-30 12:15,crm,0,1,0.0,0,train_split
WC705330,2025-10-30 12:26,crm,0,1,0.0,0,train_split
WC705331,2025-10-30 12:35,crm,0,1,0.0,0,train_split
WC705332,2025-10-30 12:41,crm,0,1,0.0,0,train_split
WC705333,2025-10-30 13:40,crm,0,1,0.0,0,train_split
WC705334,2025-10-30 14:07,crm,0,1,0.0,0,train_split
WC705335,2025-10-30 14:44,crm,0,1,0.0,0,train_split
WC705336,2025-10-30 14:49,crm,1,2,24.0,0,train_split
WC705337,2025-10-30 16:08,crm,0,1,0.0,0,train_split
WC705338,2025-10-30 17:20,crm,0,1,0.0,0,train_split
WC705339,2025-10-30 18:29,crm,1,2,96.0,0,train_split
WC705340,2025-10-30 18:29,crm,1,2,120.0,0,train_split
WC705341,2025-10-30 19:16,crm,0,1,0.0,0,train_split
WC705342,2025-10-30 19:17,crm,0,1,0.0,0,train_split
WC705343,2025-10-30 20:52,crm,1,2,48.0,0,train_split
WC705344,2025-10-30 23:09,crm,0,1,0.0,0,train_split
WC705345,2025-10-31 00:39,crm,0,1,0.0,,train_split
WC705346,2025-10-31 01:51,crm,0,1,0.0,0,train_split
WC705347,2025-10-31 02:53,crm,0,1,0.0,0,train_split
WC705348,2025-10-31 05:15,crm,0,1,0.0,0,train_split
WC705349,2025-10-31 05:35,crm,0,1,0.0,0,train_split
WC705350,2025-10-31 06:06,crm,0,1,0.0,0,train_split
WC705351,2025-10-31 07:35,crm,0,1,0.0,0,train_split
WC705352,2025-10-31 08:02,crm,0,1,0.0,0,train_split
WC705353,2025-10-31 09:57,crm,0,1,0.0,0,train_split
WC705354,2025-10-31 10:12,crm,0,1,0.0,0,train_split
WC705355,2025-10-31 10:47,crm,0,1,0.0,0,train_split
WC705356,2025-10-31 10:49,crm,0,1,0.0,0,train_split
WC705357,2025-10-31 10:51,crm,0,1,0.0,0,train_split
WC705358,2025-10-31 12:24,crm,0,1,0.0,0,train_split
WC705359,2025-10-31 13:28,crm,0,1,0.0,0,train_split
WC705360,2025-10-31 13:38,crm,0,1,0.0,0,train_split
WC705361,2025-10-31 13:40,crm,0,1,0.0,0,train_split
WC705362,2025-10-31 14:08,crm,0,1,0.0,0,train_split
WC705363,2025-10-31 15:34,crm,0,1,0.0,0,train_split
WC705364,2025-10-31 16:12,crm,0,1,0.0,0,train_split
WC705365,2025-10-31 16:50,crm,0,1,0.0,0,train_split
WC705366,2025-10-31 20:06,crm,0,1,0.0,0,train_split
WC705367,2025-10-31 23:16,crm,0,1,0.0,0,train_split
WC705368,2025-11-01 01:09,crm,0,1,0.0,0,train_split
WC705369,2025-11-01 01:50,crm,0,1,0.0,0,train_split
WC705370,2025-11-01 02:06,crm,0,1,0.0,0,train_split
WC705371,2025-11-01 02:42,crm,0,1,0.0,0,train_split
WC705372,2025-11-01 03:36,crm,0,1,0.0,0,train_split
WC705373,2025-11-01 04:25,crm,0,1,0.0,1,train_split
WC705374,2025-11-01 05:05,crm,0,1,0.0,0,train_split
WC705375,2025-11-01 05:25,crm,0,1,0.0,0,train_split
WC705376,2025-11-01 05:50,crm,0,1,0.0,0,train_split
WC705377,2025-11-01 05:54,crm,0,1,0.0,0,train_split
WC705378,2025-11-01 07:31,crm,0,1,0.0,0,train_split
WC705379,2025-11-01 07:45,crm,0,1,0.0,0,train_split
WC705380,2025-11-01 08:53,crm,0,1,0.0,0,train_split
WC705381,2025-11-01 09:32,crm,0,1,0.0,0,train_split
WC705382,2025-11-01 10:42,crm,0,1,0.0,0,train_split
WC705383,2025-11-01 11:12,crm,0,1,0.0,0,train_split
WC705384,2025-11-01 12:29,crm,0,1,0.0,0,train_split
WC705385,2025-11-01 13:14,crm,0,1,0.0,0,train_split
WC705386,2025-11-01 14:49,crm,0,1,0.0,0,train_split
WC705387,2025-11-01 17:47,crm,1,2,24.0,0,train_split
WC705388,2025-11-01 20:23,crm,0,1,0.0,0,train_split
WC705389,2025-11-01 21:00,crm,0,1,0.0,0,train_split
WC705390,2025-11-01 22:08,crm,0,1,0.0,0,train_split
WC705391,2025-11-01 22:29,crm,0,1,0.0,0,train_split
WC705392,2025-11-01 22:50,crm,0,1,0.0,0,train_split
WC705393,2025-11-02 01:15,crm,0,1,0.0,0,train_split
WC705394,2025-11-02 02:06,crm,0,1,0.0,0,train_split
WC705395,2025-11-02 02:34,crm,0,1,0.0,0,train_split
WC705396,2025-11-02 03:52,crm,0,1,0.0,0,train_split
WC705397,2025-11-02 04:18,crm,0,1,0.0,0,train_split
WC705398,2025-11-02 04:33,crm,0,1,0.0,0,train_split
WC705399,2025-11-02 04:51,crm,0,1,0.0,0,train_split
WC705400,2025-11-02 08:29,crm,0,1,0.0,0,train_split
WC705401,2025-11-02 11:02,crm,0,1,0.0,0,train_split
WC705402,2025-11-02 11:38,crm,0,1,0.0,0,train_split
WC705403,2025-11-02 13:03,crm,0,1,0.0,0,train_split
WC705404,2025-11-02 13:30,crm,0,1,0.0,0,train_split
WC705405,2025-11-02 14:38,crm,0,1,0.0,0,train_split
WC705406,2025-11-02 14:43,crm,0,1,0.0,0,train_split
WC705407,2025-11-02 15:50,crm,0,1,0.0,0,train_split
WC705408,2025-11-02 16:27,crm,0,1,0.0,,train_split
WC705409,2025-11-02 17:04,crm,0,1,0.0,0,train_split
WC705410,2025-11-02 17:18,crm,0,1,0.0,0,train_split
WC705411,2025-11-02 17:41,crm,0,1,0.0,0,train_split
WC705412,2025-11-02 18:13,crm,0,1,0.0,0,train_split
WC705413,2025-11-02 18:21,crm,0,1,0.0,0,train_split
WC705414,2025-11-02 19:19,crm,0,1,0.0,0,train_split
WC705415,2025-11-02 19:22,crm,0,1,0.0,0,train_split
WC705416,2025-11-02 19:44,crm,0,1,0.0,0,train_split
WC705417,2025-11-02 22:22,crm,0,1,0.0,0,train_split
WC705418,2025-11-02 23:27,crm,0,1,0.0,0,train_split
WC705419,2025-11-03 00:52,crm,0,1,0.0,0,train_split
WC705420,2025-11-03 03:46,crm,0,1,0.0,0,train_split
WC705421,2025-11-03 05:39,crm,0,1,0.0,0,train_split
WC705422,2025-11-03 05:41,crm,0,1,0.0,0,train_split
WC705423,2025-11-03 08:06,crm,0,1,0.0,0,train_split
WC705424,2025-11-03 10:18,crm,0,1,0.0,0,train_split
WC705425,2025-11-03 11:40,crm,0,1,0.0,0,train_split
WC705426,2025-11-03 13:55,crm,0,1,0.0,0,train_split
WC705427,2025-11-03 14:47,crm,0,1,0.0,0,train_split
WC705428,2025-11-03 16:25,crm,0,1,0.0,0,train_split
WC705429,2025-11-03 17:31,crm,0,1,0.0,0,train_split
WC705430,2025-11-03 17:49,crm,0,1,0.0,0,train_split
WC705431,2025-11-03 20:34,crm,0,1,0.0,0,train_split
WC705432,2025-11-03 21:12,crm,0,1,0.0,0,train_split
WC705433,2025-11-03 23:47,crm,0,1,0.0,0,train_split
WC705434,2025-11-04 00:11,crm,0,1,0.0,0,train_split
WC705435,2025-11-04 01:48,crm,0,1,0.0,0,train_split
WC705436,2025-11-04 03:48,crm,0,1,0.0,,train_split
WC705437,2025-11-04 04:50,crm,0,1,0.0,0,train_split
WC705438,2025-11-04 07:10,crm,0,1,0.0,0,train_split
WC705439,2025-11-04 07:31,crm,0,1,0.0,0,train_split
WC705440,2025-11-04 08:21,crm,0,1,0.0,0,train_split
WC705441,2025-11-04 08:27,crm,0,1,0.0,0,train_split
WC705442,2025-11-04 09:20,crm,0,1,0.0,,train_split
WC705443,2025-11-04 09:27,crm,0,1,0.0,0,train_split
WC705444,2025-11-04 11:35,crm,0,1,0.0,0,train_split
WC705445,2025-11-04 11:50,crm,0,1,0.0,0,train_split
WC705446,2025-11-04 12:10,crm,0,1,0.0,0,train_split
WC705447,2025-11-04 13:17,crm,0,1,0.0,0,train_split
WC705448,2025-11-04 13:28,crm,0,1,0.0,0,train_split
WC705449,2025-11-04 14:35,crm,0,1,0.0,0,train_split
WC705450,2025-11-04 15:26,crm,0,1,0.0,0,train_split
WC705451,2025-11-04 16:26,crm,0,1,0.0,0,train_split
WC705452,2025-11-04 16:56,crm,0,1,0.0,0,train_split
WC705453,2025-11-04 17:25,crm,0,1,0.0,0,train_split
WC705454,2025-11-04 18:57,crm,0,1,0.0,0,train_split
WC705455,2025-11-04 18:58,crm,1,2,72.0,0,train_split
WC705456,2025-11-04 19:28,crm,1,2,120.0,0,train_split
WC705457,2025-11-04 20:46,crm,0,1,0.0,0,train_split
WC705458,2025-11-04 21:00,crm,0,1,0.0,0,train_split
WC705459,2025-11-05 00:25,crm,0,1,0.0,0,train_split
WC705460,2025-11-05 01:11,crm,0,1,0.0,0,train_split
WC705461,2025-11-05 01:32,crm,0,1,0.0,0,train_split
WC705462,2025-11-05 01:33,crm,0,1,0.0,0,train_split
WC705463,2025-11-05 05:16,crm,0,1,0.0,0,train_split
WC705464,2025-11-05 05:16,crm,0,1,0.0,0,train_split
WC705465,2025-11-05 05:20,crm,0,1,0.0,0,train_split
WC705466,2025-11-05 06:14,crm,0,1,0.0,0,train_split
WC705467,2025-11-05 06:56,crm,0,1,0.0,0,train_split
WC705468,2025-11-05 07:40,crm,0,1,0.0,0,train_split
WC705469,2025-11-05 07:49,crm,1,2,48.0,0,train_split
WC705470,2025-11-05 08:35,crm,0,1,0.0,0,train_split
WC705471,2025-11-05 08:54,crm,0,1,0.0,0,train_split
WC705472,2025-11-05 09:00,crm,0,1,0.0,0,train_split
WC705473,2025-11-05 11:57,crm,0,1,0.0,0,train_split
WC705474,2025-11-05 12:43,crm,1,2,72.0,0,train_split
WC705475,2025-11-05 13:15,crm,0,1,0.0,0,train_split
WC705476,2025-11-05 14:27,crm,0,1,0.0,0,train_split
WC705477,2025-11-05 15:18,crm,0,1,0.0,0,train_split
WC705478,2025-11-05 15:40,crm,0,1,0.0,0,train_split
WC705479,2025-11-05 16:11,crm,0,1,0.0,0,train_split
WC705480,2025-11-05 16:20,crm,0,1,0.0,0,train_split
WC705481,2025-11-05 16:51,crm,0,1,0.0,0,train_split
WC705482,2025-11-05 17:14,crm,0,1,0.0,0,train_split
WC705483,2025-11-05 17:25,crm,0,1,0.0,0,train_split
WC705484,2025-11-05 20:03,crm,0,1,0.0,0,train_split
WC705485,2025-11-05 20:15,crm,0,1,0.0,0,train_split
WC705486,2025-11-05 20:26,crm,0,1,0.0,0,train_split
WC705487,2025-11-05 20:29,crm,0,1,0.0,0,train_split
WC705488,2025-11-05 20:52,crm,0,1,0.0,0,train_split
WC705489,2025-11-05 20:55,crm,0,1,0.0,,train_split
WC705490,2025-11-05 21:29,crm,0,1,0.0,0,train_split
WC705491,2025-11-05 22:52,crm,0,1,0.0,0,train_split
WC705492,2025-11-06 00:19,crm,0,1,0.0,0,train_split
WC705493,2025-11-06 00:33,crm,1,2,24.0,0,train_split
WC705494,2025-11-06 00:45,crm,0,1,0.0,0,train_split
WC705495,2025-11-06 00:50,crm,0,1,0.0,0,train_split
WC705496,2025-11-06 01:30,crm,0,1,0.0,0,train_split
WC705497,2025-11-06 03:27,crm,0,1,0.0,0,train_split
WC705498,2025-11-06 06:14,crm,0,1,0.0,0,train_split
WC705499,2025-11-06 08:36,crm,0,1,0.0,0,train_split
WC705500,2025-11-06 09:18,crm,0,1,0.0,0,train_split
WC705501,2025-11-06 10:45,crm,0,1,0.0,0,train_split
WC705502,2025-11-06 13:08,crm,0,1,0.0,,train_split
WC705503,2025-11-06 13:24,crm,0,1,0.0,0,train_split
WC705504,2025-11-06 13:46,crm,0,1,0.0,0,train_split
WC705505,2025-11-06 15:39,crm,0,1,0.0,0,train_split
WC705506,2025-11-06 17:23,crm,0,1,0.0,0,train_split
WC705507,2025-11-06 21:41,crm,0,1,0.0,0,train_split
WC705508,2025-11-06 21:57,crm,0,1,0.0,0,train_split
WC705509,2025-11-06 22:51,crm,0,1,0.0,0,train_split
WC705510,2025-11-07 02:16,crm,0,1,0.0,0,train_split
WC705511,2025-11-07 02:38,crm,0,1,0.0,0,train_split
WC705512,2025-11-07 03:07,crm,0,1,0.0,0,train_split
WC705513,2025-11-07 03:32,crm,0,1,0.0,0,train_split
WC705514,2025-11-07 04:49,crm,0,1,0.0,0,train_split
WC705515,2025-11-07 05:09,crm,0,1,0.0,0,train_split
WC705516,2025-11-07 06:29,crm,0,1,0.0,0,train_split
WC705517,2025-11-07 07:40,crm,0,1,0.0,0,train_split
WC705518,2025-11-07 09:48,crm,0,1,0.0,1,train_split
WC705519,2025-11-07 09:56,crm,0,1,0.0,0,train_split
WC705520,2025-11-07 10:35,crm,0,1,0.0,0,train_split
WC705521,2025-11-07 10:54,crm,0,1,0.0,0,train_split
WC705522,2025-11-07 11:27,crm,1,2,48.0,0,train_split
WC705523,2025-11-07 12:29,crm,0,1,0.0,0,train_split
WC705524,2025-11-07 13:10,crm,0,1,0.0,0,train_split
WC705525,2025-11-07 13:16,crm,0,1,0.0,0,train_split
WC705526,2025-11-07 13:29,crm,0,1,0.0,0,train_split
WC705527,2025-11-07 14:24,crm,1,2,72.0,0,train_split
WC705528,2025-11-07 14:46,crm,0,1,0.0,0,train_split
WC705529,2025-11-07 15:52,crm,1,2,24.0,0,train_split
WC705530,2025-11-07 18:32,crm,0,1,0.0,0,train_split
WC705531,2025-11-07 20:14,crm,0,1,0.0,0,train_split
WC705532,2025-11-07 21:50,crm,0,1,0.0,0,train_split
WC705533,2025-11-07 22:37,crm,0,1,0.0,0,train_split
WC705534,2025-11-08 01:27,crm,0,1,0.0,0,train_split
WC705535,2025-11-08 02:44,crm,0,1,0.0,0,train_split
WC705536,2025-11-08 06:38,crm,1,2,120.0,0,train_split
WC705537,2025-11-08 07:12,crm,0,1,0.0,0,train_split
WC705538,2025-11-08 08:38,crm,0,1,0.0,0,train_split
WC705539,2025-11-08 10:12,crm,0,1,0.0,0,train_split
WC705540,2025-11-08 10:19,crm,0,1,0.0,0,train_split
WC705541,2025-11-08 10:30,crm,0,1,0.0,0,train_split
WC705542,2025-11-08 10:55,crm,0,1,0.0,0,train_split
WC705543,2025-11-08 13:18,crm,1,2,96.0,0,train_split
WC705544,2025-11-08 13:54,crm,1,2,72.0,0,train_split
WC705545,2025-11-08 15:32,crm,1,2,24.0,0,train_split
WC705546,2025-11-08 16:05,crm,0,1,0.0,0,train_split
WC705547,2025-11-08 17:29,crm,0,1,0.0,0,train_split
WC705548,2025-11-08 23:18,crm,0,1,0.0,0,train_split
WC705549,2025-11-08 23:36,crm,0,1,0.0,0,train_split
WC705550,2025-11-09 01:28,crm,0,1,0.0,0,train_split
WC705551,2025-11-09 03:02,crm,0,1,0.0,0,train_split
WC705552,2025-11-09 04:32,crm,0,1,0.0,0,train_split
WC705553,2025-11-09 05:31,crm,0,1,0.0,0,train_split
WC705554,2025-11-09 05:50,crm,0,1,0.0,0,train_split
WC705555,2025-11-09 07:01,crm,0,1,0.0,0,train_split
WC705556,2025-11-09 07:52,crm,1,2,120.0,0,train_split
WC705557,2025-11-09 09:21,crm,0,1,0.0,0,train_split
WC705558,2025-11-09 10:00,crm,0,1,0.0,0,train_split
WC705559,2025-11-09 10:28,crm,0,1,0.0,0,train_split
WC705560,2025-11-09 10:48,crm,1,2,96.0,0,train_split
WC705561,2025-11-09 10:49,crm,0,1,0.0,0,train_split
WC705562,2025-11-09 11:18,crm,0,1,0.0,0,train_split
WC705563,2025-11-09 13:39,crm,0,1,0.0,0,train_split
WC705564,2025-11-09 14:34,crm,0,1,0.0,0,train_split
WC705565,2025-11-09 16:41,crm,0,1,0.0,0,train_split
WC705566,2025-11-09 17:27,crm,0,1,0.0,0,train_split
WC705567,2025-11-09 17:29,crm,0,1,0.0,0,train_split
WC705568,2025-11-09 18:46,crm,0,1,0.0,0,train_split
WC705569,2025-11-09 23:40,crm,0,1,0.0,0,train_split
WC705570,2025-11-10 00:06,crm,0,1,0.0,0,train_split
WC705571,2025-11-10 01:50,crm,0,1,0.0,0,train_split
WC705572,2025-11-10 01:59,crm,0,1,0.0,0,train_split
WC705573,2025-11-10 02:08,crm,0,1,0.0,0,train_split
WC705574,2025-11-10 02:51,crm,0,1,0.0,0,train_split
WC705575,2025-11-10 03:33,crm,0,1,0.0,0,train_split
WC705576,2025-11-10 04:30,crm,0,1,0.0,0,train_split
WC705577,2025-11-10 05:40,crm,0,1,0.0,0,train_split
WC705578,2025-11-10 05:44,crm,0,1,0.0,,train_split
WC705579,2025-11-10 07:39,crm,0,1,0.0,0,train_split
WC705580,2025-11-10 08:42,crm,0,1,0.0,0,train_split
WC705581,2025-11-10 09:53,crm,1,2,48.0,0,train_split
WC705582,2025-11-10 13:20,crm,0,1,0.0,0,train_split
WC705583,2025-11-10 13:57,crm,0,1,0.0,0,train_split
WC705584,2025-11-10 14:13,crm,0,1,0.0,0,train_split
WC705585,2025-11-10 14:23,crm,0,1,0.0,0,train_split
WC705586,2025-11-10 15:40,crm,0,1,0.0,0,train_split
WC705587,2025-11-10 16:03,crm,0,1,0.0,0,train_split
WC705588,2025-11-10 16:17,crm,0,1,0.0,0,train_split
WC705589,2025-11-10 16:21,crm,0,1,0.0,0,train_split
WC705590,2025-11-10 16:38,crm,1,2,120.0,0,train_split
WC705591,2025-11-10 16:52,crm,0,1,0.0,0,train_split
WC705592,2025-11-10 17:24,crm,0,1,0.0,0,train_split
WC705593,2025-11-10 20:24,crm,0,1,0.0,0,train_split
WC705594,2025-11-10 20:25,crm,0,1,0.0,0,train_split
WC705595,2025-11-10 20:39,crm,0,1,0.0,0,train_split
WC705596,2025-11-10 21:44,crm,0,1,0.0,0,train_split
WC705597,2025-11-10 23:23,crm,0,1,0.0,1,train_split
WC705598,2025-11-11 00:02,crm,0,1,0.0,0,train_split
WC705599,2025-11-11 01:07,crm,0,1,0.0,0,train_split
WC705600,2025-11-11 04:48,crm,0,1,0.0,0,train_split
WC705601,2025-11-11 05:13,crm,0,1,0.0,,train_split
WC705602,2025-11-11 05:31,crm,0,1,0.0,0,train_split
WC705603,2025-11-11 06:17,crm,0,1,0.0,0,train_split
WC705604,2025-11-11 07:59,crm,0,1,0.0,0,train_split
WC705605,2025-11-11 09:04,crm,0,1,0.0,0,train_split
WC705606,2025-11-11 09:28,crm,0,1,0.0,0,train_split
WC705607,2025-11-11 09:37,crm,0,1,0.0,0,train_split
WC705608,2025-11-11 09:41,crm,0,1,0.0,0,train_split
WC705609,2025-11-11 10:16,crm,0,1,0.0,0,train_split
WC705610,2025-11-11 10:28,crm,0,1,0.0,0,train_split
WC705611,2025-11-11 13:16,crm,1,2,120.0,0,train_split
WC705612,2025-11-11 13:17,crm,0,1,0.0,0,train_split
WC705613,2025-11-11 14:25,crm,0,1,0.0,0,train_split
WC705614,2025-11-11 16:19,crm,0,1,0.0,0,train_split
WC705615,2025-11-11 16:28,crm,0,1,0.0,0,train_split
WC705616,2025-11-11 16:41,crm,0,1,0.0,0,train_split
WC705617,2025-11-11 18:17,crm,0,1,0.0,0,train_split
WC705618,2025-11-11 20:01,crm,0,1,0.0,0,train_split
WC705619,2025-11-11 23:11,crm,0,1,0.0,0,train_split
WC705620,2025-11-12 00:51,crm,0,1,0.0,0,train_split
WC705621,2025-11-12 01:22,crm,0,1,0.0,0,train_split
WC705622,2025-11-12 06:29,crm,0,1,0.0,,train_split
WC705623,2025-11-12 07:23,crm,0,1,0.0,0,train_split
WC705624,2025-11-12 08:53,crm,1,2,120.0,0,train_split
WC705625,2025-11-12 08:54,crm,0,1,0.0,0,train_split
WC705626,2025-11-12 08:55,crm,0,1,0.0,0,train_split
WC705627,2025-11-12 09:21,crm,0,1,0.0,0,train_split
WC705628,2025-11-12 10:15,crm,0,1,0.0,0,train_split
WC705629,2025-11-12 10:22,crm,0,1,0.0,0,train_split
WC705630,2025-11-12 10:26,crm,0,1,0.0,0,train_split
WC705631,2025-11-12 12:56,crm,0,1,0.0,,train_split
WC705632,2025-11-12 12:59,crm,0,1,0.0,0,train_split
WC705633,2025-11-12 13:53,crm,0,1,0.0,0,train_split
WC705634,2025-11-12 14:47,crm,0,1,0.0,0,train_split
WC705635,2025-11-12 15:05,crm,0,1,0.0,0,train_split
WC705636,2025-11-12 16:57,crm,0,1,0.0,0,train_split
WC705637,2025-11-12 18:01,crm,0,1,0.0,0,train_split
WC705638,2025-11-12 19:37,crm,0,1,0.0,0,train_split
WC705639,2025-11-12 21:21,crm,0,1,0.0,0,train_split
WC705640,2025-11-12 21:45,crm,0,1,0.0,0,train_split
WC705641,2025-11-12 23:23,crm,0,1,0.0,0,train_split
WC705642,2025-11-13 00:30,crm,0,1,0.0,0,train_split
WC705643,2025-11-13 00:35,crm,0,1,0.0,0,train_split
WC705644,2025-11-13 01:32,crm,0,1,0.0,0,train_split
WC705645,2025-11-13 02:40,crm,0,1,0.0,0,train_split
WC705646,2025-11-13 04:57,crm,0,1,0.0,0,train_split
WC705647,2025-11-13 05:16,crm,0,1,0.0,0,train_split
WC705648,2025-11-13 06:20,crm,0,1,0.0,0,train_split
WC705649,2025-11-13 08:20,crm,0,1,0.0,0,train_split
WC705650,2025-11-13 10:23,crm,0,1,0.0,0,train_split
WC705651,2025-11-13 11:53,crm,0,1,0.0,0,train_split
WC705652,2025-11-13 12:45,crm,0,1,0.0,0,train_split
WC705653,2025-11-13 13:43,crm,0,1,0.0,0,train_split
WC705654,2025-11-13 14:48,crm,0,1,0.0,0,train_split
WC705655,2025-11-13 17:36,crm,0,1,0.0,0,train_split
WC705656,2025-11-13 19:29,crm,0,1,0.0,0,train_split
WC705657,2025-11-13 20:35,crm,0,1,0.0,0,train_split
WC705658,2025-11-13 20:43,crm,0,1,0.0,0,train_split
WC705659,2025-11-13 22:08,crm,0,1,0.0,,train_split
WC705660,2025-11-13 22:42,crm,0,1,0.0,0,train_split
WC705661,2025-11-13 23:09,crm,0,1,0.0,0,train_split
WC705662,2025-11-14 00:11,crm,0,1,0.0,0,train_split
WC705663,2025-11-14 00:51,crm,0,1,0.0,0,train_split
WC705664,2025-11-14 00:58,crm,0,1,0.0,0,train_split
WC705665,2025-11-14 01:07,crm,0,1,0.0,0,train_split
WC705667,2025-11-14 02:55,crm,0,1,0.0,0,train_split
WC705666,2025-11-14 02:55,crm,0,1,0.0,0,train_split
WC705668,2025-11-14 04:11,crm,0,1,0.0,0,train_split
WC705669,2025-11-14 05:01,crm,0,1,0.0,0,train_split
WC705670,2025-11-14 05:25,crm,0,1,0.0,0,train_split
WC705671,2025-11-14 06:46,crm,0,1,0.0,0,train_split
WC705672,2025-11-14 07:02,crm,0,1,0.0,0,train_split
WC705673,2025-11-14 08:12,crm,0,1,0.0,0,train_split
WC705674,2025-11-14 08:13,crm,0,1,0.0,0,train_split
WC705675,2025-11-14 08:48,crm,0,1,0.0,0,train_split
WC705676,2025-11-14 09:43,crm,0,1,0.0,0,train_split
WC705677,2025-11-14 13:41,crm,0,1,0.0,0,train_split
WC705678,2025-11-14 14:50,crm,0,1,0.0,0,train_split
WC705679,2025-11-14 15:14,crm,0,1,0.0,0,train_split
WC705680,2025-11-14 15:51,crm,0,1,0.0,0,train_split
WC705681,2025-11-14 16:48,crm,0,1,0.0,0,train_split
WC705682,2025-11-14 17:51,crm,0,1,0.0,0,train_split
WC705683,2025-11-14 18:56,crm,1,2,24.0,0,train_split
WC705684,2025-11-14 19:11,crm,0,1,0.0,0,train_split
WC705685,2025-11-14 20:47,crm,0,1,0.0,0,train_split
WC705686,2025-11-14 21:00,crm,0,1,0.0,0,train_split
WC705687,2025-11-14 22:14,crm,0,1,0.0,0,train_split
WC705688,2025-11-15 00:59,crm,0,1,0.0,0,train_split
WC705689,2025-11-15 01:22,crm,0,1,0.0,0,train_split
WC705690,2025-11-15 01:26,crm,0,1,0.0,0,train_split
WC705691,2025-11-15 03:00,crm,0,1,0.0,0,train_split
WC705692,2025-11-15 03:25,crm,0,1,0.0,0,train_split
WC705693,2025-11-15 05:45,crm,0,1,0.0,0,train_split
WC705694,2025-11-15 06:32,crm,0,1,0.0,0,train_split
WC705695,2025-11-15 06:54,crm,0,1,0.0,0,train_split
WC705696,2025-11-15 07:11,crm,0,1,0.0,0,train_split
WC705697,2025-11-15 07:44,crm,0,1,0.0,0,train_split
WC705698,2025-11-15 08:44,crm,0,1,0.0,0,train_split
WC705699,2025-11-15 08:48,crm,0,1,0.0,0,train_split
WC705700,2025-11-15 08:51,crm,0,1,0.0,0,train_split
WC705701,2025-11-15 08:59,crm,0,1,0.0,0,train_split
WC705702,2025-11-15 09:24,crm,0,1,0.0,0,train_split
WC705703,2025-11-15 09:53,crm,0,1,0.0,0,train_split
WC705704,2025-11-15 13:24,crm,0,1,0.0,,train_split
WC705705,2025-11-15 18:10,crm,0,1,0.0,0,train_split
WC705706,2025-11-15 19:13,crm,0,1,0.0,0,train_split
WC705707,2025-11-15 20:37,crm,1,2,96.0,0,train_split
WC705708,2025-11-15 22:21,crm,0,1,0.0,0,train_split
WC705709,2025-11-16 00:43,crm,0,1,0.0,0,train_split
WC705710,2025-11-16 02:14,crm,0,1,0.0,0,train_split
WC705711,2025-11-16 04:35,crm,0,1,0.0,0,train_split
WC705712,2025-11-16 06:25,crm,0,1,0.0,0,train_split
WC705713,2025-11-16 06:41,crm,0,1,0.0,0,train_split
WC705714,2025-11-16 06:45,crm,0,1,0.0,0,train_split
WC705715,2025-11-16 07:16,crm,0,1,0.0,0,train_split
WC705716,2025-11-16 09:41,crm,0,1,0.0,0,train_split
WC705717,2025-11-16 10:15,crm,0,1,0.0,0,train_split
WC705718,2025-11-16 10:26,crm,0,1,0.0,0,train_split
WC705719,2025-11-16 14:24,crm,0,1,0.0,0,train_split
WC705720,2025-11-16 15:16,crm,0,1,0.0,0,train_split
WC705721,2025-11-16 16:07,crm,1,2,72.0,0,train_split
WC705722,2025-11-16 16:58,crm,0,1,0.0,0,train_split
WC705723,2025-11-16 18:05,crm,1,2,72.0,0,train_split
WC705724,2025-11-16 21:00,crm,0,1,0.0,0,train_split
WC705725,2025-11-16 23:38,crm,0,1,0.0,0,train_split
WC705726,2025-11-16 23:44,crm,0,1,0.0,0,train_split
WC705727,2025-11-17 00:13,crm,0,1,0.0,0,train_split
WC705728,2025-11-17 00:30,crm,0,1,0.0,0,train_split
WC705729,2025-11-17 00:44,crm,0,1,0.0,0,train_split
WC705730,2025-11-17 01:22,crm,0,1,0.0,0,train_split
WC705731,2025-11-17 01:50,crm,0,1,0.0,0,train_split
WC705732,2025-11-17 02:10,crm,0,1,0.0,0,train_split
WC705733,2025-11-17 04:37,crm,0,1,0.0,0,train_split
WC705734,2025-11-17 06:37,crm,0,1,0.0,0,train_split
WC705735,2025-11-17 07:44,crm,1,2,72.0,0,train_split
WC705736,2025-11-17 07:56,crm,0,1,0.0,0,train_split
WC705737,2025-11-17 08:13,crm,0,1,0.0,0,train_split
WC705738,2025-11-17 08:55,crm,0,1,0.0,0,train_split
WC705739,2025-11-17 09:05,crm,0,1,0.0,0,train_split
WC705740,2025-11-17 09:08,crm,0,1,0.0,0,train_split
WC705741,2025-11-17 11:01,crm,0,1,0.0,0,train_split
WC705742,2025-11-17 14:46,crm,0,1,0.0,0,train_split
WC705743,2025-11-17 15:24,crm,0,1,0.0,0,train_split
WC705744,2025-11-17 15:53,crm,0,1,0.0,0,train_split
WC705745,2025-11-17 16:45,crm,0,1,0.0,0,train_split
WC705746,2025-11-17 16:49,crm,0,1,0.0,0,train_split
WC705747,2025-11-17 16:55,crm,0,1,0.0,0,train_split
WC705748,2025-11-17 17:26,crm,0,1,0.0,0,train_split
WC705749,2025-11-17 18:13,crm,0,1,0.0,0,train_split
WC705750,2025-11-17 18:52,crm,0,1,0.0,0,train_split
WC705751,2025-11-17 19:21,crm,0,1,0.0,0,train_split
WC705752,2025-11-17 19:21,crm,0,1,0.0,0,train_split
WC705753,2025-11-17 21:30,crm,1,2,96.0,0,train_split
WC705754,2025-11-17 22:37,crm,0,1,0.0,0,train_split
WC705755,2025-11-17 23:09,crm,0,1,0.0,0,train_split
WC705756,2025-11-18 01:35,crm,0,1,0.0,0,train_split
WC705757,2025-11-18 02:39,crm,0,1,0.0,0,train_split
WC705758,2025-11-18 04:08,crm,0,1,0.0,0,train_split
WC705759,2025-11-18 04:19,crm,0,1,0.0,0,train_split
WC705760,2025-11-18 04:30,crm,0,1,0.0,0,train_split
WC705761,2025-11-18 05:59,crm,0,1,0.0,0,train_split
WC705762,2025-11-18 09:15,crm,0,1,0.0,0,train_split
WC705763,2025-11-18 10:15,crm,1,2,48.0,0,train_split
WC705764,2025-11-18 10:43,crm,0,1,0.0,0,train_split
WC705765,2025-11-18 13:44,crm,0,1,0.0,0,train_split
WC705766,2025-11-18 15:12,crm,0,1,0.0,0,train_split
WC705767,2025-11-18 15:29,crm,0,1,0.0,0,train_split
WC705768,2025-11-18 17:19,crm,0,1,0.0,0,train_split
WC705769,2025-11-18 17:32,crm,0,1,0.0,0,train_split
WC705770,2025-11-18 18:27,crm,0,1,0.0,0,train_split
WC705771,2025-11-18 18:58,crm,0,1,0.0,0,train_split
WC705772,2025-11-18 20:58,crm,0,1,0.0,0,train_split
WC705773,2025-11-18 21:51,crm,0,1,0.0,0,train_split
WC705774,2025-11-18 21:54,crm,0,1,0.0,0,train_split
WC705775,2025-11-18 22:44,crm,0,1,0.0,0,train_split
WC705776,2025-11-19 02:11,crm,0,1,0.0,0,train_split
WC705777,2025-11-19 02:55,crm,0,1,0.0,,train_split
WC705778,2025-11-19 04:19,crm,0,1,0.0,0,train_split
WC705779,2025-11-19 04:26,crm,0,1,0.0,0,train_split
WC705780,2025-11-19 05:37,crm,0,1,0.0,0,train_split
WC705781,2025-11-19 05:46,crm,0,1,0.0,0,train_split
WC705782,2025-11-19 08:06,crm,0,1,0.0,0,train_split
WC705783,2025-11-19 09:28,crm,0,1,0.0,0,train_split
WC705784,2025-11-19 09:33,crm,0,1,0.0,0,train_split
WC705785,2025-11-19 11:07,crm,0,1,0.0,0,train_split
WC705786,2025-11-19 12:11,crm,0,1,0.0,0,train_split
WC705787,2025-11-19 13:15,crm,0,1,0.0,0,train_split
WC705788,2025-11-19 13:25,crm,0,1,0.0,0,train_split
WC705789,2025-11-19 14:21,crm,1,2,48.0,0,train_split
WC705790,2025-11-19 14:41,crm,0,1,0.0,,train_split
WC705791,2025-11-19 14:56,crm,0,1,0.0,0,train_split
WC705792,2025-11-19 15:31,crm,0,1,0.0,0,train_split
WC705793,2025-11-19 15:34,crm,0,1,0.0,0,train_split
WC705794,2025-11-19 16:03,crm,0,1,0.0,0,train_split
WC705795,2025-11-19 17:58,crm,1,2,72.0,0,train_split
WC705796,2025-11-19 19:30,crm,0,1,0.0,0,train_split
WC705797,2025-11-19 20:14,crm,0,1,0.0,0,train_split
WC705798,2025-11-19 20:43,crm,0,1,0.0,0,train_split
WC705799,2025-11-19 21:15,crm,0,1,0.0,0,train_split
WC705800,2025-11-19 21:28,crm,0,1,0.0,0,train_split
WC705801,2025-11-19 22:25,crm,0,1,0.0,0,train_split
WC705802,2025-11-20 01:43,crm,0,1,0.0,0,train_split
WC705803,2025-11-20 03:12,crm,0,1,0.0,0,train_split
WC705804,2025-11-20 05:09,crm,0,1,0.0,0,train_split
WC705805,2025-11-20 05:24,crm,0,1,0.0,0,train_split
WC705806,2025-11-20 05:59,crm,0,1,0.0,,train_split
WC705807,2025-11-20 06:02,crm,1,2,24.0,0,train_split
WC705808,2025-11-20 06:34,crm,0,1,0.0,0,train_split
WC705809,2025-11-20 07:11,crm,0,1,0.0,0,train_split
WC705810,2025-11-20 08:16,crm,0,1,0.0,0,train_split
WC705811,2025-11-20 08:27,crm,0,1,0.0,0,train_split
WC705812,2025-11-20 10:46,crm,0,1,0.0,0,train_split
WC705813,2025-11-20 11:07,crm,0,1,0.0,0,train_split
WC705814,2025-11-20 11:53,crm,0,1,0.0,0,train_split
WC705815,2025-11-20 12:33,crm,0,1,0.0,0,train_split
WC705816,2025-11-20 12:36,crm,0,1,0.0,0,train_split
WC705817,2025-11-20 12:36,crm,0,1,0.0,0,train_split
WC705818,2025-11-20 13:16,crm,0,1,0.0,0,train_split
WC705819,2025-11-20 13:20,crm,0,1,0.0,0,train_split
WC705820,2025-11-20 15:16,crm,0,1,0.0,0,train_split
WC705821,2025-11-20 15:42,crm,0,1,0.0,0,train_split
WC705822,2025-11-20 16:16,crm,0,1,0.0,0,train_split
WC705823,2025-11-20 17:27,crm,0,1,0.0,0,train_split
WC705824,2025-11-20 18:48,crm,0,1,0.0,0,train_split
WC705825,2025-11-20 18:59,crm,0,1,0.0,0,train_split
WC705826,2025-11-20 20:51,crm,0,1,0.0,0,train_split
WC705827,2025-11-20 21:00,crm,1,2,48.0,0,train_split
WC705828,2025-11-20 21:26,crm,0,1,0.0,0,train_split
WC705829,2025-11-20 21:51,crm,0,1,0.0,0,train_split
WC705830,2025-11-20 22:13,crm,0,1,0.0,0,train_split
WC705831,2025-11-21 00:32,crm,0,1,0.0,0,train_split
WC705832,2025-11-21 02:01,crm,0,1,0.0,0,train_split
WC705833,2025-11-21 02:16,crm,0,1,0.0,0,train_split
WC705834,2025-11-21 03:01,crm,0,1,0.0,0,train_split
WC705835,2025-11-21 03:20,crm,1,2,96.0,0,train_split
WC705836,2025-11-21 03:32,crm,0,1,0.0,0,train_split
WC705837,2025-11-21 04:47,crm,0,1,0.0,0,train_split
WC705838,2025-11-21 05:28,crm,0,1,0.0,0,train_split
WC705839,2025-11-21 07:05,crm,0,1,0.0,0,train_split
WC705840,2025-11-21 07:15,crm,0,1,0.0,0,train_split
WC705841,2025-11-21 07:19,crm,0,1,0.0,0,train_split
WC705842,2025-11-21 08:10,crm,0,1,0.0,0,train_split
WC705843,2025-11-21 09:37,crm,0,1,0.0,0,train_split
WC705844,2025-11-21 11:23,crm,0,1,0.0,0,train_split
WC705845,2025-11-21 12:06,crm,0,1,0.0,0,train_split
WC705846,2025-11-21 12:31,crm,0,1,0.0,0,train_split
WC705847,2025-11-21 14:43,crm,0,1,0.0,0,train_split
WC705848,2025-11-21 15:10,crm,1,2,48.0,0,train_split
WC705849,2025-11-21 17:44,crm,0,1,0.0,0,train_split
WC705850,2025-11-21 18:08,crm,0,1,0.0,0,train_split
WC705851,2025-11-21 18:27,crm,0,1,0.0,0,train_split
WC705852,2025-11-21 21:02,crm,0,1,0.0,0,train_split
WC705853,2025-11-21 22:04,crm,0,1,0.0,0,train_split
WC705854,2025-11-21 22:40,crm,0,1,0.0,0,train_split
WC705855,2025-11-21 23:31,crm,0,1,0.0,0,train_split
WC705856,2025-11-22 01:05,crm,0,1,0.0,0,train_split
WC705857,2025-11-22 01:21,crm,0,1,0.0,0,train_split
WC705858,2025-11-22 02:12,crm,0,1,0.0,0,train_split
WC705859,2025-11-22 03:01,crm,0,1,0.0,0,train_split
WC705860,2025-11-22 04:29,crm,0,1,0.0,0,train_split
WC705861,2025-11-22 05:18,crm,0,1,0.0,0,train_split
WC705862,2025-11-22 07:09,crm,0,1,0.0,0,train_split
WC705863,2025-11-22 07:10,crm,0,1,0.0,0,train_split
WC705864,2025-11-22 07:27,crm,0,1,0.0,0,train_split
WC705865,2025-11-22 08:22,crm,0,1,0.0,0,train_split
WC705866,2025-11-22 09:09,crm,0,1,0.0,0,train_split
WC705867,2025-11-22 09:16,crm,0,1,0.0,0,train_split
WC705868,2025-11-22 09:17,crm,0,1,0.0,0,train_split
WC705869,2025-11-22 09:27,crm,0,1,0.0,0,train_split
WC705870,2025-11-22 12:19,crm,0,1,0.0,0,train_split
WC705871,2025-11-22 14:02,crm,0,1,0.0,0,train_split
WC705872,2025-11-22 14:11,crm,0,1,0.0,0,train_split
WC705873,2025-11-22 14:27,crm,0,1,0.0,0,train_split
WC705874,2025-11-22 14:40,crm,0,1,0.0,0,train_split
WC705875,2025-11-22 14:55,crm,0,1,0.0,0,train_split
WC705876,2025-11-22 14:56,crm,0,1,0.0,0,train_split
WC705877,2025-11-22 15:12,crm,0,1,0.0,0,train_split
WC705878,2025-11-22 15:52,crm,0,1,0.0,0,train_split
WC705879,2025-11-22 18:48,crm,0,1,0.0,0,train_split
WC705880,2025-11-22 20:10,crm,0,1,0.0,0,train_split
WC705881,2025-11-22 22:56,crm,0,1,0.0,0,train_split
WC705882,2025-11-22 23:44,crm,0,1,0.0,0,train_split
WC705883,2025-11-23 00:52,crm,0,1,0.0,0,train_split
WC705884,2025-11-23 02:24,crm,0,1,0.0,0,train_split
WC705885,2025-11-23 02:43,crm,0,1,0.0,0,train_split
WC705886,2025-11-23 02:43,crm,1,2,48.0,0,train_split
WC705887,2025-11-23 04:23,crm,0,1,0.0,0,train_split
WC705888,2025-11-23 05:41,crm,0,1,0.0,0,train_split
WC705889,2025-11-23 06:15,crm,0,1,0.0,0,train_split
WC705890,2025-11-23 06:16,crm,0,1,0.0,0,train_split
WC705891,2025-11-23 06:59,crm,0,1,0.0,0,train_split
WC705892,2025-11-23 07:18,crm,0,1,0.0,,train_split
WC705893,2025-11-23 10:53,crm,0,1,0.0,,train_split
WC705894,2025-11-23 11:00,crm,0,1,0.0,0,train_split
WC705895,2025-11-23 12:11,crm,0,1,0.0,0,train_split
WC705896,2025-11-23 12:59,crm,0,1,0.0,0,train_split
WC705897,2025-11-23 13:58,crm,0,1,0.0,1,train_split
WC705898,2025-11-23 14:28,crm,0,1,0.0,0,train_split
WC705899,2025-11-23 14:36,crm,0,1,0.0,0,train_split
WC705900,2025-11-23 15:10,crm,1,2,72.0,0,train_split
WC705901,2025-11-23 15:17,crm,0,1,0.0,0,train_split
WC705902,2025-11-23 15:23,crm,0,1,0.0,0,train_split
WC705903,2025-11-23 15:27,crm,0,1,0.0,0,train_split
WC705904,2025-11-23 18:21,crm,0,1,0.0,0,train_split
WC705905,2025-11-23 19:27,crm,0,1,0.0,0,train_split
WC705906,2025-11-23 19:54,crm,0,1,0.0,1,train_split
WC705907,2025-11-23 23:57,crm,0,1,0.0,0,train_split
WC705908,2025-11-24 01:14,crm,1,2,120.0,0,train_split
WC705909,2025-11-24 01:26,crm,0,1,0.0,0,train_split
WC705910,2025-11-24 02:12,crm,0,1,0.0,0,train_split
WC705911,2025-11-24 04:20,crm,0,1,0.0,0,train_split
WC705912,2025-11-24 04:40,crm,0,1,0.0,0,train_split
WC705913,2025-11-24 05:38,crm,0,1,0.0,0,train_split
WC705914,2025-11-24 06:07,crm,0,1,0.0,0,train_split
WC705915,2025-11-24 06:18,crm,0,1,0.0,0,train_split
WC705916,2025-11-24 06:35,crm,0,1,0.0,0,train_split
WC705917,2025-11-24 06:55,crm,0,1,0.0,0,train_split
WC705918,2025-11-24 07:20,crm,0,1,0.0,0,train_split
WC705919,2025-11-24 07:20,crm,0,1,0.0,0,train_split
WC705920,2025-11-24 08:45,crm,0,1,0.0,0,train_split
WC705921,2025-11-24 09:23,crm,0,1,0.0,0,train_split
WC705922,2025-11-24 10:10,crm,0,1,0.0,0,train_split
WC705923,2025-11-24 10:17,crm,0,1,0.0,0,train_split
WC705924,2025-11-24 10:44,crm,0,1,0.0,1,train_split
WC705925,2025-11-24 11:55,crm,0,1,0.0,0,train_split
WC705926,2025-11-24 14:36,crm,0,1,0.0,0,train_split
WC705927,2025-11-24 15:08,crm,0,1,0.0,0,train_split
WC705928,2025-11-24 15:08,crm,0,1,0.0,0,train_split
WC705929,2025-11-24 15:18,crm,1,2,120.0,0,train_split
WC705930,2025-11-24 16:15,crm,0,1,0.0,0,train_split
WC705931,2025-11-24 16:38,crm,0,1,0.0,0,train_split
WC705932,2025-11-24 16:57,crm,0,1,0.0,0,train_split
WC705933,2025-11-24 17:36,crm,1,2,72.0,0,train_split
WC705934,2025-11-24 18:14,crm,1,2,96.0,0,train_split
WC705935,2025-11-24 22:58,crm,0,1,0.0,0,train_split
WC705936,2025-11-24 23:28,crm,0,1,0.0,0,train_split
WC705937,2025-11-25 01:40,crm,0,1,0.0,0,train_split
WC705938,2025-11-25 02:10,crm,1,2,72.0,0,train_split
WC705939,2025-11-25 02:15,crm,0,1,0.0,0,train_split
WC705940,2025-11-25 02:43,crm,0,1,0.0,0,train_split
WC705941,2025-11-25 03:39,crm,0,1,0.0,0,train_split
WC705942,2025-11-25 04:00,crm,0,1,0.0,0,train_split
WC705943,2025-11-25 07:39,crm,0,1,0.0,0,train_split
WC705944,2025-11-25 08:21,crm,0,1,0.0,0,train_split
WC705945,2025-11-25 08:40,crm,0,1,0.0,0,train_split
WC705946,2025-11-25 08:48,crm,0,1,0.0,1,train_split
WC705947,2025-11-25 08:57,crm,0,1,0.0,0,train_split
WC705948,2025-11-25 09:18,crm,0,1,0.0,0,train_split
WC705949,2025-11-25 09:26,crm,0,1,0.0,0,train_split
WC705950,2025-11-25 12:02,crm,0,1,0.0,0,train_split
WC705951,2025-11-25 12:22,crm,0,1,0.0,0,train_split
WC705952,2025-11-25 13:10,crm,0,1,0.0,0,train_split
WC705953,2025-11-25 13:12,crm,0,1,0.0,0,train_split
WC705954,2025-11-25 14:31,crm,0,1,0.0,0,train_split
WC705955,2025-11-25 15:52,crm,0,1,0.0,0,train_split
WC705956,2025-11-25 16:16,crm,1,2,24.0,0,train_split
WC705958,2025-11-25 17:35,crm,0,1,0.0,0,train_split
WC705957,2025-11-25 17:35,crm,0,1,0.0,0,train_split
WC705959,2025-11-25 17:56,crm,0,1,0.0,0,train_split
WC705960,2025-11-25 18:49,crm,0,1,0.0,0,train_split
WC705961,2025-11-25 18:58,crm,0,1,0.0,0,train_split
WC705962,2025-11-25 20:24,crm,0,1,0.0,0,train_split
WC705963,2025-11-25 21:08,crm,0,1,0.0,0,train_split
WC705964,2025-11-25 22:18,crm,0,1,0.0,0,train_split
WC705965,2025-11-25 22:19,crm,0,1,0.0,0,train_split
WC705966,2025-11-25 23:25,crm,1,2,96.0,0,train_split
WC705967,2025-11-26 00:00,crm,0,1,0.0,0,train_split
WC705968,2025-11-26 03:30,crm,0,1,0.0,0,train_split
WC705969,2025-11-26 03:31,crm,1,2,48.0,0,train_split
WC705970,2025-11-26 03:42,crm,0,1,0.0,0,train_split
WC705971,2025-11-26 04:28,crm,0,1,0.0,,train_split
WC705972,2025-11-26 04:29,crm,0,1,0.0,0,train_split
WC705973,2025-11-26 04:57,crm,0,1,0.0,0,train_split
WC705974,2025-11-26 05:42,crm,0,1,0.0,0,train_split
WC705975,2025-11-26 05:49,crm,0,1,0.0,0,train_split
WC705976,2025-11-26 07:35,crm,1,2,24.0,0,train_split
WC705977,2025-11-26 08:32,crm,0,1,0.0,0,train_split
WC705978,2025-11-26 08:57,crm,0,1,0.0,0,train_split
WC705979,2025-11-26 09:32,crm,0,1,0.0,0,train_split
WC705980,2025-11-26 09:50,crm,0,1,0.0,0,train_split
WC705981,2025-11-26 11:42,crm,0,1,0.0,0,train_split
WC705982,2025-11-26 13:32,crm,0,1,0.0,0,train_split
WC705983,2025-11-26 13:36,crm,0,1,0.0,0,train_split
WC705984,2025-11-26 14:32,crm,0,1,0.0,0,train_split
WC705985,2025-11-26 16:26,crm,0,1,0.0,0,train_split
WC705986,2025-11-26 16:40,crm,0,1,0.0,0,train_split
WC705987,2025-11-26 17:46,crm,0,1,0.0,0,train_split
WC705988,2025-11-26 18:22,crm,0,1,0.0,0,train_split
WC705989,2025-11-26 19:27,crm,0,1,0.0,0,train_split
WC705990,2025-11-26 19:29,crm,0,1,0.0,0,train_split
WC705991,2025-11-26 19:35,crm,0,1,0.0,0,train_split
WC705992,2025-11-26 20:15,crm,0,1,0.0,0,train_split
WC705993,2025-11-26 20:16,crm,0,1,0.0,,train_split
WC705994,2025-11-26 22:10,crm,0,1,0.0,0,train_split
WC705995,2025-11-26 22:19,crm,0,1,0.0,0,train_split
WC705996,2025-11-26 22:36,crm,0,1,0.0,0,train_split
WC705997,2025-11-27 00:05,crm,0,1,0.0,0,train_split
WC705998,2025-11-27 00:06,crm,0,1,0.0,0,train_split
WC705999,2025-11-27 00:09,crm,0,1,0.0,0,train_split
WC706000,2025-11-27 00:24,crm,0,1,0.0,0,train_split
WC706001,2025-11-27 00:37,crm,0,1,0.0,0,train_split
WC706002,2025-11-27 01:05,crm,0,1,0.0,0,train_split
WC706003,2025-11-27 01:17,crm,0,1,0.0,,train_split
WC706004,2025-11-27 01:22,crm,0,1,0.0,0,train_split
WC706005,2025-11-27 01:54,crm,0,1,0.0,0,train_split
WC706006,2025-11-27 02:02,crm,0,1,0.0,0,train_split
WC706007,2025-11-27 04:03,crm,0,1,0.0,0,train_split
WC706008,2025-11-27 04:46,crm,0,1,0.0,1,train_split
WC706009,2025-11-27 06:08,crm,0,1,0.0,0,train_split
WC706010,2025-11-27 06:27,crm,0,1,0.0,0,train_split
WC706011,2025-11-27 07:11,crm,0,1,0.0,0,train_split
WC706012,2025-11-27 07:40,crm,0,1,0.0,0,train_split
WC706013,2025-11-27 08:55,crm,1,2,72.0,0,train_split
WC706014,2025-11-27 09:58,crm,0,1,0.0,0,train_split
WC706015,2025-11-27 10:00,crm,0,1,0.0,0,train_split
WC706016,2025-11-27 12:03,crm,0,1,0.0,1,train_split
WC706017,2025-11-27 13:07,crm,0,1,0.0,0,train_split
WC706018,2025-11-27 14:08,crm,0,1,0.0,0,train_split
WC706019,2025-11-27 14:18,crm,0,1,0.0,0,train_split
WC706020,2025-11-27 16:30,crm,1,2,24.0,0,train_split
WC706021,2025-11-27 16:50,crm,0,1,0.0,0,train_split
WC706022,2025-11-27 17:45,crm,0,1,0.0,0,train_split
WC706023,2025-11-27 17:59,crm,0,1,0.0,0,train_split
WC706024,2025-11-27 18:05,crm,0,1,0.0,0,train_split
WC706025,2025-11-27 18:21,crm,1,2,120.0,0,train_split
WC706026,2025-11-27 19:21,crm,0,1,0.0,0,train_split
WC706027,2025-11-27 20:41,crm,0,1,0.0,0,train_split
WC706028,2025-11-28 00:37,crm,0,1,0.0,0,train_split
WC706029,2025-11-28 02:29,crm,0,1,0.0,0,train_split
WC706030,2025-11-28 03:31,crm,0,1,0.0,0,train_split
WC706031,2025-11-28 04:12,crm,0,1,0.0,0,train_split
WC706032,2025-11-28 05:45,crm,0,1,0.0,0,train_split
WC706033,2025-11-28 05:50,crm,0,1,0.0,0,train_split
WC706034,2025-11-28 06:27,crm,0,1,0.0,0,train_split
WC706035,2025-11-28 09:04,crm,0,1,0.0,0,train_split
WC706036,2025-11-28 09:21,crm,0,1,0.0,0,train_split
WC706037,2025-11-28 09:55,crm,0,1,0.0,0,train_split
WC706038,2025-11-28 10:02,crm,0,1,0.0,0,train_split
WC706039,2025-11-28 10:07,crm,0,1,0.0,0,train_split
WC706040,2025-11-28 10:35,crm,0,1,0.0,0,train_split
WC706041,2025-11-28 14:14,crm,0,1,0.0,0,train_split
WC706042,2025-11-28 14:29,crm,0,1,0.0,0,train_split
WC706043,2025-11-28 14:44,crm,0,1,0.0,0,train_split
WC706044,2025-11-28 16:33,crm,0,1,0.0,0,train_split
WC706045,2025-11-28 16:56,crm,0,1,0.0,0,train_split
WC706046,2025-11-28 17:20,crm,0,1,0.0,0,train_split
WC706047,2025-11-28 21:06,crm,0,1,0.0,0,train_split
WC706048,2025-11-29 00:00,crm,0,1,0.0,0,train_split
WC706049,2025-11-29 00:21,crm,0,1,0.0,0,train_split
WC706050,2025-11-29 01:22,crm,0,1,0.0,0,train_split
WC706051,2025-11-29 03:12,crm,0,1,0.0,0,train_split
WC706052,2025-11-29 03:25,crm,0,1,0.0,0,train_split
WC706053,2025-11-29 04:02,crm,0,1,0.0,0,train_split
WC706054,2025-11-29 04:11,crm,0,1,0.0,0,train_split
WC706055,2025-11-29 04:22,crm,0,1,0.0,0,train_split
WC706056,2025-11-29 04:54,crm,0,1,0.0,0,train_split
WC706057,2025-11-29 07:09,crm,0,1,0.0,0,train_split
WC706058,2025-11-29 08:33,crm,0,1,0.0,0,train_split
WC706059,2025-11-29 08:38,crm,1,2,72.0,0,train_split
WC706060,2025-11-29 08:51,crm,0,1,0.0,0,train_split
WC706061,2025-11-29 10:02,crm,0,1,0.0,0,train_split
WC706062,2025-11-29 10:56,crm,0,1,0.0,0,train_split
WC706063,2025-11-29 11:47,crm,0,1,0.0,0,train_split
WC706064,2025-11-29 12:23,crm,0,1,0.0,0,train_split
WC706065,2025-11-29 12:40,crm,0,1,0.0,0,train_split
WC706066,2025-11-29 12:56,crm,0,1,0.0,0,train_split
WC706067,2025-11-29 13:21,crm,0,1,0.0,0,train_split
WC706068,2025-11-29 13:50,crm,0,1,0.0,1,train_split
WC706069,2025-11-29 15:57,crm,0,1,0.0,0,train_split
WC706070,2025-11-29 16:01,crm,0,1,0.0,0,train_split
WC706071,2025-11-29 16:41,crm,0,1,0.0,0,train_split
WC706072,2025-11-29 16:43,crm,0,1,0.0,0,train_split
WC706073,2025-11-29 17:23,crm,0,1,0.0,0,train_split
WC706074,2025-11-29 18:00,crm,0,1,0.0,0,train_split
WC706075,2025-11-29 18:25,crm,0,1,0.0,0,train_split
WC706076,2025-11-29 18:52,crm,0,1,0.0,0,train_split
WC706077,2025-11-29 21:55,crm,0,1,0.0,0,train_split
WC706078,2025-11-29 22:05,crm,0,1,0.0,0,train_split
WC706079,2025-11-29 23:26,crm,0,1,0.0,0,train_split
WC706080,2025-11-30 00:40,crm,0,1,0.0,0,train_split
WC706081,2025-11-30 01:39,crm,0,1,0.0,0,train_split
WC706082,2025-11-30 02:05,crm,0,1,0.0,0,train_split
WC706083,2025-11-30 02:38,crm,0,1,0.0,0,train_split
WC706084,2025-11-30 02:42,crm,0,1,0.0,0,train_split
WC706085,2025-11-30 03:47,crm,0,1,0.0,0,train_split
WC706086,2025-11-30 04:09,crm,0,1,0.0,0,train_split
WC706087,2025-11-30 04:57,crm,1,2,120.0,0,train_split
WC706088,2025-11-30 05:31,crm,0,1,0.0,0,train_split
WC706089,2025-11-30 06:06,crm,0,1,0.0,0,train_split
WC706090,2025-11-30 06:40,crm,0,1,0.0,0,train_split
WC706091,2025-11-30 06:43,crm,0,1,0.0,0,train_split
WC706092,2025-11-30 07:24,crm,0,1,0.0,0,train_split
WC706093,2025-11-30 07:28,crm,0,1,0.0,0,train_split
WC706094,2025-11-30 08:47,crm,0,1,0.0,0,train_split
WC706095,2025-11-30 12:19,crm,0,1,0.0,0,train_split
WC706096,2025-11-30 13:09,crm,0,1,0.0,0,train_split
WC706097,2025-11-30 13:42,crm,0,1,0.0,0,train_split
WC706098,2025-11-30 14:14,crm,0,1,0.0,,train_split
WC706099,2025-11-30 14:22,crm,0,1,0.0,0,train_split
WC706100,2025-11-30 14:47,crm,0,1,0.0,,train_split
WC706101,2025-11-30 16:08,crm,0,1,0.0,0,train_split
WC706102,2025-11-30 17:04,crm,0,1,0.0,0,train_split
WC706103,2025-11-30 18:42,crm,0,1,0.0,0,train_split
WC706104,2025-11-30 22:09,crm,0,1,0.0,0,train_split
WC706105,2025-11-30 22:17,crm,0,1,0.0,0,train_split
WC706106,2025-12-01 00:11,crm,0,1,0.0,0,train_split
WC706107,2025-12-01 00:22,crm,0,1,0.0,0,train_split
WC706108,2025-12-01 01:17,crm,0,1,0.0,0,train_split
WC706109,2025-12-01 01:48,crm,0,1,0.0,0,train_split
WC706110,2025-12-01 02:09,crm,0,1,0.0,,train_split
WC706111,2025-12-01 02:18,crm,0,1,0.0,0,train_split
WC706112,2025-12-01 04:40,crm,0,1,0.0,0,train_split
WC706113,2025-12-01 04:51,crm,0,1,0.0,0,train_split
WC706114,2025-12-01 05:24,crm,0,1,0.0,0,train_split
WC706115,2025-12-01 10:38,crm,0,1,0.0,0,train_split
WC706116,2025-12-01 10:51,crm,0,1,0.0,0,train_split
WC706117,2025-12-01 12:20,crm,0,1,0.0,0,train_split
WC706118,2025-12-01 14:16,crm,0,1,0.0,0,train_split
WC706119,2025-12-01 14:28,crm,0,1,0.0,0,train_split
WC706120,2025-12-01 14:37,crm,0,1,0.0,0,train_split
WC706121,2025-12-01 14:49,crm,0,1,0.0,0,train_split
WC706122,2025-12-01 15:28,crm,0,1,0.0,0,train_split
WC706123,2025-12-01 17:02,crm,0,1,0.0,0,train_split
WC706124,2025-12-01 17:55,crm,0,1,0.0,0,train_split
WC706125,2025-12-01 18:02,crm,0,1,0.0,0,train_split
WC706126,2025-12-01 20:59,crm,0,1,0.0,0,train_split
WC706127,2025-12-01 21:29,crm,0,1,0.0,0,train_split
WC706128,2025-12-01 21:54,crm,1,2,96.0,0,train_split
WC706129,2025-12-01 22:00,crm,1,2,120.0,0,train_split
WC706130,2025-12-01 22:15,crm,0,1,0.0,0,train_split
WC706131,2025-12-01 22:35,crm,0,1,0.0,0,train_split
WC706132,2025-12-02 01:02,crm,0,1,0.0,0,train_split
WC706133,2025-12-02 01:58,crm,0,1,0.0,0,train_split
WC706134,2025-12-02 02:27,crm,0,1,0.0,0,train_split
WC706135,2025-12-02 05:12,crm,0,1,0.0,0,train_split
WC706136,2025-12-02 05:28,crm,0,1,0.0,0,train_split
WC706137,2025-12-02 05:34,crm,0,1,0.0,0,train_split
WC706138,2025-12-02 05:42,crm,0,1,0.0,0,train_split
WC706139,2025-12-02 05:48,crm,0,1,0.0,0,train_split
WC706140,2025-12-02 05:48,crm,0,1,0.0,0,train_split
WC706141,2025-12-02 07:05,crm,0,1,0.0,0,train_split
WC706142,2025-12-02 07:40,crm,0,1,0.0,0,train_split
WC706143,2025-12-02 07:54,crm,0,1,0.0,0,train_split
WC706144,2025-12-02 08:14,crm,0,1,0.0,0,train_split
WC706145,2025-12-02 10:19,crm,0,1,0.0,0,train_split
WC706146,2025-12-02 10:22,crm,0,1,0.0,0,train_split
WC706147,2025-12-02 11:28,crm,0,1,0.0,0,train_split
WC706148,2025-12-02 12:11,crm,0,1,0.0,0,train_split
WC706149,2025-12-02 14:06,crm,1,2,120.0,0,train_split
WC706150,2025-12-02 16:55,crm,0,1,0.0,0,train_split
WC706151,2025-12-02 17:27,crm,0,1,0.0,0,train_split
WC706152,2025-12-02 18:30,crm,0,1,0.0,0,train_split
WC706153,2025-12-02 19:22,crm,0,1,0.0,0,train_split
WC706154,2025-12-02 20:21,crm,0,1,0.0,0,train_split
WC706155,2025-12-02 21:05,crm,0,1,0.0,0,train_split
WC706156,2025-12-02 21:49,crm,0,1,0.0,0,train_split
WC706157,2025-12-02 22:22,crm,0,1,0.0,,train_split
WC706158,2025-12-03 00:25,crm,0,1,0.0,0,train_split
WC706159,2025-12-03 00:30,crm,0,1,0.0,0,train_split
WC706160,2025-12-03 04:12,crm,0,1,0.0,0,train_split
WC706161,2025-12-03 04:12,crm,0,1,0.0,0,train_split
WC706162,2025-12-03 05:04,crm,0,1,0.0,0,train_split
WC706163,2025-12-03 05:29,crm,0,1,0.0,0,train_split
WC706164,2025-12-03 06:57,crm,0,1,0.0,0,train_split
WC706165,2025-12-03 09:46,crm,1,2,24.0,0,train_split
WC706166,2025-12-03 09:54,crm,0,1,0.0,,train_split
WC706167,2025-12-03 10:13,crm,0,1,0.0,0,train_split
WC706168,2025-12-03 10:21,crm,0,1,0.0,0,train_split
WC706169,2025-12-03 10:54,crm,0,1,0.0,0,train_split
WC706170,2025-12-03 11:30,crm,0,1,0.0,0,train_split
WC706171,2025-12-03 13:12,crm,0,1,0.0,0,train_split
WC706172,2025-12-03 15:34,crm,0,1,0.0,0,train_split
WC706173,2025-12-03 15:52,crm,0,1,0.0,0,train_split
WC706174,2025-12-03 17:18,crm,0,1,0.0,0,train_split
WC706175,2025-12-03 18:27,crm,0,1,0.0,0,train_split
WC706176,2025-12-03 18:56,crm,0,1,0.0,,train_split
WC706177,2025-12-03 19:20,crm,0,1,0.0,0,train_split
WC706178,2025-12-03 21:07,crm,0,1,0.0,,train_split
WC706179,2025-12-03 23:00,crm,0,1,0.0,0,train_split
WC706180,2025-12-03 23:02,crm,0,1,0.0,0,train_split
WC706181,2025-12-03 23:37,crm,0,1,0.0,0,train_split
WC706182,2025-12-03 23:48,crm,0,1,0.0,0,train_split
WC706183,2025-12-04 00:30,crm,0,1,0.0,0,train_split
WC706184,2025-12-04 01:19,crm,0,1,0.0,0,train_split
WC706185,2025-12-04 02:08,crm,0,1,0.0,0,train_split
WC706186,2025-12-04 04:20,crm,0,1,0.0,0,train_split
WC706187,2025-12-04 04:53,crm,0,1,0.0,0,train_split
WC706188,2025-12-04 05:05,crm,0,1,0.0,0,train_split
WC706189,2025-12-04 05:22,crm,0,1,0.0,0,train_split
WC706190,2025-12-04 09:11,crm,0,1,0.0,0,train_split
WC706191,2025-12-04 09:51,crm,0,1,0.0,0,train_split
WC706192,2025-12-04 10:25,crm,0,1,0.0,0,train_split
WC706193,2025-12-04 11:04,crm,1,2,120.0,0,train_split
WC706194,2025-12-04 11:21,crm,0,1,0.0,0,train_split
WC706195,2025-12-04 12:34,crm,0,1,0.0,0,train_split
WC706196,2025-12-04 14:05,crm,0,1,0.0,0,train_split
WC706197,2025-12-04 14:16,crm,0,1,0.0,0,train_split
WC706198,2025-12-04 14:45,crm,0,1,0.0,0,train_split
WC706199,2025-12-04 15:16,crm,0,1,0.0,0,train_split
WC706200,2025-12-04 16:41,crm,0,1,0.0,0,train_split
WC706201,2025-12-04 19:11,crm,0,1,0.0,0,train_split
WC706202,2025-12-04 19:28,crm,0,1,0.0,0,train_split
WC706203,2025-12-04 20:47,crm,0,1,0.0,1,train_split
WC706204,2025-12-04 21:12,crm,0,1,0.0,0,train_split
WC706205,2025-12-04 22:27,crm,1,2,48.0,0,train_split
WC706206,2025-12-04 22:59,crm,0,1,0.0,0,train_split
WC706207,2025-12-04 23:10,crm,0,1,0.0,0,train_split
WC706208,2025-12-04 23:16,crm,0,1,0.0,0,train_split
WC706209,2025-12-04 23:29,crm,0,1,0.0,0,train_split
WC706210,2025-12-04 23:41,crm,0,1,0.0,0,train_split
WC706211,2025-12-04 23:42,crm,0,1,0.0,0,train_split
WC706212,2025-12-05 00:15,crm,0,1,0.0,0,train_split
WC706213,2025-12-05 00:22,crm,0,1,0.0,0,train_split
WC706214,2025-12-05 02:58,crm,0,1,0.0,0,train_split
WC706215,2025-12-05 03:04,crm,0,1,0.0,0,train_split
WC706216,2025-12-05 04:04,crm,0,1,0.0,0,train_split
WC706217,2025-12-05 05:50,crm,0,1,0.0,0,train_split
WC706218,2025-12-05 06:32,crm,0,1,0.0,0,train_split
WC706219,2025-12-05 06:34,crm,0,1,0.0,0,train_split
WC706220,2025-12-05 06:46,crm,0,1,0.0,0,train_split
WC706221,2025-12-05 07:18,crm,0,1,0.0,0,train_split
WC706222,2025-12-05 08:15,crm,0,1,0.0,0,train_split
WC706223,2025-12-05 08:59,crm,0,1,0.0,0,train_split
WC706224,2025-12-05 10:56,crm,0,1,0.0,0,train_split
WC706225,2025-12-05 13:46,crm,0,1,0.0,0,train_split
WC706226,2025-12-05 14:50,crm,0,1,0.0,0,train_split
WC706227,2025-12-05 16:14,crm,0,1,0.0,0,train_split
WC706228,2025-12-05 16:50,crm,0,1,0.0,0,train_split
WC706229,2025-12-05 17:53,crm,0,1,0.0,0,train_split
WC706230,2025-12-05 19:30,crm,0,1,0.0,0,train_split
WC706231,2025-12-05 20:01,crm,0,1,0.0,0,train_split
WC706232,2025-12-05 20:22,crm,0,1,0.0,0,train_split
WC706233,2025-12-05 20:25,crm,0,1,0.0,0,train_split
WC706234,2025-12-05 22:05,crm,0,1,0.0,0,train_split
WC706235,2025-12-05 23:14,crm,0,1,0.0,0,train_split
WC706236,2025-12-05 23:17,crm,0,1,0.0,0,train_split
WC706237,2025-12-05 23:17,crm,0,1,0.0,0,train_split
WC706238,2025-12-05 23:58,crm,0,1,0.0,0,train_split
WC706239,2025-12-06 00:57,crm,0,1,0.0,0,train_split
WC706240,2025-12-06 01:31,crm,0,1,0.0,0,train_split
WC706241,2025-12-06 01:53,crm,0,1,0.0,0,train_split
WC706242,2025-12-06 03:16,crm,0,1,0.0,,train_split
WC706243,2025-12-06 04:54,crm,0,1,0.0,0,train_split
WC706244,2025-12-06 05:09,crm,0,1,0.0,,train_split
WC706245,2025-12-06 05:26,crm,0,1,0.0,0,train_split
WC706246,2025-12-06 05:56,crm,0,1,0.0,0,train_split
WC706247,2025-12-06 06:34,crm,0,1,0.0,0,train_split
WC706248,2025-12-06 07:06,crm,0,1,0.0,0,train_split
WC706249,2025-12-06 08:30,crm,0,1,0.0,,train_split
WC706250,2025-12-06 09:24,crm,0,1,0.0,0,train_split
WC706251,2025-12-06 11:36,crm,0,1,0.0,0,train_split
WC706252,2025-12-06 13:27,crm,0,1,0.0,0,train_split
WC706253,2025-12-06 13:29,crm,0,1,0.0,0,train_split
WC706254,2025-12-06 14:19,crm,0,1,0.0,0,train_split
WC706255,2025-12-06 15:30,crm,0,1,0.0,0,train_split
WC706256,2025-12-06 16:35,crm,0,1,0.0,0,train_split
WC706257,2025-12-06 18:08,crm,0,1,0.0,0,train_split
WC706258,2025-12-06 18:56,crm,0,1,0.0,0,train_split
WC706259,2025-12-06 20:22,crm,0,1,0.0,0,train_split
WC706260,2025-12-06 20:50,crm,0,1,0.0,0,train_split
WC706261,2025-12-07 00:15,crm,0,1,0.0,0,train_split
WC706262,2025-12-07 00:38,crm,0,1,0.0,0,train_split
WC706263,2025-12-07 01:11,crm,0,1,0.0,0,train_split
WC706264,2025-12-07 02:09,crm,0,1,0.0,0,train_split
WC706265,2025-12-07 02:53,crm,0,1,0.0,0,train_split
WC706266,2025-12-07 03:02,crm,0,1,0.0,0,train_split
WC706267,2025-12-07 03:05,crm,0,1,0.0,0,train_split
WC706268,2025-12-07 03:24,crm,0,1,0.0,0,train_split
WC706269,2025-12-07 03:39,crm,0,1,0.0,0,train_split
WC706270,2025-12-07 04:45,crm,0,1,0.0,0,train_split
WC706271,2025-12-07 07:01,crm,0,1,0.0,0,train_split
WC706272,2025-12-07 07:32,crm,0,1,0.0,0,train_split
WC706273,2025-12-07 10:25,crm,0,1,0.0,0,train_split
WC706274,2025-12-07 11:01,crm,0,1,0.0,0,train_split
WC706275,2025-12-07 14:16,crm,0,1,0.0,0,train_split
WC706276,2025-12-07 14:29,crm,0,1,0.0,0,train_split
WC706277,2025-12-07 14:42,crm,0,1,0.0,0,train_split
WC706278,2025-12-07 15:11,crm,0,1,0.0,0,train_split
WC706279,2025-12-07 15:48,crm,0,1,0.0,0,train_split
WC706280,2025-12-07 16:18,crm,0,1,0.0,0,train_split
WC706281,2025-12-07 17:26,crm,0,1,0.0,0,train_split
WC706282,2025-12-07 18:34,crm,0,1,0.0,0,train_split
WC706283,2025-12-07 19:19,crm,0,1,0.0,0,train_split
WC706284,2025-12-07 19:37,crm,0,1,0.0,0,train_split
WC706285,2025-12-07 20:38,crm,0,1,0.0,0,train_split
WC706286,2025-12-07 21:38,crm,0,1,0.0,0,train_split
WC706287,2025-12-07 22:09,crm,0,1,0.0,0,train_split
WC706288,2025-12-07 23:05,crm,0,1,0.0,0,train_split
WC706289,2025-12-08 00:39,crm,0,1,0.0,0,train_split
WC706290,2025-12-08 03:05,crm,0,1,0.0,0,train_split
WC706291,2025-12-08 04:26,crm,0,1,0.0,0,train_split
WC706292,2025-12-08 05:14,crm,0,1,0.0,0,train_split
WC706293,2025-12-08 05:52,crm,0,1,0.0,0,train_split
WC706294,2025-12-08 06:51,crm,0,1,0.0,0,train_split
WC706295,2025-12-08 07:28,crm,0,1,0.0,0,train_split
WC706296,2025-12-08 07:31,crm,0,1,0.0,0,train_split
WC706297,2025-12-08 07:40,crm,0,1,0.0,0,train_split
WC706298,2025-12-08 08:51,crm,0,1,0.0,0,train_split
WC706299,2025-12-08 09:01,crm,0,1,0.0,,train_split
WC706300,2025-12-08 10:11,crm,0,1,0.0,0,train_split
WC706301,2025-12-08 10:51,crm,0,1,0.0,0,train_split
WC706302,2025-12-08 11:05,crm,0,1,0.0,0,train_split
WC706303,2025-12-08 15:37,crm,0,1,0.0,0,train_split
WC706304,2025-12-08 15:39,crm,0,1,0.0,0,train_split
WC706305,2025-12-08 16:39,crm,0,1,0.0,0,train_split
WC706306,2025-12-08 17:06,crm,0,1,0.0,0,train_split
WC706307,2025-12-08 17:10,crm,0,1,0.0,0,train_split
WC706308,2025-12-08 18:19,crm,1,2,96.0,0,train_split
WC706309,2025-12-08 18:36,crm,0,1,0.0,0,train_split
WC706310,2025-12-08 20:08,crm,0,1,0.0,0,train_split
WC706311,2025-12-08 20:28,crm,0,1,0.0,0,train_split
WC706312,2025-12-08 20:40,crm,0,1,0.0,0,train_split
WC706313,2025-12-08 22:22,crm,0,1,0.0,0,train_split
WC706314,2025-12-09 00:35,crm,0,1,0.0,0,train_split
WC706315,2025-12-09 00:48,crm,0,1,0.0,0,train_split
WC706316,2025-12-09 02:24,crm,0,1,0.0,0,train_split
WC706317,2025-12-09 04:14,crm,1,2,120.0,0,train_split
WC706318,2025-12-09 05:04,crm,0,1,0.0,0,train_split
WC706319,2025-12-09 07:11,crm,0,1,0.0,0,train_split
WC706320,2025-12-09 07:17,crm,0,1,0.0,0,train_split
WC706321,2025-12-09 07:43,crm,0,1,0.0,0,train_split
WC706322,2025-12-09 07:46,crm,1,2,72.0,,train_split
WC706323,2025-12-09 09:06,crm,0,1,0.0,0,train_split
WC706324,2025-12-09 09:17,crm,0,1,0.0,0,train_split
WC706325,2025-12-09 10:55,crm,0,1,0.0,0,train_split
WC706326,2025-12-09 11:09,crm,0,1,0.0,0,train_split
WC706327,2025-12-09 11:19,crm,0,1,0.0,0,train_split
WC706328,2025-12-09 12:46,crm,0,1,0.0,0,train_split
WC706329,2025-12-09 14:08,crm,0,1,0.0,0,train_split
WC706330,2025-12-09 18:50,crm,0,1,0.0,0,train_split
WC706331,2025-12-09 19:23,crm,0,1,0.0,0,train_split
WC706332,2025-12-09 21:00,crm,0,1,0.0,0,train_split
WC706333,2025-12-09 21:50,crm,0,1,0.0,0,train_split
WC706334,2025-12-10 04:03,crm,0,1,0.0,0,train_split
WC706335,2025-12-10 04:15,crm,0,1,0.0,0,train_split
WC706336,2025-12-10 04:28,crm,0,1,0.0,0,train_split
WC706337,2025-12-10 05:59,crm,0,1,0.0,0,train_split
WC706338,2025-12-10 06:07,crm,0,1,0.0,0,train_split
WC706339,2025-12-10 06:14,crm,0,1,0.0,0,train_split
WC706340,2025-12-10 06:40,crm,0,1,0.0,0,train_split
WC706341,2025-12-10 07:51,crm,0,1,0.0,0,train_split
WC706342,2025-12-10 09:15,crm,0,1,0.0,0,train_split
WC706343,2025-12-10 09:34,crm,0,1,0.0,0,train_split
WC706344,2025-12-10 09:34,crm,0,1,0.0,0,train_split
WC706345,2025-12-10 14:39,crm,0,1,0.0,0,train_split
WC706346,2025-12-10 15:14,crm,0,1,0.0,0,train_split
WC706347,2025-12-10 15:50,crm,0,1,0.0,0,train_split
WC706348,2025-12-10 15:53,crm,0,1,0.0,,train_split
WC706349,2025-12-10 17:01,crm,0,1,0.0,0,train_split
WC706350,2025-12-10 18:09,crm,0,1,0.0,1,train_split
WC706351,2025-12-10 18:42,crm,0,1,0.0,0,train_split
WC706352,2025-12-10 19:07,crm,0,1,0.0,0,train_split
WC706353,2025-12-10 19:40,crm,0,1,0.0,1,train_split
WC706354,2025-12-10 20:54,crm,0,1,0.0,0,train_split
WC706355,2025-12-10 22:04,crm,0,1,0.0,0,train_split
WC706356,2025-12-10 22:22,crm,0,1,0.0,0,train_split
WC706357,2025-12-10 23:52,crm,0,1,0.0,1,train_split
WC706358,2025-12-10 23:57,crm,0,1,0.0,0,train_split
WC706359,2025-12-11 01:14,crm,0,1,0.0,0,train_split
WC706360,2025-12-11 01:38,crm,0,1,0.0,0,train_split
WC706361,2025-12-11 02:29,crm,0,1,0.0,0,train_split
WC706362,2025-12-11 02:41,crm,0,1,0.0,0,train_split
WC706363,2025-12-11 03:19,crm,0,1,0.0,0,train_split
WC706364,2025-12-11 03:49,crm,0,1,0.0,0,train_split
WC706365,2025-12-11 04:49,crm,0,1,0.0,0,train_split
WC706366,2025-12-11 04:50,crm,0,1,0.0,0,train_split
WC706367,2025-12-11 05:28,crm,0,1,0.0,0,train_split
WC706368,2025-12-11 06:50,crm,0,1,0.0,0,train_split
WC706369,2025-12-11 07:47,crm,0,1,0.0,0,train_split
WC706370,2025-12-11 08:02,crm,0,1,0.0,0,train_split
WC706371,2025-12-11 08:24,crm,0,1,0.0,0,train_split
WC706372,2025-12-11 09:04,crm,0,1,0.0,0,train_split
WC706373,2025-12-11 10:06,crm,0,1,0.0,0,train_split
WC706374,2025-12-11 10:55,crm,1,2,120.0,0,train_split
WC706375,2025-12-11 12:01,crm,0,1,0.0,0,train_split
WC706376,2025-12-11 12:08,crm,0,1,0.0,0,train_split
WC706377,2025-12-11 12:27,crm,0,1,0.0,0,train_split
WC706378,2025-12-11 12:29,crm,0,1,0.0,0,train_split
WC706379,2025-12-11 12:48,crm,0,1,0.0,0,train_split
WC706380,2025-12-11 13:03,crm,0,1,0.0,0,train_split
WC706381,2025-12-11 13:37,crm,0,1,0.0,0,train_split
WC706382,2025-12-11 13:41,crm,1,2,24.0,0,train_split
WC706383,2025-12-11 14:40,crm,0,1,0.0,,train_split
WC706384,2025-12-11 14:47,crm,0,1,0.0,0,train_split
WC706385,2025-12-11 15:38,crm,0,1,0.0,0,train_split
WC706386,2025-12-11 19:03,crm,0,1,0.0,0,train_split
WC706387,2025-12-11 20:58,crm,1,2,96.0,0,train_split
WC706388,2025-12-11 21:52,crm,0,1,0.0,0,train_split
WC706389,2025-12-11 21:52,crm,0,1,0.0,0,train_split
WC706390,2025-12-11 23:11,crm,0,1,0.0,0,train_split
WC706391,2025-12-11 23:20,crm,0,1,0.0,0,train_split
WC706392,2025-12-12 00:53,crm,0,1,0.0,0,train_split
WC706393,2025-12-12 01:11,crm,0,1,0.0,0,train_split
WC706394,2025-12-12 01:18,crm,0,1,0.0,0,train_split
WC706395,2025-12-12 03:26,crm,0,1,0.0,0,train_split
WC706396,2025-12-12 06:53,crm,0,1,0.0,0,train_split
WC706397,2025-12-12 08:21,crm,0,1,0.0,0,train_split
WC706398,2025-12-12 09:05,crm,0,1,0.0,0,train_split
WC706399,2025-12-12 09:32,crm,0,1,0.0,0,train_split
WC706400,2025-12-12 09:55,crm,0,1,0.0,0,train_split
WC706401,2025-12-12 10:26,crm,0,1,0.0,0,train_split
WC706402,2025-12-12 11:03,crm,0,1,0.0,0,train_split
WC706403,2025-12-12 11:32,crm,0,1,0.0,0,train_split
WC706404,2025-12-12 12:44,crm,0,1,0.0,0,train_split
WC706405,2025-12-12 13:09,crm,0,1,0.0,0,train_split
WC706406,2025-12-12 13:09,crm,0,1,0.0,0,train_split
WC706407,2025-12-12 13:20,crm,0,1,0.0,0,train_split
WC706408,2025-12-12 15:53,crm,0,1,0.0,0,train_split
WC706409,2025-12-12 16:08,crm,0,1,0.0,,train_split
WC706410,2025-12-12 16:59,crm,0,1,0.0,0,train_split
WC706411,2025-12-12 19:24,crm,0,1,0.0,0,train_split
WC706412,2025-12-12 20:23,crm,0,1,0.0,0,train_split
WC706413,2025-12-12 20:37,crm,0,1,0.0,0,train_split
WC706414,2025-12-12 21:01,crm,0,1,0.0,0,train_split
WC706415,2025-12-12 22:12,crm,0,1,0.0,,train_split
WC706416,2025-12-13 01:29,crm,0,1,0.0,0,train_split
WC706417,2025-12-13 02:28,crm,0,1,0.0,0,train_split
WC706418,2025-12-13 02:47,crm,1,2,72.0,0,train_split
WC706419,2025-12-13 02:54,crm,0,1,0.0,0,train_split
WC706420,2025-12-13 03:42,crm,0,1,0.0,0,train_split
WC706421,2025-12-13 03:57,crm,0,1,0.0,0,train_split
WC706422,2025-12-13 04:28,crm,0,1,0.0,0,train_split
WC706423,2025-12-13 04:55,crm,0,1,0.0,0,train_split
WC706424,2025-12-13 05:53,crm,0,1,0.0,0,train_split
WC706426,2025-12-13 06:24,crm,0,1,0.0,0,train_split
WC706425,2025-12-13 06:24,crm,0,1,0.0,0,train_split
WC706427,2025-12-13 06:28,crm,0,1,0.0,0,train_split
WC706428,2025-12-13 07:18,crm,0,1,0.0,0,train_split
WC706429,2025-12-13 07:32,crm,0,1,0.0,0,train_split
WC706430,2025-12-13 09:13,crm,0,1,0.0,0,train_split
WC706431,2025-12-13 11:05,crm,0,1,0.0,0,train_split
WC706432,2025-12-13 11:53,crm,0,1,0.0,0,train_split
WC706433,2025-12-13 14:51,crm,0,1,0.0,0,train_split
WC706434,2025-12-13 15:20,crm,0,1,0.0,0,train_split
WC706435,2025-12-13 15:21,crm,0,1,0.0,0,train_split
WC706436,2025-12-13 17:40,crm,0,1,0.0,0,train_split
WC706437,2025-12-13 18:13,crm,0,1,0.0,0,train_split
WC706438,2025-12-13 18:37,crm,0,1,0.0,0,train_split
WC706439,2025-12-13 18:44,crm,0,1,0.0,0,train_split
WC706440,2025-12-13 20:12,crm,0,1,0.0,0,train_split
WC706441,2025-12-13 20:24,crm,0,1,0.0,0,train_split
WC706442,2025-12-13 20:38,crm,0,1,0.0,0,train_split
WC706443,2025-12-13 21:11,crm,1,2,96.0,0,train_split
WC706444,2025-12-13 21:40,crm,0,1,0.0,0,train_split
WC706445,2025-12-13 22:01,crm,0,1,0.0,0,train_split
WC706446,2025-12-13 22:13,crm,0,1,0.0,0,train_split
WC706447,2025-12-13 23:11,crm,0,1,0.0,0,train_split
WC706448,2025-12-13 23:32,crm,0,1,0.0,0,train_split
WC706449,2025-12-13 23:47,crm,0,1,0.0,0,train_split
WC706450,2025-12-14 00:26,crm,0,1,0.0,0,train_split
WC706451,2025-12-14 00:26,crm,0,1,0.0,0,train_split
WC706452,2025-12-14 02:34,crm,0,1,0.0,0,train_split
WC706453,2025-12-14 04:58,crm,0,1,0.0,0,train_split
WC706454,2025-12-14 06:16,crm,0,1,0.0,0,train_split
WC706455,2025-12-14 08:39,crm,0,1,0.0,0,train_split
WC706456,2025-12-14 08:50,crm,0,1,0.0,,train_split
WC706457,2025-12-14 09:42,crm,0,1,0.0,0,train_split
WC706458,2025-12-14 10:04,crm,0,1,0.0,0,train_split
WC706459,2025-12-14 11:03,crm,0,1,0.0,0,train_split
WC706460,2025-12-14 11:31,crm,0,1,0.0,0,train_split
WC706461,2025-12-14 11:44,crm,1,2,96.0,0,train_split
WC706462,2025-12-14 12:26,crm,0,1,0.0,0,train_split
WC706463,2025-12-14 13:11,crm,0,1,0.0,0,train_split
WC706464,2025-12-14 14:20,crm,0,1,0.0,0,train_split
WC706465,2025-12-14 16:33,crm,0,1,0.0,0,train_split
WC706466,2025-12-14 17:10,crm,0,1,0.0,0,train_split
WC706467,2025-12-14 19:05,crm,0,1,0.0,0,train_split
WC706468,2025-12-14 19:07,crm,0,1,0.0,0,train_split
WC706469,2025-12-14 19:11,crm,0,1,0.0,0,train_split
WC706470,2025-12-14 19:28,crm,1,2,48.0,0,train_split
WC706471,2025-12-14 20:43,crm,0,1,0.0,0,train_split
WC706472,2025-12-14 21:11,crm,0,1,0.0,0,train_split
WC706473,2025-12-14 22:39,crm,0,1,0.0,0,train_split
WC706474,2025-12-15 00:15,crm,0,1,0.0,0,train_split
WC706475,2025-12-15 02:10,crm,0,1,0.0,0,train_split
WC706476,2025-12-15 03:50,crm,1,2,72.0,0,train_split
WC706477,2025-12-15 03:54,crm,0,1,0.0,0,train_split
WC706478,2025-12-15 04:32,crm,0,1,0.0,0,train_split
WC706479,2025-12-15 04:32,crm,0,1,0.0,0,train_split
WC706480,2025-12-15 04:58,crm,0,1,0.0,0,train_split
WC706481,2025-12-15 05:46,crm,0,1,0.0,0,train_split
WC706482,2025-12-15 06:52,crm,0,1,0.0,0,train_split
WC706483,2025-12-15 07:00,crm,0,1,0.0,0,train_split
WC706484,2025-12-15 07:48,crm,0,1,0.0,0,train_split
WC706485,2025-12-15 11:32,crm,0,1,0.0,0,train_split
WC706486,2025-12-15 11:37,crm,0,1,0.0,0,train_split
WC706487,2025-12-15 12:07,crm,1,2,48.0,0,train_split
WC706488,2025-12-15 12:20,crm,0,1,0.0,0,train_split
WC706489,2025-12-15 12:21,crm,0,1,0.0,1,train_split
WC706490,2025-12-15 15:12,crm,1,2,24.0,0,train_split
WC706491,2025-12-15 15:14,crm,0,1,0.0,0,train_split
WC706492,2025-12-15 16:45,crm,0,1,0.0,1,train_split
WC706493,2025-12-15 17:08,crm,1,2,24.0,0,train_split
WC706494,2025-12-15 17:23,crm,0,1,0.0,0,train_split
WC706495,2025-12-15 18:19,crm,0,1,0.0,0,train_split
WC706496,2025-12-15 18:41,crm,0,1,0.0,0,train_split
WC706497,2025-12-15 19:16,crm,0,1,0.0,0,train_split
WC706498,2025-12-15 19:45,crm,0,1,0.0,,train_split
WC706499,2025-12-15 20:24,crm,0,1,0.0,0,train_split
WC706500,2025-12-15 20:42,crm,0,1,0.0,0,train_split
WC706501,2025-12-15 20:49,crm,0,1,0.0,0,train_split
WC706502,2025-12-15 21:30,crm,0,1,0.0,0,train_split
WC706503,2025-12-15 21:48,crm,0,1,0.0,0,train_split
WC706504,2025-12-15 21:49,crm,0,1,0.0,0,train_split
WC706505,2025-12-16 00:26,crm,0,1,0.0,0,train_split
WC706506,2025-12-16 00:58,crm,1,2,24.0,0,train_split
WC706507,2025-12-16 01:57,crm,0,1,0.0,0,train_split
WC706508,2025-12-16 02:30,crm,0,1,0.0,0,train_split
WC706509,2025-12-16 04:53,crm,0,1,0.0,0,train_split
WC706510,2025-12-16 07:23,crm,0,1,0.0,0,train_split
WC706511,2025-12-16 07:28,crm,0,1,0.0,0,train_split
WC706512,2025-12-16 08:00,crm,0,1,0.0,0,train_split
WC706513,2025-12-16 08:04,crm,0,1,0.0,0,train_split
WC706514,2025-12-16 08:18,crm,0,1,0.0,0,train_split
WC706515,2025-12-16 08:25,crm,0,1,0.0,0,train_split
WC706516,2025-12-16 10:28,crm,0,1,0.0,0,train_split
WC706517,2025-12-16 12:40,crm,0,1,0.0,0,train_split
WC706518,2025-12-16 13:41,crm,0,1,0.0,1,train_split
WC706519,2025-12-16 14:52,crm,1,2,72.0,0,train_split
WC706520,2025-12-16 16:40,crm,0,1,0.0,0,train_split
WC706521,2025-12-16 17:40,crm,0,1,0.0,0,train_split
WC706522,2025-12-16 17:57,crm,0,1,0.0,0,train_split
WC706523,2025-12-16 20:48,crm,0,1,0.0,0,train_split
WC706524,2025-12-16 21:29,crm,0,1,0.0,0,train_split
WC706525,2025-12-16 22:16,crm,0,1,0.0,0,train_split
WC706526,2025-12-17 01:48,crm,0,1,0.0,0,train_split
WC706527,2025-12-17 01:51,crm,0,1,0.0,0,train_split
WC706528,2025-12-17 02:07,crm,0,1,0.0,0,train_split
WC706529,2025-12-17 03:05,crm,0,1,0.0,0,train_split
WC706530,2025-12-17 03:05,crm,0,1,0.0,0,train_split
WC706531,2025-12-17 03:10,crm,0,1,0.0,0,train_split
WC706532,2025-12-17 03:27,crm,0,1,0.0,0,train_split
WC706533,2025-12-17 03:56,crm,0,1,0.0,0,train_split
WC706534,2025-12-17 03:57,crm,0,1,0.0,,train_split
WC706535,2025-12-17 04:59,crm,0,1,0.0,0,train_split
WC706536,2025-12-17 05:36,crm,0,1,0.0,0,train_split
WC706537,2025-12-17 06:45,crm,0,1,0.0,0,train_split
WC706538,2025-12-17 10:36,crm,0,1,0.0,0,train_split
WC706539,2025-12-17 13:37,crm,0,1,0.0,0,train_split
WC706540,2025-12-17 13:40,crm,0,1,0.0,0,train_split
WC706541,2025-12-17 14:09,crm,0,1,0.0,0,train_split
WC706542,2025-12-17 14:26,crm,0,1,0.0,0,train_split
WC706543,2025-12-17 14:54,crm,1,2,48.0,0,train_split
WC706544,2025-12-17 15:52,crm,0,1,0.0,0,train_split
WC706545,2025-12-17 16:20,crm,0,1,0.0,0,train_split
WC706546,2025-12-17 16:23,crm,0,1,0.0,0,train_split
WC706547,2025-12-17 16:50,crm,0,1,0.0,0,train_split
WC706548,2025-12-17 17:44,crm,0,1,0.0,0,train_split
WC706549,2025-12-17 19:05,crm,0,1,0.0,0,train_split
WC706550,2025-12-17 20:26,crm,0,1,0.0,0,train_split
WC706551,2025-12-17 20:46,crm,0,1,0.0,0,train_split
WC706552,2025-12-17 21:20,crm,0,1,0.0,0,train_split
WC706553,2025-12-17 23:10,crm,0,1,0.0,0,train_split
WC706554,2025-12-17 23:30,crm,0,1,0.0,0,train_split
WC706555,2025-12-17 23:59,crm,0,1,0.0,0,train_split
WC706556,2025-12-18 00:35,crm,0,1,0.0,0,train_split
WC706557,2025-12-18 06:09,crm,0,1,0.0,0,train_split
WC706558,2025-12-18 06:24,crm,0,1,0.0,0,train_split
WC706559,2025-12-18 07:29,crm,0,1,0.0,0,train_split
WC706560,2025-12-18 07:38,crm,0,1,0.0,0,train_split
WC706561,2025-12-18 07:59,crm,0,1,0.0,0,train_split
WC706562,2025-12-18 08:07,crm,1,2,72.0,0,train_split
WC706563,2025-12-18 10:50,crm,0,1,0.0,0,train_split
WC706564,2025-12-18 11:23,crm,0,1,0.0,0,train_split
WC706565,2025-12-18 11:33,crm,0,1,0.0,0,train_split
WC706566,2025-12-18 11:58,crm,0,1,0.0,0,train_split
WC706567,2025-12-18 12:34,crm,0,1,0.0,0,train_split
WC706568,2025-12-18 16:51,crm,0,1,0.0,0,train_split
WC706569,2025-12-18 17:17,crm,0,1,0.0,0,train_split
WC706570,2025-12-18 18:28,crm,0,1,0.0,0,train_split
WC706571,2025-12-18 21:06,crm,0,1,0.0,0,train_split
WC706572,2025-12-19 00:08,crm,0,1,0.0,0,train_split
WC706573,2025-12-19 00:32,crm,0,1,0.0,0,train_split
WC706574,2025-12-19 00:32,crm,0,1,0.0,0,train_split
WC706575,2025-12-19 01:36,crm,0,1,0.0,0,train_split
WC706576,2025-12-19 02:56,crm,0,1,0.0,0,train_split
WC706577,2025-12-19 03:32,crm,0,1,0.0,0,train_split
WC706578,2025-12-19 05:09,crm,0,1,0.0,0,train_split
WC706579,2025-12-19 06:15,crm,0,1,0.0,0,train_split
WC706580,2025-12-19 06:18,crm,0,1,0.0,0,train_split
WC706581,2025-12-19 06:50,crm,0,1,0.0,0,train_split
WC706582,2025-12-19 07:28,crm,0,1,0.0,0,train_split
WC706583,2025-12-19 07:38,crm,0,1,0.0,0,train_split
WC706584,2025-12-19 09:01,crm,0,1,0.0,0,train_split
WC706585,2025-12-19 09:57,crm,0,1,0.0,0,train_split
WC706586,2025-12-19 10:04,crm,0,1,0.0,0,train_split
WC706587,2025-12-19 10:15,crm,0,1,0.0,0,train_split
WC706588,2025-12-19 10:22,crm,0,1,0.0,0,train_split
WC706589,2025-12-19 10:29,crm,0,1,0.0,0,train_split
WC706590,2025-12-19 10:48,crm,0,1,0.0,0,train_split
WC706591,2025-12-19 12:30,crm,0,1,0.0,0,train_split
WC706593,2025-12-19 13:35,crm,1,2,48.0,0,train_split
WC706592,2025-12-19 13:35,crm,0,1,0.0,0,train_split
WC706594,2025-12-19 13:44,crm,0,1,0.0,0,train_split
WC706595,2025-12-19 13:51,crm,0,1,0.0,0,train_split
WC706596,2025-12-19 14:58,crm,0,1,0.0,0,train_split
WC706597,2025-12-19 15:45,crm,0,1,0.0,,train_split
WC706598,2025-12-19 17:49,crm,0,1,0.0,0,train_split
WC706599,2025-12-19 18:00,crm,0,1,0.0,0,train_split
WC706600,2025-12-19 18:09,crm,0,1,0.0,0,train_split
WC706601,2025-12-19 18:57,crm,0,1,0.0,0,train_split
WC706602,2025-12-19 19:25,crm,0,1,0.0,0,train_split
WC706603,2025-12-19 20:49,crm,0,1,0.0,0,train_split
WC706604,2025-12-19 21:41,crm,0,1,0.0,0,train_split
WC706605,2025-12-19 21:52,crm,0,1,0.0,0,train_split
WC706606,2025-12-20 01:13,crm,0,1,0.0,0,train_split
WC706607,2025-12-20 01:17,crm,0,1,0.0,0,train_split
WC706608,2025-12-20 02:03,crm,0,1,0.0,0,train_split
WC706609,2025-12-20 02:48,crm,0,1,0.0,0,train_split
WC706610,2025-12-20 03:11,crm,0,1,0.0,0,train_split
WC706611,2025-12-20 03:16,crm,0,1,0.0,0,train_split
WC706612,2025-12-20 03:30,crm,0,1,0.0,0,train_split
WC706613,2025-12-20 04:08,crm,0,1,0.0,0,train_split
WC706614,2025-12-20 04:55,crm,0,1,0.0,0,train_split
WC706615,2025-12-20 05:41,crm,0,1,0.0,0,train_split
WC706616,2025-12-20 06:26,crm,0,1,0.0,0,train_split
WC706617,2025-12-20 09:14,crm,0,1,0.0,0,train_split
WC706618,2025-12-20 11:46,crm,0,1,0.0,0,train_split
WC706619,2025-12-20 11:51,crm,0,1,0.0,0,train_split
WC706620,2025-12-20 16:24,crm,0,1,0.0,0,train_split
WC706621,2025-12-20 18:00,crm,0,1,0.0,0,train_split
WC706622,2025-12-20 20:46,crm,0,1,0.0,0,train_split
WC706623,2025-12-20 21:45,crm,0,1,0.0,0,train_split
WC706624,2025-12-20 21:51,crm,0,1,0.0,0,train_split
WC706625,2025-12-20 23:21,crm,0,1,0.0,0,train_split
WC706626,2025-12-20 23:28,crm,0,1,0.0,0,train_split
WC706627,2025-12-20 23:49,crm,0,1,0.0,0,train_split
WC706628,2025-12-21 01:51,crm,0,1,0.0,0,train_split
WC706629,2025-12-21 02:18,crm,0,1,0.0,0,train_split
WC706630,2025-12-21 02:39,crm,0,1,0.0,0,train_split
WC706631,2025-12-21 04:11,crm,0,1,0.0,0,train_split
WC706632,2025-12-21 06:17,crm,0,1,0.0,0,train_split
WC706633,2025-12-21 06:44,crm,0,1,0.0,0,train_split
WC706634,2025-12-21 06:54,crm,0,1,0.0,0,train_split
WC706635,2025-12-21 07:35,crm,0,1,0.0,0,train_split
WC706636,2025-12-21 08:55,crm,0,1,0.0,0,train_split
WC706637,2025-12-21 10:20,crm,0,1,0.0,0,train_split
WC706638,2025-12-21 11:22,crm,0,1,0.0,0,train_split
WC706639,2025-12-21 11:49,crm,0,1,0.0,0,train_split
WC706640,2025-12-21 13:15,crm,0,1,0.0,0,train_split
WC706641,2025-12-21 14:17,crm,0,1,0.0,0,train_split
WC706642,2025-12-21 14:58,crm,0,1,0.0,0,train_split
WC706643,2025-12-21 15:25,crm,0,1,0.0,1,train_split
WC706644,2025-12-21 16:13,crm,1,2,120.0,0,train_split
WC706645,2025-12-21 16:48,crm,1,2,72.0,0,train_split
WC706646,2025-12-21 18:29,crm,1,2,96.0,0,train_split
WC706647,2025-12-21 18:32,crm,0,1,0.0,0,train_split
WC706648,2025-12-21 18:50,crm,0,1,0.0,0,train_split
WC706649,2025-12-21 18:54,crm,0,1,0.0,0,train_split
WC706650,2025-12-21 18:57,crm,0,1,0.0,0,train_split
WC706651,2025-12-21 20:26,crm,0,1,0.0,0,train_split
WC706652,2025-12-21 20:34,crm,0,1,0.0,0,train_split
WC706653,2025-12-21 22:00,crm,0,1,0.0,0,train_split
WC706654,2025-12-21 22:17,crm,0,1,0.0,0,train_split
WC706655,2025-12-21 22:25,crm,0,1,0.0,0,train_split
WC706656,2025-12-21 22:36,crm,0,1,0.0,0,train_split
WC706657,2025-12-21 23:17,crm,0,1,0.0,0,train_split
WC706658,2025-12-22 00:59,crm,1,2,48.0,0,train_split
WC706659,2025-12-22 02:01,crm,0,1,0.0,0,train_split
WC706660,2025-12-22 02:34,crm,0,1,0.0,0,train_split
WC706661,2025-12-22 03:08,crm,0,1,0.0,0,train_split
WC706662,2025-12-22 03:46,crm,0,1,0.0,0,train_split
WC706663,2025-12-22 04:02,crm,0,1,0.0,0,train_split
WC706664,2025-12-22 04:24,crm,0,1,0.0,0,train_split
WC706665,2025-12-22 06:20,crm,0,1,0.0,0,train_split
WC706666,2025-12-22 07:26,crm,0,1,0.0,0,train_split
WC706667,2025-12-22 09:24,crm,0,1,0.0,0,train_split
WC706668,2025-12-22 11:39,crm,1,2,24.0,0,train_split
WC706669,2025-12-22 11:55,crm,0,1,0.0,0,train_split
WC706670,2025-12-22 13:05,crm,0,1,0.0,0,train_split
WC706671,2025-12-22 13:41,crm,0,1,0.0,0,train_split
WC706672,2025-12-22 13:44,crm,0,1,0.0,0,train_split
WC706673,2025-12-22 14:01,crm,0,1,0.0,0,train_split
WC706674,2025-12-22 14:26,crm,0,1,0.0,0,train_split
WC706675,2025-12-22 16:47,crm,0,1,0.0,0,train_split
WC706676,2025-12-22 16:56,crm,0,1,0.0,0,train_split
WC706677,2025-12-22 17:08,crm,0,1,0.0,0,train_split
WC706678,2025-12-22 17:11,crm,0,1,0.0,0,train_split
WC706679,2025-12-22 20:39,crm,1,2,24.0,0,train_split
WC706680,2025-12-22 22:34,crm,0,1,0.0,0,train_split
WC706681,2025-12-23 00:17,crm,0,1,0.0,0,train_split
WC706682,2025-12-23 00:22,crm,1,2,96.0,0,train_split
WC706683,2025-12-23 00:46,crm,0,1,0.0,0,train_split
WC706684,2025-12-23 01:35,crm,0,1,0.0,0,train_split
WC706685,2025-12-23 01:56,crm,0,1,0.0,0,train_split
WC706686,2025-12-23 02:29,crm,0,1,0.0,0,train_split
WC706687,2025-12-23 02:47,crm,0,1,0.0,0,train_split
WC706688,2025-12-23 03:03,crm,0,1,0.0,0,train_split
WC706689,2025-12-23 03:16,crm,0,1,0.0,0,train_split
WC706690,2025-12-23 03:33,crm,0,1,0.0,0,train_split
WC706691,2025-12-23 04:23,crm,0,1,0.0,,train_split
WC706692,2025-12-23 04:52,crm,0,1,0.0,0,train_split
WC706693,2025-12-23 05:10,crm,1,2,120.0,0,train_split
WC706694,2025-12-23 07:08,crm,0,1,0.0,0,train_split
WC706695,2025-12-23 07:18,crm,0,1,0.0,0,train_split
WC706696,2025-12-23 09:09,crm,0,1,0.0,0,train_split
WC706697,2025-12-23 09:49,crm,0,1,0.0,0,train_split
WC706698,2025-12-23 10:31,crm,0,1,0.0,0,train_split
WC706699,2025-12-23 10:40,crm,0,1,0.0,0,train_split
WC706700,2025-12-23 10:45,crm,0,1,0.0,0,train_split
WC706701,2025-12-23 11:31,crm,0,1,0.0,0,train_split
WC706702,2025-12-23 13:14,crm,0,1,0.0,0,train_split
WC706703,2025-12-23 14:50,crm,0,1,0.0,0,train_split
WC706704,2025-12-23 15:01,crm,0,1,0.0,0,train_split
WC706705,2025-12-23 18:44,crm,0,1,0.0,0,train_split
WC706706,2025-12-23 19:31,crm,0,1,0.0,0,train_split
WC706707,2025-12-23 19:38,crm,0,1,0.0,0,train_split
WC706708,2025-12-23 21:31,crm,0,1,0.0,0,train_split
WC706709,2025-12-23 21:38,crm,0,1,0.0,0,train_split
WC706710,2025-12-23 22:01,crm,1,2,24.0,0,train_split
WC706711,2025-12-23 22:22,crm,0,1,0.0,0,train_split
WC706712,2025-12-24 00:00,crm,0,1,0.0,0,train_split
WC706713,2025-12-24 00:32,crm,1,2,72.0,0,train_split
WC706714,2025-12-24 00:40,crm,0,1,0.0,0,train_split
WC706715,2025-12-24 01:47,crm,0,1,0.0,0,train_split
WC706716,2025-12-24 02:23,crm,0,1,0.0,0,train_split
WC706717,2025-12-24 02:34,crm,0,1,0.0,0,train_split
WC706718,2025-12-24 02:48,crm,0,1,0.0,0,train_split
WC706719,2025-12-24 04:19,crm,0,1,0.0,0,train_split
WC706720,2025-12-24 04:25,crm,0,1,0.0,0,train_split
WC706722,2025-12-24 04:42,crm,0,1,0.0,0,train_split
WC706721,2025-12-24 04:42,crm,0,1,0.0,0,train_split
WC706723,2025-12-24 05:06,crm,0,1,0.0,0,train_split
WC706724,2025-12-24 05:08,crm,0,1,0.0,,train_split
WC706725,2025-12-24 05:12,crm,0,1,0.0,0,train_split
WC706726,2025-12-24 05:32,crm,0,1,0.0,0,train_split
WC706727,2025-12-24 09:57,crm,0,1,0.0,0,train_split
WC706728,2025-12-24 10:22,crm,0,1,0.0,0,train_split
WC706729,2025-12-24 10:54,crm,0,1,0.0,0,train_split
WC706730,2025-12-24 11:04,crm,0,1,0.0,0,train_split
WC706731,2025-12-24 11:30,crm,1,2,120.0,0,train_split
WC706732,2025-12-24 13:01,crm,0,1,0.0,0,train_split
WC706733,2025-12-24 13:52,crm,0,1,0.0,0,train_split
WC706734,2025-12-24 14:24,crm,0,1,0.0,0,train_split
WC706735,2025-12-24 14:26,crm,0,1,0.0,0,train_split
WC706736,2025-12-24 17:11,crm,0,1,0.0,0,train_split
WC706737,2025-12-24 17:24,crm,0,1,0.0,0,train_split
WC706738,2025-12-24 18:20,crm,0,1,0.0,0,train_split
WC706739,2025-12-24 18:46,crm,0,1,0.0,0,train_split
WC706740,2025-12-24 19:01,crm,0,1,0.0,0,train_split
WC706741,2025-12-24 20:15,crm,0,1,0.0,0,train_split
WC706742,2025-12-24 23:01,crm,0,1,0.0,1,train_split
WC706743,2025-12-24 23:36,crm,0,1,0.0,0,train_split
WC706744,2025-12-25 01:19,crm,0,1,0.0,0,train_split
WC706745,2025-12-25 03:30,crm,0,1,0.0,0,train_split
WC706746,2025-12-25 03:34,crm,0,1,0.0,0,train_split
WC706747,2025-12-25 04:01,crm,0,1,0.0,0,train_split
WC706748,2025-12-25 04:20,crm,0,1,0.0,0,train_split
WC706749,2025-12-25 06:04,crm,0,1,0.0,0,train_split
WC706750,2025-12-25 10:33,crm,0,1,0.0,0,train_split
WC706751,2025-12-25 11:46,crm,0,1,0.0,0,train_split
WC706752,2025-12-25 12:20,crm,1,2,48.0,0,train_split
WC706753,2025-12-25 12:41,crm,1,2,120.0,0,train_split
WC706754,2025-12-25 12:46,crm,0,1,0.0,0,train_split
WC706755,2025-12-25 14:06,crm,0,1,0.0,0,train_split
WC706756,2025-12-25 14:43,crm,0,1,0.0,0,train_split
WC706757,2025-12-25 15:30,crm,0,1,0.0,0,train_split
WC706758,2025-12-25 15:32,crm,0,1,0.0,0,train_split
WC706759,2025-12-25 15:49,crm,0,1,0.0,0,train_split
WC706760,2025-12-25 16:11,crm,0,1,0.0,0,train_split
WC706761,2025-12-25 17:33,crm,0,1,0.0,0,train_split
WC706762,2025-12-25 18:12,crm,0,1,0.0,1,train_split
WC706763,2025-12-25 18:20,crm,0,1,0.0,0,train_split
WC706764,2025-12-25 19:24,crm,0,1,0.0,0,train_split
WC706765,2025-12-25 21:04,crm,0,1,0.0,0,train_split
WC706766,2025-12-25 21:13,crm,0,1,0.0,0,train_split
WC706767,2025-12-25 23:22,crm,0,1,0.0,0,train_split
WC706768,2025-12-25 23:27,crm,0,1,0.0,0,train_split
WC706769,2025-12-26 00:01,crm,0,1,0.0,0,train_split
WC706770,2025-12-26 00:20,crm,0,1,0.0,0,train_split
WC706771,2025-12-26 01:37,crm,0,1,0.0,,train_split
WC706772,2025-12-26 02:30,crm,0,1,0.0,0,train_split
WC706773,2025-12-26 02:43,crm,0,1,0.0,0,train_split
WC706774,2025-12-26 03:17,crm,0,1,0.0,0,train_split
WC706775,2025-12-26 05:40,crm,0,1,0.0,0,train_split
WC706776,2025-12-26 06:00,crm,0,1,0.0,0,train_split
WC706777,2025-12-26 06:23,crm,0,1,0.0,0,train_split
WC706778,2025-12-26 09:01,crm,0,1,0.0,0,train_split
WC706779,2025-12-26 11:22,crm,0,1,0.0,0,train_split
WC706780,2025-12-26 13:27,crm,0,1,0.0,0,train_split
WC706781,2025-12-26 14:06,crm,0,1,0.0,0,train_split
WC706782,2025-12-26 14:52,crm,0,1,0.0,0,train_split
WC706783,2025-12-26 15:11,crm,0,1,0.0,0,train_split
WC706784,2025-12-26 15:55,crm,0,1,0.0,0,train_split
WC706785,2025-12-26 15:59,crm,0,1,0.0,0,train_split
WC706786,2025-12-26 18:30,crm,0,1,0.0,0,train_split
WC706787,2025-12-26 19:20,crm,0,1,0.0,0,train_split
WC706788,2025-12-26 20:23,crm,0,1,0.0,0,train_split
WC706789,2025-12-26 21:49,crm,0,1,0.0,0,train_split
WC706790,2025-12-26 22:02,crm,0,1,0.0,0,train_split
WC706791,2025-12-27 01:54,crm,0,1,0.0,0,train_split
WC706792,2025-12-27 02:46,crm,0,1,0.0,0,train_split
WC706793,2025-12-27 02:48,crm,0,1,0.0,0,train_split
WC706794,2025-12-27 04:13,crm,0,1,0.0,0,train_split
WC706795,2025-12-27 05:17,crm,0,1,0.0,0,train_split
WC706796,2025-12-27 06:29,crm,1,2,96.0,0,train_split
WC706797,2025-12-27 06:37,crm,0,1,0.0,0,train_split
WC706798,2025-12-27 07:00,crm,0,1,0.0,0,train_split
WC706799,2025-12-27 09:06,crm,0,1,0.0,0,train_split
WC706800,2025-12-27 09:17,crm,0,1,0.0,0,train_split
WC706801,2025-12-27 10:29,crm,0,1,0.0,0,train_split
WC706802,2025-12-27 10:56,crm,0,1,0.0,0,train_split
WC706803,2025-12-27 11:01,crm,0,1,0.0,0,train_split
WC706804,2025-12-27 11:04,crm,0,1,0.0,0,train_split
WC706805,2025-12-27 13:07,crm,0,1,0.0,0,train_split
WC706806,2025-12-27 13:51,crm,0,1,0.0,0,train_split
WC706807,2025-12-27 16:14,crm,0,1,0.0,0,train_split
WC706808,2025-12-27 17:32,crm,0,1,0.0,0,train_split
WC706809,2025-12-27 18:09,crm,0,1,0.0,0,train_split
WC706810,2025-12-27 22:25,crm,0,1,0.0,0,train_split
WC706811,2025-12-27 23:52,crm,0,1,0.0,0,train_split
WC706812,2025-12-28 00:13,crm,0,1,0.0,0,train_split
WC706813,2025-12-28 01:07,crm,0,1,0.0,0,train_split
WC706814,2025-12-28 01:47,crm,0,1,0.0,0,train_split
WC706815,2025-12-28 02:32,crm,0,1,0.0,0,train_split
WC706816,2025-12-28 02:40,crm,0,1,0.0,0,train_split
WC706817,2025-12-28 03:26,crm,0,1,0.0,0,train_split
WC706818,2025-12-28 03:28,crm,0,1,0.0,0,train_split
WC706819,2025-12-28 04:14,crm,0,1,0.0,0,train_split
WC706820,2025-12-28 05:06,crm,0,1,0.0,0,train_split
WC706821,2025-12-28 06:17,crm,0,1,0.0,0,train_split
WC706822,2025-12-28 08:22,crm,0,1,0.0,0,train_split
WC706823,2025-12-28 10:01,crm,0,1,0.0,0,train_split
WC706824,2025-12-28 10:08,crm,0,1,0.0,0,train_split
WC706825,2025-12-28 10:15,crm,0,1,0.0,0,train_split
WC706826,2025-12-28 10:32,crm,0,1,0.0,0,train_split
WC706827,2025-12-28 11:31,crm,0,1,0.0,0,train_split
WC706828,2025-12-28 13:03,crm,0,1,0.0,0,train_split
WC706829,2025-12-28 13:16,crm,0,1,0.0,0,train_split
WC706830,2025-12-28 13:45,crm,0,1,0.0,0,train_split
WC706831,2025-12-28 14:04,crm,0,1,0.0,0,train_split
WC706832,2025-12-28 16:26,crm,0,1,0.0,0,train_split
WC706833,2025-12-28 16:31,crm,0,1,0.0,0,train_split
WC706834,2025-12-28 17:55,crm,0,1,0.0,0,train_split
WC706835,2025-12-28 18:18,crm,0,1,0.0,0,train_split
WC706836,2025-12-28 18:23,crm,0,1,0.0,0,train_split
WC706837,2025-12-28 18:34,crm,0,1,0.0,0,train_split
WC706838,2025-12-28 21:10,crm,0,1,0.0,0,train_split
WC706839,2025-12-28 22:42,crm,0,1,0.0,0,train_split
WC706840,2025-12-28 23:18,crm,0,1,0.0,0,train_split
WC706841,2025-12-28 23:19,crm,0,1,0.0,0,train_split
WC706842,2025-12-28 23:52,crm,0,1,0.0,0,train_split
WC706843,2025-12-29 00:13,crm,0,1,0.0,0,train_split
WC706844,2025-12-29 01:44,crm,0,1,0.0,0,train_split
WC706845,2025-12-29 01:58,crm,0,1,0.0,0,train_split
WC706846,2025-12-29 02:26,crm,0,1,0.0,0,train_split
WC706847,2025-12-29 02:34,crm,0,1,0.0,0,train_split
WC706848,2025-12-29 03:28,crm,0,1,0.0,0,train_split
WC706849,2025-12-29 04:13,crm,0,1,0.0,0,train_split
WC706850,2025-12-29 05:39,crm,0,1,0.0,0,train_split
WC706851,2025-12-29 07:30,crm,0,1,0.0,0,train_split
WC706852,2025-12-29 09:31,crm,0,1,0.0,0,train_split
WC706853,2025-12-29 10:43,crm,0,1,0.0,0,train_split
WC706854,2025-12-29 11:18,crm,0,1,0.0,0,train_split
WC706855,2025-12-29 11:33,crm,0,1,0.0,0,train_split
WC706856,2025-12-29 13:22,crm,0,1,0.0,0,train_split
WC706857,2025-12-29 17:26,crm,0,1,0.0,0,train_split
WC706858,2025-12-29 17:34,crm,0,1,0.0,0,train_split
WC706859,2025-12-29 18:50,crm,0,1,0.0,0,train_split
WC706860,2025-12-29 18:57,crm,0,1,0.0,0,train_split
WC706861,2025-12-29 19:21,crm,0,1,0.0,0,train_split
WC706862,2025-12-29 20:34,crm,0,1,0.0,0,train_split
WC706863,2025-12-29 22:04,crm,0,1,0.0,0,train_split
WC706864,2025-12-29 23:55,crm,0,1,0.0,0,train_split
WC706865,2025-12-30 00:32,crm,0,1,0.0,0,train_split
WC706866,2025-12-30 01:11,crm,0,1,0.0,0,train_split
WC706867,2025-12-30 01:57,crm,0,1,0.0,0,train_split
WC706868,2025-12-30 02:23,crm,0,1,0.0,0,train_split
WC706869,2025-12-30 02:57,crm,0,1,0.0,0,train_split
WC706870,2025-12-30 03:01,crm,0,1,0.0,0,train_split
WC706871,2025-12-30 03:12,crm,0,1,0.0,0,train_split
WC706872,2025-12-30 03:14,crm,0,1,0.0,0,train_split
WC706873,2025-12-30 04:05,crm,0,1,0.0,0,train_split
WC706874,2025-12-30 04:50,crm,0,1,0.0,0,train_split
WC706875,2025-12-30 05:32,crm,0,1,0.0,0,train_split
WC706876,2025-12-30 07:59,crm,0,1,0.0,0,train_split
WC706877,2025-12-30 08:10,crm,0,1,0.0,0,train_split
WC706878,2025-12-30 08:13,crm,0,1,0.0,0,train_split
WC706879,2025-12-30 08:42,crm,0,1,0.0,0,train_split
WC706880,2025-12-30 10:25,crm,0,1,0.0,0,train_split
WC706881,2025-12-30 10:39,crm,0,1,0.0,0,train_split
WC706882,2025-12-30 11:04,crm,0,1,0.0,0,train_split
WC706883,2025-12-30 11:59,crm,0,1,0.0,0,train_split
WC706884,2025-12-30 12:01,crm,0,1,0.0,0,train_split
WC706885,2025-12-30 13:12,crm,0,1,0.0,0,train_split
WC706886,2025-12-30 13:27,crm,0,1,0.0,0,train_split
WC706887,2025-12-30 13:48,crm,0,1,0.0,0,train_split
WC706888,2025-12-30 14:33,crm,0,1,0.0,0,train_split
WC706889,2025-12-30 14:52,crm,0,1,0.0,0,train_split
WC706890,2025-12-30 16:26,crm,0,1,0.0,,train_split
WC706891,2025-12-30 17:54,crm,0,1,0.0,0,train_split
WC706892,2025-12-30 17:59,crm,0,1,0.0,,train_split
WC706893,2025-12-30 18:41,crm,0,1,0.0,0,train_split
WC706894,2025-12-30 18:44,crm,0,1,0.0,0,train_split
WC706895,2025-12-30 21:13,crm,0,1,0.0,0,train_split
WC706896,2025-12-30 21:20,crm,0,1,0.0,0,train_split
WC706897,2025-12-30 21:49,crm,0,1,0.0,0,train_split
WC706898,2025-12-30 22:33,crm,0,1,0.0,0,train_split
WC706899,2025-12-30 22:36,crm,0,1,0.0,0,train_split
WC706900,2025-12-30 22:53,crm,1,2,24.0,0,train_split
WC706901,2025-12-30 23:41,crm,0,1,0.0,0,train_split
WC706902,2025-12-31 01:10,crm,0,1,0.0,0,train_split
WC706903,2025-12-31 01:31,crm,0,1,0.0,0,train_split
WC706904,2025-12-31 01:31,crm,0,1,0.0,0,train_split
WC706905,2025-12-31 01:51,crm,0,1,0.0,0,train_split
WC706906,2025-12-31 04:08,crm,0,1,0.0,0,train_split
WC706907,2025-12-31 06:32,crm,0,1,0.0,0,train_split
WC706908,2025-12-31 06:56,crm,0,1,0.0,0,train_split
WC706909,2025-12-31 07:04,crm,0,1,0.0,0,train_split
WC706910,2025-12-31 10:30,crm,0,1,0.0,0,train_split
WC706911,2025-12-31 10:51,crm,0,1,0.0,0,train_split
WC706912,2025-12-31 13:30,crm,0,1,0.0,0,train_split
WC706913,2025-12-31 16:56,crm,0,1,0.0,0,train_split
WC706914,2025-12-31 17:24,crm,1,2,120.0,0,train_split
WC706915,2025-12-31 17:53,crm,0,1,0.0,0,train_split
WC706916,2025-12-31 17:58,crm,0,1,0.0,0,train_split
WC706917,2025-12-31 18:02,crm,0,1,0.0,0,train_split
WC706918,2025-12-31 18:43,crm,0,1,0.0,0,train_split
WC706919,2025-12-31 19:00,crm,0,1,0.0,0,train_split
WC706920,2025-12-31 19:48,crm,1,2,72.0,0,train_split
WC706921,2025-12-31 21:39,crm,0,1,0.0,0,train_split
WC706922,2025-12-31 22:38,crm,0,1,0.0,,train_split
WC706923,2025-12-31 23:33,crm,0,1,0.0,0,train_split
WC706924,2026-01-01 00:22,crm,0,1,0.0,0,train_split
WC706925,2026-01-01 00:24,crm,0,1,0.0,0,train_split
WC706926,2026-01-01 00:40,crm,0,1,0.0,0,train_split
WC706927,2026-01-01 01:51,crm,1,2,120.0,0,train_split
WC706928,2026-01-01 04:22,crm,1,2,24.0,0,train_split
WC706929,2026-01-01 04:48,crm,0,1,0.0,0,train_split
WC706930,2026-01-01 06:34,crm,0,1,0.0,0,train_split
WC706931,2026-01-01 06:53,crm,0,1,0.0,0,train_split
WC706932,2026-01-01 07:22,crm,0,1,0.0,0,train_split
WC706933,2026-01-01 08:07,crm,0,1,0.0,0,train_split
WC706934,2026-01-01 08:46,crm,0,1,0.0,0,train_split
WC706935,2026-01-01 09:17,crm,0,1,0.0,0,train_split
WC706936,2026-01-01 09:23,crm,0,1,0.0,0,train_split
WC706937,2026-01-01 09:35,crm,0,1,0.0,,train_split
WC706938,2026-01-01 09:43,crm,0,1,0.0,0,train_split
WC706939,2026-01-01 10:23,crm,0,1,0.0,0,train_split
WC706940,2026-01-01 11:36,crm,0,1,0.0,0,train_split
WC706941,2026-01-01 12:15,crm,0,1,0.0,0,train_split
WC706942,2026-01-01 12:17,crm,0,1,0.0,0,train_split
WC706943,2026-01-01 12:21,crm,0,1,0.0,0,train_split
WC706944,2026-01-01 12:26,crm,0,1,0.0,0,train_split
WC706945,2026-01-01 17:24,crm,0,1,0.0,0,train_split
WC706946,2026-01-01 18:08,crm,0,1,0.0,,train_split
WC706947,2026-01-01 18:21,crm,0,1,0.0,0,train_split
WC706948,2026-01-01 18:22,crm,0,1,0.0,0,train_split
WC706949,2026-01-01 18:46,crm,0,1,0.0,0,train_split
WC706950,2026-01-01 19:01,crm,0,1,0.0,0,train_split
WC706951,2026-01-01 20:12,crm,0,1,0.0,0,train_split
WC706952,2026-01-01 20:52,crm,0,1,0.0,0,train_split
WC706953,2026-01-01 20:54,crm,0,1,0.0,0,train_split
WC706954,2026-01-01 22:25,crm,0,1,0.0,0,train_split
WC706955,2026-01-01 23:07,crm,0,1,0.0,0,train_split
WC706956,2026-01-01 23:29,crm,0,1,0.0,0,train_split
WC706957,2026-01-02 00:00,crm,0,1,0.0,0,train_split
WC706958,2026-01-02 00:05,crm,0,1,0.0,0,train_split
WC706959,2026-01-02 00:19,crm,0,1,0.0,0,train_split
WC706960,2026-01-02 01:05,crm,0,1,0.0,0,train_split
WC706961,2026-01-02 04:20,crm,0,1,0.0,0,train_split
WC706962,2026-01-02 06:13,crm,0,1,0.0,0,train_split
WC706963,2026-01-02 07:28,crm,0,1,0.0,0,train_split
WC706964,2026-01-02 08:28,crm,0,1,0.0,0,train_split
WC706965,2026-01-02 09:05,crm,0,1,0.0,0,train_split
WC706966,2026-01-02 09:19,crm,0,1,0.0,0,train_split
WC706967,2026-01-02 10:06,crm,0,1,0.0,0,train_split
WC706968,2026-01-02 11:38,crm,0,1,0.0,0,train_split
WC706969,2026-01-02 14:20,crm,0,1,0.0,0,train_split
WC706970,2026-01-02 16:04,crm,0,1,0.0,0,train_split
WC706971,2026-01-02 16:17,crm,0,1,0.0,0,train_split
WC706972,2026-01-02 17:00,crm,0,1,0.0,,train_split
WC706973,2026-01-02 20:08,crm,0,1,0.0,0,train_split
WC706974,2026-01-02 22:03,crm,0,1,0.0,0,train_split
WC706975,2026-01-02 22:24,crm,1,2,72.0,0,train_split
WC706976,2026-01-02 22:35,crm,0,1,0.0,0,train_split
WC706977,2026-01-03 00:02,crm,0,1,0.0,0,train_split
WC706978,2026-01-03 01:29,crm,0,1,0.0,0,train_split
WC706979,2026-01-03 04:13,crm,0,1,0.0,0,train_split
WC706980,2026-01-03 05:14,crm,0,1,0.0,0,train_split
WC706981,2026-01-03 05:29,crm,0,1,0.0,0,train_split
WC706982,2026-01-03 06:22,crm,0,1,0.0,0,train_split
WC706983,2026-01-03 10:08,crm,0,1,0.0,0,train_split
WC706984,2026-01-03 10:14,crm,0,1,0.0,0,train_split
WC706985,2026-01-03 10:39,crm,0,1,0.0,0,train_split
WC706986,2026-01-03 11:53,crm,0,1,0.0,0,train_split
WC706987,2026-01-03 12:25,crm,0,1,0.0,0,train_split
WC706988,2026-01-03 12:56,crm,0,1,0.0,0,train_split
WC706989,2026-01-03 13:01,crm,0,1,0.0,0,train_split
WC706990,2026-01-03 13:54,crm,0,1,0.0,0,train_split
WC706991,2026-01-03 14:30,crm,0,1,0.0,0,train_split
WC706992,2026-01-03 15:05,crm,0,1,0.0,0,train_split
WC706993,2026-01-03 15:36,crm,0,1,0.0,0,train_split
WC706994,2026-01-03 15:56,crm,0,1,0.0,0,train_split
WC706995,2026-01-03 16:11,crm,0,1,0.0,0,train_split
WC706996,2026-01-03 16:46,crm,0,1,0.0,0,train_split
WC706997,2026-01-03 17:51,crm,0,1,0.0,0,train_split
WC706998,2026-01-03 18:00,crm,0,1,0.0,0,train_split
WC706999,2026-01-03 18:44,crm,1,2,96.0,0,train_split
WC707000,2026-01-03 18:46,crm,0,1,0.0,0,train_split
WC707001,2026-01-03 19:15,crm,0,1,0.0,0,train_split
WC707002,2026-01-03 20:38,crm,0,1,0.0,0,train_split
WC707003,2026-01-03 22:11,crm,0,1,0.0,0,train_split
WC707004,2026-01-03 22:44,crm,0,1,0.0,0,train_split
WC707005,2026-01-04 00:58,crm,0,1,0.0,0,train_split
WC707006,2026-01-04 01:38,crm,0,1,0.0,0,train_split
WC707007,2026-01-04 02:27,crm,0,1,0.0,0,train_split
WC707008,2026-01-04 04:04,crm,0,1,0.0,0,train_split
WC707009,2026-01-04 04:06,crm,0,1,0.0,0,train_split
WC707010,2026-01-04 04:13,crm,0,1,0.0,0,train_split
WC707011,2026-01-04 04:13,crm,0,1,0.0,0,train_split
WC707012,2026-01-04 04:43,crm,0,1,0.0,0,train_split
WC707013,2026-01-04 05:39,crm,0,1,0.0,0,train_split
WC707014,2026-01-04 06:28,crm,0,1,0.0,0,train_split
WC707015,2026-01-04 07:40,crm,0,1,0.0,0,train_split
WC707016,2026-01-04 11:08,crm,0,1,0.0,0,train_split
WC707017,2026-01-04 11:55,crm,1,2,120.0,0,train_split
WC707018,2026-01-04 14:18,crm,0,1,0.0,0,train_split
WC707019,2026-01-04 14:19,crm,0,1,0.0,0,train_split
WC707020,2026-01-04 14:28,crm,0,1,0.0,0,train_split
WC707021,2026-01-04 15:16,crm,0,1,0.0,0,train_split
WC707022,2026-01-04 17:21,crm,0,1,0.0,0,train_split
WC707023,2026-01-04 17:29,crm,0,1,0.0,0,train_split
WC707024,2026-01-04 17:36,crm,0,1,0.0,,train_split
WC707025,2026-01-04 18:14,crm,0,1,0.0,0,train_split
WC707026,2026-01-04 21:57,crm,0,1,0.0,0,train_split
WC707027,2026-01-04 22:25,crm,1,2,96.0,0,train_split
WC707028,2026-01-04 22:52,crm,0,1,0.0,0,train_split
WC707029,2026-01-04 23:19,crm,0,1,0.0,0,train_split
WC707030,2026-01-05 00:37,crm,0,1,0.0,0,train_split
WC707031,2026-01-05 01:54,crm,0,1,0.0,0,train_split
WC707032,2026-01-05 03:13,crm,1,2,96.0,0,train_split
WC707033,2026-01-05 03:23,crm,0,1,0.0,0,train_split
WC707034,2026-01-05 05:50,crm,0,1,0.0,0,train_split
WC707035,2026-01-05 05:54,crm,0,1,0.0,0,train_split
WC707036,2026-01-05 06:47,crm,0,1,0.0,0,train_split
WC707037,2026-01-05 07:25,crm,0,1,0.0,0,train_split
WC707038,2026-01-05 08:28,crm,0,1,0.0,,train_split
WC707039,2026-01-05 09:46,crm,0,1,0.0,0,train_split
WC707040,2026-01-05 11:04,crm,0,1,0.0,0,train_split
WC707041,2026-01-05 12:27,crm,0,1,0.0,0,train_split
WC707042,2026-01-05 12:34,crm,0,1,0.0,0,train_split
WC707043,2026-01-05 12:51,crm,0,1,0.0,0,train_split
WC707044,2026-01-05 14:26,crm,1,2,24.0,0,train_split
WC707045,2026-01-05 14:51,crm,0,1,0.0,0,train_split
WC707046,2026-01-05 17:01,crm,0,1,0.0,0,train_split
WC707047,2026-01-05 17:31,crm,0,1,0.0,0,train_split
WC707048,2026-01-05 17:41,crm,0,1,0.0,0,train_split
WC707049,2026-01-05 18:23,crm,0,1,0.0,0,train_split
WC707050,2026-01-05 22:03,crm,0,1,0.0,0,train_split
WC707051,2026-01-06 00:38,crm,0,1,0.0,0,train_split
WC707052,2026-01-06 00:52,crm,0,1,0.0,0,train_split
WC707053,2026-01-06 02:46,crm,0,1,0.0,0,train_split
WC707054,2026-01-06 03:15,crm,0,1,0.0,0,train_split
WC707055,2026-01-06 03:41,crm,1,2,72.0,0,train_split
WC707056,2026-01-06 05:44,crm,0,1,0.0,0,train_split
WC707057,2026-01-06 06:10,crm,0,1,0.0,0,train_split
WC707058,2026-01-06 07:22,crm,0,1,0.0,0,train_split
WC707059,2026-01-06 09:08,crm,0,1,0.0,0,train_split
WC707060,2026-01-06 10:16,crm,0,1,0.0,0,train_split
WC707061,2026-01-06 12:36,crm,0,1,0.0,0,train_split
WC707062,2026-01-06 13:09,crm,0,1,0.0,0,train_split
WC707063,2026-01-06 14:18,crm,0,1,0.0,0,train_split
WC707064,2026-01-06 14:35,crm,1,2,24.0,0,train_split
WC707065,2026-01-06 14:59,crm,0,1,0.0,0,train_split
WC707066,2026-01-06 16:49,crm,0,1,0.0,,train_split
WC707067,2026-01-06 16:56,crm,0,1,0.0,0,train_split
WC707068,2026-01-06 18:08,crm,0,1,0.0,0,train_split
WC707069,2026-01-06 18:57,crm,0,1,0.0,0,train_split
WC707070,2026-01-06 20:06,crm,0,1,0.0,,train_split
WC707071,2026-01-06 20:13,crm,0,1,0.0,0,train_split
WC707072,2026-01-06 20:46,crm,0,1,0.0,0,train_split
WC707073,2026-01-06 21:42,crm,0,1,0.0,0,train_split
WC707074,2026-01-06 23:27,crm,0,1,0.0,0,train_split
WC707075,2026-01-07 00:05,crm,0,1,0.0,0,train_split
WC707076,2026-01-07 00:38,crm,0,1,0.0,0,train_split
WC707077,2026-01-07 00:55,crm,0,1,0.0,0,train_split
WC707078,2026-01-07 01:13,crm,0,1,0.0,0,train_split
WC707079,2026-01-07 01:25,crm,0,1,0.0,0,train_split
WC707080,2026-01-07 03:16,crm,0,1,0.0,0,train_split
WC707081,2026-01-07 03:21,crm,0,1,0.0,0,train_split
WC707082,2026-01-07 05:06,crm,0,1,0.0,0,train_split
WC707083,2026-01-07 05:11,crm,0,1,0.0,0,train_split
WC707084,2026-01-07 05:14,crm,0,1,0.0,0,train_split
WC707085,2026-01-07 05:18,crm,0,1,0.0,1,train_split
WC707086,2026-01-07 06:48,crm,0,1,0.0,0,train_split
WC707087,2026-01-07 07:16,crm,0,1,0.0,0,train_split
WC707088,2026-01-07 07:59,crm,0,1,0.0,0,train_split
WC707089,2026-01-07 08:18,crm,0,1,0.0,0,train_split
WC707090,2026-01-07 08:35,crm,0,1,0.0,0,train_split
WC707091,2026-01-07 08:55,crm,0,1,0.0,0,train_split
WC707092,2026-01-07 10:25,crm,0,1,0.0,0,train_split
WC707093,2026-01-07 10:35,crm,0,1,0.0,0,train_split
WC707094,2026-01-07 12:51,crm,0,1,0.0,0,train_split
WC707095,2026-01-07 13:26,crm,0,1,0.0,0,train_split
WC707096,2026-01-07 14:07,crm,0,1,0.0,0,train_split
WC707097,2026-01-07 15:01,crm,0,1,0.0,0,train_split
WC707098,2026-01-07 15:39,crm,0,1,0.0,0,train_split
WC707099,2026-01-07 15:49,crm,0,1,0.0,0,train_split
WC707100,2026-01-07 19:08,crm,0,1,0.0,0,train_split
WC707101,2026-01-07 19:37,crm,0,1,0.0,0,train_split
WC707102,2026-01-07 19:45,crm,0,1,0.0,0,train_split
WC707103,2026-01-07 20:43,crm,0,1,0.0,0,train_split
WC707104,2026-01-07 20:48,crm,0,1,0.0,0,train_split
WC707105,2026-01-07 21:37,crm,0,1,0.0,0,train_split
WC707106,2026-01-07 22:57,crm,0,1,0.0,0,train_split
WC707107,2026-01-07 23:29,crm,0,1,0.0,0,train_split
WC707108,2026-01-07 23:52,crm,0,1,0.0,0,train_split
WC707109,2026-01-08 00:09,crm,0,1,0.0,0,train_split
WC707110,2026-01-08 00:25,crm,0,1,0.0,0,train_split
WC707111,2026-01-08 00:40,crm,1,2,48.0,0,train_split
WC707112,2026-01-08 01:08,crm,0,1,0.0,0,train_split
WC707113,2026-01-08 03:15,crm,0,1,0.0,0,train_split
WC707114,2026-01-08 04:29,crm,0,1,0.0,0,train_split
WC707115,2026-01-08 05:13,crm,0,1,0.0,0,train_split
WC707116,2026-01-08 09:13,crm,0,1,0.0,0,train_split
WC707117,2026-01-08 09:47,crm,0,1,0.0,0,train_split
WC707118,2026-01-08 10:33,crm,0,1,0.0,0,train_split
WC707119,2026-01-08 11:30,crm,0,1,0.0,0,train_split
WC707120,2026-01-08 13:26,crm,0,1,0.0,0,train_split
WC707121,2026-01-08 15:09,crm,0,1,0.0,0,train_split
WC707122,2026-01-08 19:46,crm,0,1,0.0,0,train_split
WC707123,2026-01-08 20:05,crm,0,1,0.0,,train_split
WC707124,2026-01-08 20:15,crm,0,1,0.0,0,train_split
WC707125,2026-01-08 20:35,crm,0,1,0.0,0,train_split
WC707126,2026-01-08 21:07,crm,0,1,0.0,0,train_split
WC707127,2026-01-08 21:12,crm,0,1,0.0,0,train_split
WC707128,2026-01-08 21:37,crm,0,1,0.0,0,train_split
WC707129,2026-01-08 22:48,crm,0,1,0.0,0,train_split
WC707130,2026-01-08 23:06,crm,0,1,0.0,0,train_split
WC707131,2026-01-09 01:07,crm,0,1,0.0,0,train_split
WC707132,2026-01-09 02:07,crm,0,1,0.0,0,train_split
WC707133,2026-01-09 03:41,crm,0,1,0.0,0,train_split
WC707134,2026-01-09 04:29,crm,0,1,0.0,0,train_split
WC707135,2026-01-09 07:18,crm,0,1,0.0,0,train_split
WC707136,2026-01-09 07:33,crm,0,1,0.0,0,train_split
WC707137,2026-01-09 09:25,crm,0,1,0.0,,train_split
WC707138,2026-01-09 10:35,crm,0,1,0.0,0,train_split
WC707139,2026-01-09 11:51,crm,0,1,0.0,0,train_split
WC707140,2026-01-09 12:52,crm,0,1,0.0,0,train_split
WC707141,2026-01-09 14:05,crm,0,1,0.0,0,train_split
WC707142,2026-01-09 14:23,crm,0,1,0.0,0,train_split
WC707143,2026-01-09 14:40,crm,0,1,0.0,0,train_split
WC707144,2026-01-09 16:41,crm,0,1,0.0,0,train_split
WC707145,2026-01-09 17:10,crm,0,1,0.0,0,train_split
WC707146,2026-01-09 17:11,crm,0,1,0.0,0,train_split
WC707147,2026-01-09 18:20,crm,0,1,0.0,0,train_split
WC707148,2026-01-09 19:05,crm,0,1,0.0,0,train_split
WC707149,2026-01-09 20:15,crm,0,1,0.0,0,train_split
WC707150,2026-01-09 22:12,crm,0,1,0.0,,train_split
WC707151,2026-01-09 23:31,crm,0,1,0.0,0,train_split
WC707152,2026-01-10 01:50,crm,0,1,0.0,0,train_split
WC707153,2026-01-10 03:01,crm,0,1,0.0,0,train_split
WC707154,2026-01-10 03:37,crm,0,1,0.0,0,train_split
WC707155,2026-01-10 04:47,crm,0,1,0.0,0,train_split
WC707156,2026-01-10 04:51,crm,0,1,0.0,0,train_split
WC707157,2026-01-10 05:01,crm,0,1,0.0,0,train_split
WC707158,2026-01-10 05:30,crm,0,1,0.0,0,train_split
WC707159,2026-01-10 10:42,crm,0,1,0.0,0,train_split
WC707160,2026-01-10 11:28,crm,0,1,0.0,0,train_split
WC707161,2026-01-10 11:41,crm,0,1,0.0,0,train_split
WC707162,2026-01-10 11:42,crm,0,1,0.0,0,train_split
WC707163,2026-01-10 11:45,crm,0,1,0.0,0,train_split
WC707164,2026-01-10 12:28,crm,0,1,0.0,0,train_split
WC707165,2026-01-10 13:05,crm,0,1,0.0,,train_split
WC707166,2026-01-10 13:59,crm,0,1,0.0,0,train_split
WC707167,2026-01-10 14:46,crm,0,1,0.0,0,train_split
WC707168,2026-01-10 18:13,crm,0,1,0.0,0,train_split
WC707169,2026-01-10 18:47,crm,0,1,0.0,0,train_split
WC707170,2026-01-10 21:28,crm,0,1,0.0,0,train_split
WC707171,2026-01-10 21:32,crm,0,1,0.0,0,train_split
WC707172,2026-01-10 21:41,crm,0,1,0.0,0,train_split
WC707173,2026-01-10 22:04,crm,1,2,48.0,0,train_split
WC707174,2026-01-10 23:00,crm,0,1,0.0,,train_split
WC707175,2026-01-10 23:44,crm,0,1,0.0,0,train_split
WC707176,2026-01-11 00:00,crm,0,1,0.0,0,train_split
WC707177,2026-01-11 00:31,crm,0,1,0.0,0,train_split
WC707178,2026-01-11 00:56,crm,0,1,0.0,0,train_split
WC707179,2026-01-11 01:33,crm,0,1,0.0,0,train_split
WC707180,2026-01-11 01:34,crm,0,1,0.0,0,train_split
WC707181,2026-01-11 01:47,crm,0,1,0.0,0,train_split
WC707182,2026-01-11 02:10,crm,0,1,0.0,1,train_split
WC707183,2026-01-11 02:25,crm,0,1,0.0,0,train_split
WC707184,2026-01-11 05:51,crm,0,1,0.0,0,train_split
WC707185,2026-01-11 06:25,crm,0,1,0.0,0,train_split
WC707186,2026-01-11 06:48,crm,0,1,0.0,,train_split
WC707187,2026-01-11 06:49,crm,0,1,0.0,0,train_split
WC707188,2026-01-11 08:00,crm,0,1,0.0,0,train_split
WC707189,2026-01-11 08:55,crm,0,1,0.0,0,train_split
WC707190,2026-01-11 08:58,crm,0,1,0.0,1,train_split
WC707191,2026-01-11 09:07,crm,0,1,0.0,0,train_split
WC707192,2026-01-11 09:57,crm,0,1,0.0,0,train_split
WC707193,2026-01-11 10:50,crm,0,1,0.0,0,train_split
WC707194,2026-01-11 11:00,crm,0,1,0.0,0,train_split
WC707195,2026-01-11 11:33,crm,1,2,72.0,0,train_split
WC707196,2026-01-11 14:25,crm,0,1,0.0,0,train_split
WC707197,2026-01-11 16:56,crm,0,1,0.0,0,train_split
WC707198,2026-01-11 20:25,crm,0,1,0.0,0,train_split
WC707199,2026-01-11 21:00,crm,0,1,0.0,0,train_split
WC707200,2026-01-11 22:03,crm,0,1,0.0,0,train_split
WC707201,2026-01-12 03:31,crm,0,1,0.0,0,train_split
WC707202,2026-01-12 03:56,crm,0,1,0.0,0,train_split
WC707203,2026-01-12 04:05,crm,0,1,0.0,0,train_split
WC707204,2026-01-12 05:07,crm,0,1,0.0,0,train_split
WC707205,2026-01-12 05:48,crm,0,1,0.0,0,train_split
WC707206,2026-01-12 06:40,crm,1,2,120.0,,train_split
WC707207,2026-01-12 09:15,crm,0,1,0.0,0,train_split
WC707208,2026-01-12 09:31,crm,0,1,0.0,0,train_split
WC707209,2026-01-12 09:56,crm,0,1,0.0,0,train_split
WC707210,2026-01-12 10:44,crm,0,1,0.0,0,train_split
WC707211,2026-01-12 11:01,crm,0,1,0.0,0,train_split
WC707212,2026-01-12 11:47,crm,0,1,0.0,0,train_split
WC707213,2026-01-12 13:18,crm,0,1,0.0,0,train_split
WC707214,2026-01-12 14:01,crm,0,1,0.0,0,train_split
WC707215,2026-01-12 14:35,crm,0,1,0.0,0,train_split
WC707216,2026-01-12 16:38,crm,0,1,0.0,0,train_split
WC707217,2026-01-12 17:51,crm,0,1,0.0,0,train_split
WC707218,2026-01-12 19:14,crm,0,1,0.0,0,train_split
WC707219,2026-01-12 19:21,crm,0,1,0.0,0,train_split
WC707220,2026-01-12 19:25,crm,0,1,0.0,0,train_split
WC707221,2026-01-12 19:38,crm,0,1,0.0,0,train_split
WC707222,2026-01-12 21:08,crm,0,1,0.0,0,train_split
WC707223,2026-01-12 21:25,crm,0,1,0.0,0,train_split
WC707224,2026-01-12 21:44,crm,0,1,0.0,0,train_split
WC707225,2026-01-12 22:43,crm,0,1,0.0,1,train_split
WC707226,2026-01-13 01:29,crm,0,1,0.0,0,train_split
WC707227,2026-01-13 02:11,crm,0,1,0.0,0,train_split
WC707228,2026-01-13 04:11,crm,0,1,0.0,0,train_split
WC707229,2026-01-13 04:43,crm,0,1,0.0,0,train_split
WC707230,2026-01-13 06:18,crm,0,1,0.0,0,train_split
WC707231,2026-01-13 06:34,crm,0,1,0.0,0,train_split
WC707232,2026-01-13 07:09,crm,0,1,0.0,0,train_split
WC707233,2026-01-13 07:21,crm,0,1,0.0,0,train_split
WC707234,2026-01-13 08:54,crm,0,1,0.0,0,train_split
WC707235,2026-01-13 10:34,crm,0,1,0.0,0,train_split
WC707236,2026-01-13 10:38,crm,0,1,0.0,0,train_split
WC707237,2026-01-13 10:44,crm,0,1,0.0,0,train_split
WC707238,2026-01-13 15:11,crm,0,1,0.0,0,train_split
WC707239,2026-01-13 16:05,crm,0,1,0.0,0,train_split
WC707240,2026-01-13 16:21,crm,0,1,0.0,0,train_split
WC707241,2026-01-13 16:43,crm,0,1,0.0,0,train_split
WC707242,2026-01-13 19:32,crm,0,1,0.0,0,train_split
WC707243,2026-01-13 19:51,crm,0,1,0.0,0,train_split
WC707244,2026-01-13 20:17,crm,0,1,0.0,0,train_split
WC707245,2026-01-13 20:19,crm,0,1,0.0,0,train_split
WC707246,2026-01-13 21:37,crm,0,1,0.0,0,train_split
WC707247,2026-01-13 21:57,crm,0,1,0.0,0,train_split
WC707248,2026-01-14 00:36,crm,1,2,48.0,0,train_split
WC707249,2026-01-14 01:04,crm,0,1,0.0,0,train_split
WC707250,2026-01-14 01:10,crm,0,1,0.0,0,train_split
WC707251,2026-01-14 01:27,crm,0,1,0.0,0,train_split
WC707252,2026-01-14 02:58,crm,0,1,0.0,0,train_split
WC707253,2026-01-14 04:11,crm,0,1,0.0,0,train_split
WC707254,2026-01-14 04:42,crm,0,1,0.0,0,train_split
WC707255,2026-01-14 04:58,crm,0,1,0.0,0,train_split
WC707256,2026-01-14 07:57,crm,0,1,0.0,0,train_split
WC707257,2026-01-14 08:24,crm,0,1,0.0,0,train_split
WC707258,2026-01-14 08:31,crm,0,1,0.0,0,train_split
WC707259,2026-01-14 10:27,crm,0,1,0.0,0,train_split
WC707260,2026-01-14 12:29,crm,0,1,0.0,0,train_split
WC707261,2026-01-14 13:19,crm,0,1,0.0,0,train_split
WC707262,2026-01-14 13:34,crm,0,1,0.0,0,train_split
WC707263,2026-01-14 15:15,crm,0,1,0.0,0,train_split
WC707264,2026-01-14 15:58,crm,0,1,0.0,0,train_split
WC707265,2026-01-14 17:30,crm,0,1,0.0,0,train_split
WC707266,2026-01-14 17:53,crm,0,1,0.0,0,train_split
WC707267,2026-01-14 18:01,crm,0,1,0.0,0,train_split
WC707268,2026-01-14 18:48,crm,1,2,96.0,0,train_split
WC707269,2026-01-14 20:51,crm,0,1,0.0,0,train_split
WC707270,2026-01-14 21:27,crm,0,1,0.0,0,train_split
WC707271,2026-01-14 21:47,crm,0,1,0.0,0,train_split
WC707272,2026-01-14 23:10,crm,0,1,0.0,0,train_split
WC707273,2026-01-15 00:14,crm,1,2,120.0,0,train_split
WC707274,2026-01-15 05:44,crm,0,1,0.0,0,train_split
WC707275,2026-01-15 05:48,crm,0,1,0.0,0,train_split
WC707276,2026-01-15 06:48,crm,0,1,0.0,0,train_split
WC707277,2026-01-15 07:01,crm,0,1,0.0,0,train_split
WC707278,2026-01-15 08:26,crm,0,1,0.0,0,train_split
WC707279,2026-01-15 11:04,crm,0,1,0.0,0,train_split
WC707280,2026-01-15 13:34,crm,0,1,0.0,0,train_split
WC707281,2026-01-15 15:15,crm,0,1,0.0,0,train_split
WC707282,2026-01-15 15:36,crm,0,1,0.0,0,train_split
WC707283,2026-01-15 15:45,crm,0,1,0.0,0,train_split
WC707284,2026-01-15 19:11,crm,0,1,0.0,1,train_split
WC707285,2026-01-15 19:29,crm,0,1,0.0,0,train_split
WC707286,2026-01-15 20:39,crm,0,1,0.0,0,train_split
WC707287,2026-01-15 21:00,crm,0,1,0.0,0,train_split
WC707288,2026-01-15 21:27,crm,0,1,0.0,0,train_split
WC707289,2026-01-15 21:30,crm,1,2,48.0,0,train_split
WC707290,2026-01-15 21:45,crm,0,1,0.0,0,train_split
WC707291,2026-01-15 23:39,crm,0,1,0.0,0,train_split
WC707292,2026-01-16 00:15,crm,0,1,0.0,0,train_split
WC707293,2026-01-16 01:12,crm,0,1,0.0,0,train_split
WC707294,2026-01-16 02:11,crm,0,1,0.0,,train_split
WC707295,2026-01-16 03:18,crm,0,1,0.0,0,train_split
WC707296,2026-01-16 04:40,crm,0,1,0.0,0,train_split
WC707297,2026-01-16 05:32,crm,0,1,0.0,0,train_split
WC707298,2026-01-16 05:44,crm,0,1,0.0,0,train_split
WC707299,2026-01-16 05:55,crm,0,1,0.0,0,train_split
WC707300,2026-01-16 06:08,crm,1,2,24.0,0,train_split
WC707301,2026-01-16 06:08,crm,0,1,0.0,0,train_split
WC707302,2026-01-16 06:20,crm,0,1,0.0,0,train_split
WC707303,2026-01-16 10:39,crm,1,2,96.0,0,train_split
WC707304,2026-01-16 10:42,crm,0,1,0.0,0,train_split
WC707305,2026-01-16 11:25,crm,0,1,0.0,0,train_split
WC707306,2026-01-16 12:27,crm,0,1,0.0,0,train_split
WC707307,2026-01-16 12:51,crm,0,1,0.0,0,train_split
WC707308,2026-01-16 12:57,crm,0,1,0.0,0,train_split
WC707309,2026-01-16 20:19,crm,0,1,0.0,0,train_split
WC707310,2026-01-16 22:10,crm,1,2,48.0,0,train_split
WC707311,2026-01-16 22:24,crm,0,1,0.0,0,train_split
WC707312,2026-01-17 00:27,crm,0,1,0.0,0,train_split
WC707313,2026-01-17 00:35,crm,0,1,0.0,0,train_split
WC707314,2026-01-17 01:08,crm,0,1,0.0,0,train_split
WC707315,2026-01-17 01:44,crm,0,1,0.0,0,train_split
WC707316,2026-01-17 03:35,crm,0,1,0.0,0,train_split
WC707317,2026-01-17 06:19,crm,0,1,0.0,0,train_split
WC707318,2026-01-17 06:48,crm,0,1,0.0,0,train_split
WC707319,2026-01-17 08:09,crm,0,1,0.0,0,train_split
WC707320,2026-01-17 08:41,crm,0,1,0.0,0,train_split
WC707321,2026-01-17 08:47,crm,0,1,0.0,0,train_split
WC707322,2026-01-17 08:57,crm,0,1,0.0,0,train_split
WC707323,2026-01-17 09:26,crm,0,1,0.0,0,train_split
WC707324,2026-01-17 09:37,crm,0,1,0.0,0,train_split
WC707325,2026-01-17 10:22,crm,0,1,0.0,0,train_split
WC707326,2026-01-17 12:08,crm,0,1,0.0,0,train_split
WC707327,2026-01-17 15:11,crm,1,2,96.0,0,train_split
WC707328,2026-01-17 16:58,crm,0,1,0.0,0,train_split
WC707329,2026-01-17 19:35,crm,0,1,0.0,0,train_split
WC707330,2026-01-17 20:00,crm,0,1,0.0,0,train_split
WC707331,2026-01-17 21:19,crm,0,1,0.0,0,train_split
WC707332,2026-01-17 22:00,crm,0,1,0.0,0,train_split
WC707333,2026-01-17 23:06,crm,0,1,0.0,0,train_split
WC707334,2026-01-17 23:07,crm,0,1,0.0,,train_split
WC707335,2026-01-17 23:09,crm,0,1,0.0,0,train_split
WC707336,2026-01-18 00:10,crm,0,1,0.0,0,train_split
WC707337,2026-01-18 00:49,crm,0,1,0.0,0,train_split
WC707338,2026-01-18 04:37,crm,0,1,0.0,0,train_split
WC707339,2026-01-18 05:04,crm,0,1,0.0,0,train_split
WC707340,2026-01-18 05:42,crm,0,1,0.0,0,train_split
WC707341,2026-01-18 06:09,crm,0,1,0.0,0,train_split
WC707342,2026-01-18 06:58,crm,0,1,0.0,0,train_split
WC707343,2026-01-18 07:56,crm,0,1,0.0,0,train_split
WC707344,2026-01-18 08:13,crm,0,1,0.0,1,train_split
WC707345,2026-01-18 08:28,crm,0,1,0.0,0,train_split
WC707346,2026-01-18 10:37,crm,0,1,0.0,0,train_split
WC707347,2026-01-18 10:42,crm,0,1,0.0,0,train_split
WC707348,2026-01-18 11:11,crm,0,1,0.0,0,train_split
WC707349,2026-01-18 12:16,crm,0,1,0.0,0,train_split
WC707350,2026-01-18 13:16,crm,0,1,0.0,0,train_split
WC707351,2026-01-18 13:51,crm,1,2,48.0,0,train_split
WC707352,2026-01-18 15:44,crm,0,1,0.0,0,train_split
WC707353,2026-01-18 16:54,crm,0,1,0.0,0,train_split
WC707354,2026-01-18 17:44,crm,0,1,0.0,0,train_split
WC707355,2026-01-18 18:02,crm,0,1,0.0,0,train_split
WC707356,2026-01-18 18:47,crm,0,1,0.0,0,train_split
WC707357,2026-01-18 22:33,crm,0,1,0.0,0,train_split
WC707358,2026-01-18 22:59,crm,0,1,0.0,0,train_split
WC707359,2026-01-18 23:50,crm,0,1,0.0,0,train_split
WC707360,2026-01-19 00:45,crm,0,1,0.0,0,train_split
WC707361,2026-01-19 02:11,crm,0,1,0.0,0,train_split
WC707362,2026-01-19 02:35,crm,0,1,0.0,0,train_split
WC707363,2026-01-19 02:35,crm,0,1,0.0,0,train_split
WC707364,2026-01-19 04:38,crm,0,1,0.0,0,train_split
WC707365,2026-01-19 06:42,crm,0,1,0.0,0,train_split
WC707366,2026-01-19 06:57,crm,0,1,0.0,0,train_split
WC707367,2026-01-19 07:25,crm,0,1,0.0,0,train_split
WC707368,2026-01-19 08:28,crm,0,1,0.0,0,train_split
WC707369,2026-01-19 10:07,crm,0,1,0.0,0,train_split
WC707370,2026-01-19 11:44,crm,0,1,0.0,0,train_split
WC707371,2026-01-19 13:21,crm,0,1,0.0,0,train_split
WC707372,2026-01-19 13:36,crm,0,1,0.0,0,train_split
WC707373,2026-01-19 14:19,crm,0,1,0.0,0,train_split
WC707374,2026-01-19 14:53,crm,0,1,0.0,0,train_split
WC707375,2026-01-19 15:44,crm,0,1,0.0,0,train_split
WC707376,2026-01-19 16:31,crm,0,1,0.0,0,train_split
WC707377,2026-01-19 16:35,crm,0,1,0.0,0,train_split
WC707378,2026-01-19 17:02,crm,0,1,0.0,0,train_split
WC707379,2026-01-19 17:28,crm,0,1,0.0,0,train_split
WC707380,2026-01-19 17:57,crm,0,1,0.0,0,train_split
WC707381,2026-01-19 18:49,crm,0,1,0.0,0,train_split
WC707382,2026-01-19 21:21,crm,0,1,0.0,0,train_split
WC707383,2026-01-19 22:57,crm,0,1,0.0,0,train_split
WC707384,2026-01-20 00:42,crm,0,1,0.0,0,train_split
WC707385,2026-01-20 01:29,crm,0,1,0.0,0,train_split
WC707386,2026-01-20 03:47,crm,0,1,0.0,0,train_split
WC707387,2026-01-20 05:59,crm,0,1,0.0,0,train_split
WC707388,2026-01-20 06:22,crm,0,1,0.0,0,train_split
WC707389,2026-01-20 06:34,crm,0,1,0.0,0,train_split
WC707390,2026-01-20 09:10,crm,0,1,0.0,0,train_split
WC707391,2026-01-20 10:41,crm,0,1,0.0,0,train_split
WC707392,2026-01-20 11:39,crm,0,1,0.0,0,train_split
WC707393,2026-01-20 15:04,crm,0,1,0.0,0,train_split
WC707394,2026-01-20 16:00,crm,0,1,0.0,0,train_split
WC707395,2026-01-20 16:46,crm,0,1,0.0,0,train_split
WC707396,2026-01-20 17:31,crm,0,1,0.0,0,train_split
WC707397,2026-01-20 18:55,crm,0,1,0.0,0,train_split
WC707398,2026-01-20 22:08,crm,0,1,0.0,0,train_split
WC707399,2026-01-20 22:21,crm,0,1,0.0,0,train_split
WC707400,2026-01-20 22:30,crm,0,1,0.0,0,train_split
WC707401,2026-01-20 22:48,crm,0,1,0.0,0,train_split
WC707402,2026-01-20 22:50,crm,0,1,0.0,0,train_split
WC707403,2026-01-21 00:42,crm,0,1,0.0,0,train_split
WC707404,2026-01-21 01:48,crm,0,1,0.0,0,train_split
WC707405,2026-01-21 02:48,crm,0,1,0.0,0,train_split
WC707406,2026-01-21 03:35,crm,0,1,0.0,0,train_split
WC707407,2026-01-21 04:24,crm,0,1,0.0,0,train_split
WC707408,2026-01-21 05:10,crm,0,1,0.0,0,train_split
WC707409,2026-01-21 05:11,crm,0,1,0.0,0,train_split
WC707410,2026-01-21 06:52,crm,0,1,0.0,0,train_split
WC707411,2026-01-21 07:03,crm,0,1,0.0,0,train_split
WC707412,2026-01-21 07:11,crm,0,1,0.0,0,train_split
WC707413,2026-01-21 07:44,crm,1,2,24.0,0,train_split
WC707414,2026-01-21 08:53,crm,0,1,0.0,0,train_split
WC707415,2026-01-21 09:03,crm,0,1,0.0,0,train_split
WC707416,2026-01-21 09:10,crm,0,1,0.0,0,train_split
WC707417,2026-01-21 13:17,crm,0,1,0.0,0,train_split
WC707418,2026-01-21 13:47,crm,0,1,0.0,0,train_split
WC707419,2026-01-21 13:55,crm,0,1,0.0,0,train_split
WC707420,2026-01-21 15:43,crm,0,1,0.0,0,train_split
WC707421,2026-01-21 16:28,crm,0,1,0.0,0,train_split
WC707422,2026-01-21 16:44,crm,0,1,0.0,0,train_split
WC707423,2026-01-21 18:07,crm,0,1,0.0,0,train_split
WC707424,2026-01-21 19:21,crm,1,2,120.0,0,train_split
WC707425,2026-01-21 19:41,crm,0,1,0.0,0,train_split
WC707426,2026-01-21 19:52,crm,0,1,0.0,0,train_split
WC707427,2026-01-21 21:30,crm,0,1,0.0,0,train_split
WC707428,2026-01-21 22:14,crm,0,1,0.0,0,train_split
WC707429,2026-01-21 22:18,crm,0,1,0.0,0,train_split
WC707430,2026-01-21 23:09,crm,0,1,0.0,0,train_split
WC707431,2026-01-21 23:14,crm,0,1,0.0,0,train_split
WC707432,2026-01-22 00:21,crm,0,1,0.0,0,train_split
WC707433,2026-01-22 01:33,crm,1,2,24.0,0,train_split
WC707434,2026-01-22 03:13,crm,0,1,0.0,0,train_split
WC707435,2026-01-22 04:44,crm,0,1,0.0,0,train_split
WC707436,2026-01-22 04:56,crm,0,1,0.0,0,train_split
WC707437,2026-01-22 05:24,crm,1,2,24.0,0,train_split
WC707438,2026-01-22 06:01,crm,0,1,0.0,0,train_split
WC707439,2026-01-22 07:22,crm,0,1,0.0,0,train_split
WC707440,2026-01-22 07:44,crm,0,1,0.0,0,train_split
WC707441,2026-01-22 08:18,crm,0,1,0.0,0,train_split
WC707442,2026-01-22 10:59,crm,0,1,0.0,0,train_split
WC707443,2026-01-22 12:24,crm,0,1,0.0,0,train_split
WC707444,2026-01-22 13:34,crm,0,1,0.0,0,train_split
WC707445,2026-01-22 14:06,crm,0,1,0.0,0,train_split
WC707446,2026-01-22 14:26,crm,0,1,0.0,0,train_split
WC707447,2026-01-22 14:49,crm,0,1,0.0,0,train_split
WC707448,2026-01-22 16:31,crm,0,1,0.0,0,train_split
WC707449,2026-01-22 16:33,crm,0,1,0.0,0,train_split
WC707450,2026-01-22 18:21,crm,0,1,0.0,0,train_split
WC707451,2026-01-22 18:54,crm,0,1,0.0,0,train_split
WC707452,2026-01-22 20:57,crm,0,1,0.0,0,train_split
WC707453,2026-01-22 22:01,crm,1,2,96.0,0,train_split
WC707454,2026-01-22 22:15,crm,0,1,0.0,0,train_split
WC707455,2026-01-22 22:20,crm,0,1,0.0,0,train_split
WC707456,2026-01-22 22:53,crm,0,1,0.0,0,train_split
WC707457,2026-01-23 00:15,crm,0,1,0.0,0,train_split
WC707458,2026-01-23 04:43,crm,0,1,0.0,0,train_split
WC707459,2026-01-23 06:31,crm,0,1,0.0,0,train_split
WC707460,2026-01-23 06:36,crm,0,1,0.0,0,train_split
WC707461,2026-01-23 07:56,crm,0,1,0.0,0,train_split
WC707462,2026-01-23 08:17,crm,0,1,0.0,,train_split
WC707463,2026-01-23 08:29,crm,0,1,0.0,0,train_split
WC707464,2026-01-23 08:37,crm,0,1,0.0,0,train_split
WC707465,2026-01-23 09:35,crm,0,1,0.0,,train_split
WC707466,2026-01-23 09:40,crm,0,1,0.0,0,train_split
WC707467,2026-01-23 11:58,crm,1,2,96.0,0,train_split
WC707468,2026-01-23 13:01,crm,0,1,0.0,0,train_split
WC707469,2026-01-23 13:51,crm,0,1,0.0,0,train_split
WC707470,2026-01-23 16:28,crm,0,1,0.0,0,train_split
WC707471,2026-01-23 18:44,crm,0,1,0.0,0,train_split
WC707472,2026-01-23 18:54,crm,0,1,0.0,0,train_split
WC707473,2026-01-23 19:03,crm,0,1,0.0,0,train_split
WC707474,2026-01-23 19:49,crm,0,1,0.0,0,train_split
WC707475,2026-01-23 20:39,crm,0,1,0.0,0,train_split
WC707476,2026-01-23 21:46,crm,0,1,0.0,0,train_split
WC707477,2026-01-23 21:59,crm,0,1,0.0,0,train_split
WC707478,2026-01-23 23:01,crm,0,1,0.0,,train_split
WC707479,2026-01-23 23:33,crm,0,1,0.0,0,train_split
WC707480,2026-01-24 01:31,crm,0,1,0.0,0,train_split
WC707481,2026-01-24 02:50,crm,0,1,0.0,0,train_split
WC707482,2026-01-24 03:05,crm,0,1,0.0,0,train_split
WC707483,2026-01-24 03:22,crm,0,1,0.0,0,train_split
WC707484,2026-01-24 03:22,crm,0,1,0.0,0,train_split
WC707485,2026-01-24 03:36,crm,0,1,0.0,0,train_split
WC707486,2026-01-24 06:12,crm,0,1,0.0,0,train_split
WC707487,2026-01-24 07:34,crm,1,2,72.0,0,train_split
WC707488,2026-01-24 09:06,crm,0,1,0.0,0,train_split
WC707489,2026-01-24 11:14,crm,0,1,0.0,0,train_split
WC707490,2026-01-24 12:12,crm,0,1,0.0,0,train_split
WC707491,2026-01-24 12:24,crm,0,1,0.0,0,train_split
WC707492,2026-01-24 12:29,crm,0,1,0.0,0,train_split
WC707493,2026-01-24 13:14,crm,0,1,0.0,,train_split
WC707494,2026-01-24 14:42,crm,0,1,0.0,0,train_split
WC707495,2026-01-24 17:05,crm,1,2,120.0,0,train_split
WC707496,2026-01-24 17:34,crm,0,1,0.0,0,train_split
WC707497,2026-01-24 22:47,crm,0,1,0.0,0,train_split
WC707498,2026-01-24 23:58,crm,0,1,0.0,0,train_split
WC707499,2026-01-25 00:02,crm,0,1,0.0,0,train_split
WC707500,2026-01-25 01:52,crm,0,1,0.0,0,train_split
WC707501,2026-01-25 02:48,crm,0,1,0.0,0,train_split
WC707502,2026-01-25 02:49,crm,0,1,0.0,0,train_split
WC707503,2026-01-25 04:07,crm,0,1,0.0,0,train_split
WC707504,2026-01-25 05:11,crm,0,1,0.0,0,train_split
WC707505,2026-01-25 05:36,crm,0,1,0.0,0,train_split
WC707506,2026-01-25 07:21,crm,0,1,0.0,0,train_split
WC707507,2026-01-25 07:40,crm,0,1,0.0,0,train_split
WC707508,2026-01-25 08:57,crm,1,2,48.0,0,train_split
WC707509,2026-01-25 09:36,crm,0,1,0.0,0,train_split
WC707510,2026-01-25 09:45,crm,0,1,0.0,0,train_split
WC707511,2026-01-25 10:13,crm,1,2,24.0,0,train_split
WC707512,2026-01-25 11:16,crm,0,1,0.0,0,train_split
WC707513,2026-01-25 13:03,crm,0,1,0.0,0,train_split
WC707514,2026-01-25 13:20,crm,1,2,120.0,0,train_split
WC707515,2026-01-25 15:20,crm,0,1,0.0,0,train_split
WC707516,2026-01-25 15:33,crm,0,1,0.0,0,train_split
WC707517,2026-01-25 15:48,crm,0,1,0.0,1,train_split
WC707518,2026-01-25 16:01,crm,0,1,0.0,,train_split
WC707519,2026-01-25 16:19,crm,0,1,0.0,0,train_split
WC707520,2026-01-25 16:50,crm,0,1,0.0,0,train_split
WC707521,2026-01-25 18:45,crm,0,1,0.0,0,train_split
WC707522,2026-01-25 18:57,crm,0,1,0.0,0,train_split
WC707523,2026-01-25 20:31,crm,0,1,0.0,0,train_split
WC707524,2026-01-25 23:09,crm,0,1,0.0,0,train_split
WC707525,2026-01-26 00:17,crm,0,1,0.0,0,train_split
WC707526,2026-01-26 00:22,crm,0,1,0.0,0,train_split
WC707527,2026-01-26 00:46,crm,0,1,0.0,0,train_split
WC707528,2026-01-26 01:40,crm,0,1,0.0,0,train_split
WC707529,2026-01-26 03:51,crm,0,1,0.0,0,train_split
WC707530,2026-01-26 04:04,crm,0,1,0.0,0,train_split
WC707531,2026-01-26 05:28,crm,0,1,0.0,0,train_split
WC707532,2026-01-26 06:09,crm,0,1,0.0,0,train_split
WC707533,2026-01-26 06:23,crm,1,2,48.0,0,train_split
WC707534,2026-01-26 06:23,crm,0,1,0.0,0,train_split
WC707535,2026-01-26 06:28,crm,0,1,0.0,0,train_split
WC707536,2026-01-26 07:15,crm,0,1,0.0,0,train_split
WC707537,2026-01-26 08:55,crm,0,1,0.0,0,train_split
WC707538,2026-01-26 09:06,crm,0,1,0.0,0,train_split
WC707539,2026-01-26 10:43,crm,0,1,0.0,0,train_split
WC707540,2026-01-26 12:29,crm,0,1,0.0,0,train_split
WC707541,2026-01-26 12:39,crm,0,1,0.0,0,train_split
WC707542,2026-01-26 13:10,crm,0,1,0.0,0,train_split
WC707543,2026-01-26 16:06,crm,0,1,0.0,0,train_split
WC707544,2026-01-26 17:05,crm,0,1,0.0,0,train_split
WC707545,2026-01-26 18:02,crm,0,1,0.0,0,train_split
WC707546,2026-01-26 18:16,crm,0,1,0.0,0,train_split
WC707547,2026-01-26 18:26,crm,0,1,0.0,0,train_split
WC707548,2026-01-26 20:32,crm,0,1,0.0,0,train_split
WC707549,2026-01-26 20:34,crm,0,1,0.0,0,train_split
WC707550,2026-01-26 20:59,crm,0,1,0.0,0,train_split
WC707551,2026-01-26 21:00,crm,0,1,0.0,0,train_split
WC707552,2026-01-26 23:46,crm,0,1,0.0,0,train_split
WC707553,2026-01-27 00:26,crm,0,1,0.0,0,train_split
WC707554,2026-01-27 01:42,crm,0,1,0.0,0,train_split
WC707555,2026-01-27 02:08,crm,0,1,0.0,,train_split
WC707556,2026-01-27 03:45,crm,0,1,0.0,0,train_split
WC707557,2026-01-27 05:27,crm,0,1,0.0,0,train_split
WC707558,2026-01-27 06:01,crm,0,1,0.0,0,train_split
WC707559,2026-01-27 06:08,crm,0,1,0.0,0,train_split
WC707560,2026-01-27 07:02,crm,0,1,0.0,,train_split
WC707561,2026-01-27 07:18,crm,0,1,0.0,0,train_split
WC707562,2026-01-27 09:52,crm,0,1,0.0,0,train_split
WC707563,2026-01-27 11:23,crm,0,1,0.0,0,train_split
WC707564,2026-01-27 12:16,crm,0,1,0.0,0,train_split
WC707565,2026-01-27 12:45,crm,0,1,0.0,0,train_split
WC707566,2026-01-27 14:25,crm,0,1,0.0,0,train_split
WC707567,2026-01-27 14:44,crm,0,1,0.0,0,train_split
WC707568,2026-01-27 15:38,crm,0,1,0.0,0,train_split
WC707569,2026-01-27 17:12,crm,0,1,0.0,0,train_split
WC707570,2026-01-27 18:52,crm,0,1,0.0,0,train_split
WC707571,2026-01-27 19:00,crm,0,1,0.0,0,train_split
WC707572,2026-01-27 19:02,crm,0,1,0.0,0,train_split
WC707573,2026-01-27 19:54,crm,0,1,0.0,0,train_split
WC707574,2026-01-27 20:31,crm,1,2,72.0,0,train_split
WC707575,2026-01-28 00:47,crm,0,1,0.0,0,train_split
WC707576,2026-01-28 01:33,crm,0,1,0.0,0,train_split
WC707577,2026-01-28 01:49,crm,0,1,0.0,0,train_split
WC707578,2026-01-28 03:12,crm,1,2,24.0,0,train_split
WC707579,2026-01-28 04:49,crm,0,1,0.0,0,train_split
WC707580,2026-01-28 05:18,crm,0,1,0.0,0,train_split
WC707581,2026-01-28 05:26,crm,0,1,0.0,0,train_split
WC707582,2026-01-28 06:31,crm,0,1,0.0,0,train_split
WC707583,2026-01-28 06:50,crm,0,1,0.0,0,train_split
WC707584,2026-01-28 07:27,crm,0,1,0.0,0,train_split
WC707585,2026-01-28 07:55,crm,0,1,0.0,0,train_split
WC707586,2026-01-28 08:34,crm,0,1,0.0,0,train_split
WC707587,2026-01-28 09:05,crm,0,1,0.0,0,train_split
WC707588,2026-01-28 09:25,crm,0,1,0.0,0,train_split
WC707589,2026-01-28 09:29,crm,0,1,0.0,,train_split
WC707590,2026-01-28 11:00,crm,0,1,0.0,0,train_split
WC707591,2026-01-28 11:24,crm,0,1,0.0,0,train_split
WC707592,2026-01-28 11:35,crm,0,1,0.0,0,train_split
WC707593,2026-01-28 11:41,crm,0,1,0.0,0,train_split
WC707594,2026-01-28 13:05,crm,0,1,0.0,0,train_split
WC707595,2026-01-28 14:11,crm,0,1,0.0,0,train_split
WC707596,2026-01-28 14:23,crm,0,1,0.0,0,train_split
WC707597,2026-01-28 16:28,crm,0,1,0.0,0,train_split
WC707598,2026-01-28 17:48,crm,0,1,0.0,0,train_split
WC707599,2026-01-28 21:23,crm,0,1,0.0,0,train_split
WC707600,2026-01-28 22:29,crm,0,1,0.0,0,train_split
WC707601,2026-01-28 23:13,crm,0,1,0.0,0,train_split
WC707602,2026-01-28 23:48,crm,0,1,0.0,0,train_split
WC707603,2026-01-29 00:53,crm,1,2,120.0,,train_split
WC707604,2026-01-29 02:11,crm,0,1,0.0,0,train_split
WC707605,2026-01-29 03:16,crm,0,1,0.0,0,train_split
WC707606,2026-01-29 03:19,crm,0,1,0.0,0,train_split
WC707607,2026-01-29 03:34,crm,0,1,0.0,0,train_split
WC707608,2026-01-29 05:49,crm,0,1,0.0,0,train_split
WC707609,2026-01-29 05:54,crm,0,1,0.0,0,train_split
WC707610,2026-01-29 08:21,crm,0,1,0.0,0,train_split
WC707611,2026-01-29 10:29,crm,0,1,0.0,0,train_split
WC707612,2026-01-29 10:52,crm,1,2,72.0,0,train_split
WC707613,2026-01-29 11:22,crm,0,1,0.0,0,train_split
WC707614,2026-01-29 12:14,crm,1,2,48.0,0,train_split
WC707615,2026-01-29 12:55,crm,0,1,0.0,0,train_split
WC707616,2026-01-29 13:49,crm,0,1,0.0,0,train_split
WC707617,2026-01-29 14:24,crm,0,1,0.0,0,train_split
WC707618,2026-01-29 14:38,crm,0,1,0.0,0,train_split
WC707619,2026-01-29 14:55,crm,0,1,0.0,0,train_split
WC707620,2026-01-29 15:09,crm,0,1,0.0,0,train_split
WC707621,2026-01-29 15:39,crm,0,1,0.0,0,train_split
WC707622,2026-01-29 15:43,crm,0,1,0.0,0,train_split
WC707623,2026-01-29 17:52,crm,0,1,0.0,0,train_split
WC707624,2026-01-29 18:12,crm,0,1,0.0,0,train_split
WC707625,2026-01-29 18:14,crm,0,1,0.0,0,train_split
WC707626,2026-01-29 18:33,crm,0,1,0.0,0,train_split
WC707627,2026-01-29 19:11,crm,0,1,0.0,0,train_split
WC707628,2026-01-29 22:18,crm,0,1,0.0,0,train_split
WC707629,2026-01-29 22:44,crm,0,1,0.0,0,train_split
WC707630,2026-01-29 22:55,crm,0,1,0.0,0,train_split
WC707631,2026-01-29 23:11,crm,0,1,0.0,0,train_split
WC707632,2026-01-30 01:40,crm,0,1,0.0,0,train_split
WC707633,2026-01-30 02:11,crm,0,1,0.0,0,train_split
WC707634,2026-01-30 02:17,crm,0,1,0.0,0,train_split
WC707635,2026-01-30 03:11,crm,0,1,0.0,1,train_split
WC707636,2026-01-30 04:46,crm,0,1,0.0,0,train_split
WC707637,2026-01-30 06:10,crm,0,1,0.0,0,train_split
WC707638,2026-01-30 06:29,crm,0,1,0.0,0,train_split
WC707639,2026-01-30 06:39,crm,0,1,0.0,0,train_split
WC707640,2026-01-30 07:19,crm,0,1,0.0,0,train_split
WC707641,2026-01-30 08:31,crm,0,1,0.0,0,train_split
WC707642,2026-01-30 08:44,crm,0,1,0.0,0,train_split
WC707643,2026-01-30 13:11,crm,0,1,0.0,0,train_split
WC707644,2026-01-30 13:27,crm,0,1,0.0,0,train_split
WC707645,2026-01-30 13:29,crm,0,1,0.0,0,train_split
WC707646,2026-01-30 13:33,crm,0,1,0.0,0,train_split
WC707647,2026-01-30 14:09,crm,1,2,96.0,0,train_split
WC707648,2026-01-30 15:20,crm,0,1,0.0,0,train_split
WC707649,2026-01-30 15:58,crm,0,1,0.0,0,train_split
WC707650,2026-01-30 16:10,crm,0,1,0.0,0,train_split
WC707651,2026-01-30 17:41,crm,0,1,0.0,0,train_split
WC707652,2026-01-30 18:20,crm,0,1,0.0,0,train_split
WC707653,2026-01-30 18:31,crm,0,1,0.0,0,train_split
WC707654,2026-01-30 19:29,crm,0,1,0.0,0,train_split
WC707655,2026-01-30 19:42,crm,1,2,120.0,0,train_split
WC707656,2026-01-30 19:49,crm,0,1,0.0,0,train_split
WC707657,2026-01-30 22:14,crm,0,1,0.0,0,train_split
WC707658,2026-01-31 00:20,crm,0,1,0.0,0,train_split
WC707659,2026-01-31 01:08,crm,0,1,0.0,0,train_split
WC707660,2026-01-31 03:08,crm,0,1,0.0,0,train_split
WC707661,2026-01-31 06:05,crm,0,1,0.0,0,train_split
WC707662,2026-01-31 06:11,crm,1,2,96.0,0,train_split
WC707663,2026-01-31 06:51,crm,1,2,24.0,0,train_split
WC707664,2026-01-31 07:04,crm,0,1,0.0,0,train_split
WC707665,2026-01-31 07:24,crm,0,1,0.0,0,train_split
WC707666,2026-01-31 07:44,crm,0,1,0.0,0,train_split
WC707667,2026-01-31 07:55,crm,0,1,0.0,0,train_split
WC707668,2026-01-31 12:56,crm,0,1,0.0,0,train_split
WC707669,2026-01-31 14:30,crm,0,1,0.0,0,train_split
WC707670,2026-01-31 14:58,crm,0,1,0.0,0,train_split
WC707671,2026-01-31 15:11,crm,0,1,0.0,0,train_split
WC707672,2026-01-31 15:37,crm,0,1,0.0,0,train_split
WC707673,2026-01-31 16:04,crm,0,1,0.0,0,train_split
WC707674,2026-01-31 17:08,crm,0,1,0.0,0,train_split
WC707675,2026-01-31 19:26,crm,0,1,0.0,0,train_split
WC707676,2026-01-31 21:34,crm,0,1,0.0,0,train_split
WC707677,2026-01-31 22:25,crm,1,2,48.0,0,train_split
WC707678,2026-01-31 22:57,crm,0,1,0.0,0,train_split
WC707679,2026-02-01 00:36,crm,0,1,0.0,0,train_split
WC707680,2026-02-01 00:55,crm,0,1,0.0,0,train_split
WC707681,2026-02-01 01:34,crm,0,1,0.0,0,train_split
WC707682,2026-02-01 02:47,crm,0,1,0.0,0,train_split
WC707683,2026-02-01 02:48,crm,0,1,0.0,0,train_split
WC707684,2026-02-01 03:10,crm,0,1,0.0,0,train_split
WC707685,2026-02-01 04:40,crm,0,1,0.0,0,train_split
WC707686,2026-02-01 05:06,crm,0,1,0.0,0,train_split
WC707687,2026-02-01 05:09,crm,0,1,0.0,0,train_split
WC707688,2026-02-01 05:27,crm,0,1,0.0,0,train_split
WC707689,2026-02-01 05:36,crm,0,1,0.0,0,train_split
WC707690,2026-02-01 06:08,crm,0,1,0.0,0,train_split
WC707691,2026-02-01 06:53,crm,0,1,0.0,0,train_split
WC707692,2026-02-01 07:15,crm,0,1,0.0,0,train_split
WC707693,2026-02-01 09:18,crm,0,1,0.0,0,train_split
WC707694,2026-02-01 10:21,crm,0,1,0.0,0,train_split
WC707695,2026-02-01 11:28,crm,0,1,0.0,1,train_split
WC707696,2026-02-01 14:44,crm,0,1,0.0,0,train_split
WC707697,2026-02-01 15:32,crm,0,1,0.0,0,train_split
WC707698,2026-02-01 15:35,crm,0,1,0.0,0,train_split
WC707699,2026-02-01 15:50,crm,0,1,0.0,0,train_split
WC707700,2026-02-01 16:11,crm,0,1,0.0,0,train_split
WC707701,2026-02-01 16:13,crm,0,1,0.0,0,train_split
WC707702,2026-02-01 16:14,crm,0,1,0.0,0,train_split
WC707703,2026-02-01 17:17,crm,0,1,0.0,0,train_split
WC707704,2026-02-01 19:20,crm,0,1,0.0,0,train_split
WC707705,2026-02-01 19:27,crm,0,1,0.0,0,train_split
WC707706,2026-02-01 19:32,crm,0,1,0.0,0,train_split
WC707707,2026-02-01 20:02,crm,0,1,0.0,0,train_split
WC707708,2026-02-01 21:36,crm,0,1,0.0,0,train_split
WC707709,2026-02-01 21:37,crm,0,1,0.0,0,train_split
WC707710,2026-02-01 21:41,crm,0,1,0.0,0,train_split
WC707711,2026-02-01 21:52,crm,0,1,0.0,0,train_split
WC707712,2026-02-02 00:23,crm,0,1,0.0,0,train_split
WC707713,2026-02-02 00:34,crm,0,1,0.0,0,train_split
WC707714,2026-02-02 00:46,crm,0,1,0.0,,train_split
WC707715,2026-02-02 01:43,crm,0,1,0.0,0,train_split
WC707716,2026-02-02 02:58,crm,0,1,0.0,0,train_split
WC707717,2026-02-02 04:25,crm,0,1,0.0,0,train_split
WC707718,2026-02-02 05:59,crm,1,2,96.0,0,train_split
WC707719,2026-02-02 07:05,crm,0,1,0.0,0,train_split
WC707720,2026-02-02 07:24,crm,0,1,0.0,0,train_split
WC707721,2026-02-02 07:39,crm,0,1,0.0,0,train_split
WC707722,2026-02-02 08:31,crm,0,1,0.0,0,train_split
WC707723,2026-02-02 08:44,crm,0,1,0.0,0,train_split
WC707724,2026-02-02 10:20,crm,0,1,0.0,0,train_split
WC707725,2026-02-02 11:15,crm,1,2,24.0,0,train_split
WC707726,2026-02-02 11:32,crm,0,1,0.0,0,train_split
WC707727,2026-02-02 13:25,crm,0,1,0.0,0,train_split
WC707728,2026-02-02 13:51,crm,0,1,0.0,0,train_split
WC707729,2026-02-02 15:32,crm,0,1,0.0,0,train_split
WC707730,2026-02-02 15:46,crm,0,1,0.0,0,train_split
WC707731,2026-02-02 16:20,crm,0,1,0.0,0,train_split
WC707732,2026-02-02 16:49,crm,0,1,0.0,0,train_split
WC707733,2026-02-02 18:52,crm,0,1,0.0,0,train_split
WC707734,2026-02-02 19:49,crm,0,1,0.0,0,train_split
WC707735,2026-02-02 20:53,crm,1,2,24.0,0,train_split
WC707736,2026-02-02 20:54,crm,1,2,48.0,0,train_split
WC707737,2026-02-02 21:07,crm,0,1,0.0,0,train_split
WC707738,2026-02-02 22:03,crm,0,1,0.0,0,train_split
WC707739,2026-02-02 23:03,crm,0,1,0.0,0,train_split
WC707740,2026-02-03 00:03,crm,0,1,0.0,0,train_split
WC707741,2026-02-03 00:22,crm,0,1,0.0,0,train_split
WC707742,2026-02-03 00:59,crm,0,1,0.0,0,train_split
WC707743,2026-02-03 01:54,crm,0,1,0.0,0,train_split
WC707744,2026-02-03 02:01,crm,0,1,0.0,0,train_split
WC707745,2026-02-03 03:31,crm,0,1,0.0,0,train_split
WC707746,2026-02-03 04:08,crm,0,1,0.0,0,train_split
WC707747,2026-02-03 05:03,crm,0,1,0.0,0,train_split
WC707748,2026-02-03 05:14,crm,0,1,0.0,0,train_split
WC707749,2026-02-03 05:55,crm,0,1,0.0,0,train_split
WC707750,2026-02-03 06:39,crm,0,1,0.0,0,train_split
WC707751,2026-02-03 07:05,crm,0,1,0.0,0,train_split
WC707752,2026-02-03 07:18,crm,0,1,0.0,0,train_split
WC707753,2026-02-03 08:17,crm,1,2,48.0,0,train_split
WC707754,2026-02-03 08:21,crm,0,1,0.0,0,train_split
WC707755,2026-02-03 08:35,crm,0,1,0.0,0,train_split
WC707756,2026-02-03 10:10,crm,0,1,0.0,0,train_split
WC707757,2026-02-03 10:54,crm,0,1,0.0,0,train_split
WC707758,2026-02-03 11:35,crm,0,1,0.0,0,train_split
WC707759,2026-02-03 13:35,crm,0,1,0.0,0,train_split
WC707760,2026-02-03 13:36,crm,0,1,0.0,0,train_split
WC707761,2026-02-03 14:28,crm,0,1,0.0,0,train_split
WC707762,2026-02-03 17:47,crm,0,1,0.0,,train_split
WC707763,2026-02-03 17:54,crm,0,1,0.0,0,train_split
WC707764,2026-02-03 18:14,crm,0,1,0.0,0,train_split
WC707765,2026-02-03 18:48,crm,0,1,0.0,0,train_split
WC707766,2026-02-03 22:22,crm,0,1,0.0,0,train_split
WC707767,2026-02-03 23:08,crm,0,1,0.0,0,train_split
WC707768,2026-02-03 23:50,crm,1,2,120.0,0,train_split
WC707769,2026-02-04 01:04,crm,0,1,0.0,0,train_split
WC707770,2026-02-04 01:11,crm,1,2,72.0,0,train_split
WC707771,2026-02-04 02:05,crm,0,1,0.0,0,train_split
WC707772,2026-02-04 02:10,crm,0,1,0.0,0,train_split
WC707773,2026-02-04 02:58,crm,0,1,0.0,0,train_split
WC707774,2026-02-04 04:11,crm,0,1,0.0,0,train_split
WC707775,2026-02-04 05:13,crm,0,1,0.0,0,train_split
WC707776,2026-02-04 05:57,crm,0,1,0.0,0,train_split
WC707777,2026-02-04 07:07,crm,0,1,0.0,0,train_split
WC707778,2026-02-04 07:52,crm,0,1,0.0,0,train_split
WC707779,2026-02-04 08:53,crm,0,1,0.0,0,train_split
WC707780,2026-02-04 10:00,crm,0,1,0.0,0,train_split
WC707781,2026-02-04 12:55,crm,0,1,0.0,0,train_split
WC707782,2026-02-04 14:09,crm,0,1,0.0,0,train_split
WC707783,2026-02-04 14:18,crm,0,1,0.0,0,train_split
WC707784,2026-02-04 14:21,crm,0,1,0.0,0,train_split
WC707785,2026-02-04 16:09,crm,0,1,0.0,0,train_split
WC707786,2026-02-04 16:14,crm,0,1,0.0,0,train_split
WC707787,2026-02-04 16:58,crm,0,1,0.0,0,train_split
WC707788,2026-02-04 18:26,crm,1,2,24.0,0,train_split
WC707789,2026-02-04 19:33,crm,0,1,0.0,0,train_split
WC707790,2026-02-04 19:58,crm,0,1,0.0,0,train_split
WC707791,2026-02-04 19:59,crm,0,1,0.0,0,train_split
WC707792,2026-02-04 20:02,crm,0,1,0.0,0,train_split
WC707793,2026-02-04 20:50,crm,0,1,0.0,0,train_split
WC707794,2026-02-04 22:32,crm,0,1,0.0,0,train_split
WC707795,2026-02-04 22:52,crm,0,1,0.0,0,train_split
WC707796,2026-02-05 01:07,crm,0,1,0.0,0,train_split
WC707797,2026-02-05 01:08,crm,0,1,0.0,0,train_split
WC707798,2026-02-05 01:18,crm,1,2,72.0,0,train_split
WC707799,2026-02-05 01:47,crm,0,1,0.0,0,train_split
WC707800,2026-02-05 02:00,crm,0,1,0.0,0,train_split
WC707801,2026-02-05 03:23,crm,0,1,0.0,0,train_split
WC707802,2026-02-05 04:34,crm,0,1,0.0,0,train_split
WC707803,2026-02-05 05:45,crm,0,1,0.0,0,train_split
WC707804,2026-02-05 10:04,crm,0,1,0.0,,train_split
WC707805,2026-02-05 10:53,crm,0,1,0.0,0,train_split
WC707806,2026-02-05 12:01,crm,0,1,0.0,0,train_split
WC707807,2026-02-05 12:09,crm,0,1,0.0,0,train_split
WC707808,2026-02-05 12:12,crm,0,1,0.0,0,train_split
WC707809,2026-02-05 12:58,crm,0,1,0.0,0,train_split
WC707810,2026-02-05 13:01,crm,0,1,0.0,,train_split
WC707811,2026-02-05 14:50,crm,0,1,0.0,0,train_split
WC707812,2026-02-05 15:16,crm,0,1,0.0,0,train_split
WC707813,2026-02-05 16:45,crm,0,1,0.0,0,train_split
WC707814,2026-02-05 17:21,crm,0,1,0.0,0,train_split
WC707815,2026-02-05 18:16,crm,0,1,0.0,0,train_split
WC707816,2026-02-05 18:46,crm,0,1,0.0,0,train_split
WC707817,2026-02-05 20:38,crm,0,1,0.0,0,train_split
WC707818,2026-02-05 22:01,crm,0,1,0.0,0,train_split
WC707819,2026-02-05 23:12,crm,0,1,0.0,0,train_split
WC707820,2026-02-06 00:04,crm,0,1,0.0,0,train_split
WC707821,2026-02-06 01:46,crm,0,1,0.0,0,train_split
WC707822,2026-02-06 03:50,crm,0,1,0.0,0,train_split
WC707823,2026-02-06 04:15,crm,0,1,0.0,0,train_split
WC707824,2026-02-06 05:51,crm,0,1,0.0,0,train_split
WC707825,2026-02-06 09:53,crm,0,1,0.0,0,train_split
WC707826,2026-02-06 09:55,crm,0,1,0.0,,train_split
WC707827,2026-02-06 10:33,crm,1,2,72.0,0,train_split
WC707828,2026-02-06 12:02,crm,0,1,0.0,0,train_split
WC707829,2026-02-06 13:08,crm,0,1,0.0,0,train_split
WC707830,2026-02-06 14:00,crm,0,1,0.0,0,train_split
WC707831,2026-02-06 17:54,crm,0,1,0.0,0,train_split
WC707832,2026-02-06 18:05,crm,0,1,0.0,0,train_split
WC707833,2026-02-06 18:21,crm,0,1,0.0,0,train_split
WC707834,2026-02-06 19:02,crm,0,1,0.0,0,train_split
WC707835,2026-02-06 19:24,crm,0,1,0.0,,train_split
WC707836,2026-02-06 20:30,crm,0,1,0.0,0,train_split
WC707837,2026-02-06 20:46,crm,0,1,0.0,0,train_split
WC707838,2026-02-06 21:38,crm,0,1,0.0,0,train_split
WC707839,2026-02-06 22:18,crm,0,1,0.0,0,train_split
WC707840,2026-02-06 22:21,crm,0,1,0.0,0,train_split
WC707841,2026-02-06 22:57,crm,0,1,0.0,0,train_split
WC707842,2026-02-06 23:40,crm,1,2,72.0,0,train_split
WC707843,2026-02-06 23:42,crm,0,1,0.0,0,train_split
WC707844,2026-02-06 23:51,crm,0,1,0.0,0,train_split
WC707845,2026-02-07 00:31,crm,0,1,0.0,0,train_split
WC707846,2026-02-07 01:37,crm,0,1,0.0,0,train_split
WC707847,2026-02-07 03:32,crm,0,1,0.0,0,train_split
WC707848,2026-02-07 03:56,crm,0,1,0.0,0,train_split
WC707849,2026-02-07 05:07,crm,0,1,0.0,0,train_split
WC707850,2026-02-07 06:15,crm,0,1,0.0,0,train_split
WC707851,2026-02-07 06:32,crm,0,1,0.0,0,train_split
WC707852,2026-02-07 08:35,crm,0,1,0.0,0,train_split
WC707853,2026-02-07 08:40,crm,0,1,0.0,0,train_split
WC707854,2026-02-07 08:40,crm,1,2,72.0,0,train_split
WC707855,2026-02-07 10:16,crm,0,1,0.0,0,train_split
WC707856,2026-02-07 11:18,crm,0,1,0.0,0,train_split
WC707857,2026-02-07 11:40,crm,0,1,0.0,0,train_split
WC707858,2026-02-07 13:27,crm,0,1,0.0,0,train_split
WC707859,2026-02-07 13:46,crm,0,1,0.0,0,train_split
WC707860,2026-02-07 16:53,crm,1,2,120.0,0,train_split
WC707861,2026-02-07 17:20,crm,0,1,0.0,0,train_split
WC707862,2026-02-07 20:10,crm,0,1,0.0,0,train_split
WC707863,2026-02-07 20:40,crm,0,1,0.0,0,train_split
WC707864,2026-02-07 21:04,crm,0,1,0.0,0,train_split
WC707865,2026-02-07 21:24,crm,0,1,0.0,0,train_split
WC707866,2026-02-07 21:44,crm,0,1,0.0,0,train_split
WC707867,2026-02-07 21:58,crm,0,1,0.0,0,train_split
WC707868,2026-02-07 22:49,crm,0,1,0.0,0,train_split
WC707869,2026-02-08 03:35,crm,0,1,0.0,0,train_split
WC707870,2026-02-08 03:36,crm,0,1,0.0,0,train_split
WC707871,2026-02-08 05:42,crm,0,1,0.0,0,train_split
WC707872,2026-02-08 06:23,crm,0,1,0.0,0,train_split
WC707873,2026-02-08 06:48,crm,0,1,0.0,0,train_split
WC707874,2026-02-08 07:42,crm,0,1,0.0,0,train_split
WC707875,2026-02-08 08:34,crm,0,1,0.0,0,train_split
WC707876,2026-02-08 10:09,crm,0,1,0.0,0,train_split
WC707877,2026-02-08 10:41,crm,0,1,0.0,0,train_split
WC707878,2026-02-08 12:44,crm,0,1,0.0,0,train_split
WC707879,2026-02-08 13:00,crm,0,1,0.0,0,train_split
WC707880,2026-02-08 13:01,crm,0,1,0.0,0,train_split
WC707881,2026-02-08 13:24,crm,0,1,0.0,0,train_split
WC707882,2026-02-08 14:03,crm,0,1,0.0,0,train_split
WC707883,2026-02-08 14:19,crm,0,1,0.0,0,train_split
WC707884,2026-02-08 15:20,crm,0,1,0.0,1,train_split
WC707885,2026-02-08 16:51,crm,0,1,0.0,0,train_split
WC707886,2026-02-08 18:59,crm,0,1,0.0,0,train_split
WC707887,2026-02-08 19:15,crm,0,1,0.0,0,train_split
WC707888,2026-02-08 19:35,crm,0,1,0.0,0,train_split
WC707889,2026-02-08 19:43,crm,0,1,0.0,0,train_split
WC707890,2026-02-08 20:36,crm,1,2,48.0,0,train_split
WC707891,2026-02-08 21:50,crm,0,1,0.0,0,train_split
WC707892,2026-02-08 23:13,crm,0,1,0.0,0,train_split
WC707893,2026-02-08 23:40,crm,0,1,0.0,0,train_split
WC707894,2026-02-08 23:44,crm,0,1,0.0,0,train_split
WC707895,2026-02-09 01:35,crm,0,1,0.0,0,train_split
WC707896,2026-02-09 01:50,crm,0,1,0.0,,train_split
WC707897,2026-02-09 02:38,crm,0,1,0.0,0,train_split
WC707898,2026-02-09 03:38,crm,0,1,0.0,0,train_split
WC707899,2026-02-09 04:31,crm,0,1,0.0,0,train_split
WC707900,2026-02-09 06:14,crm,0,1,0.0,0,train_split
WC707901,2026-02-09 07:42,crm,0,1,0.0,0,train_split
WC707902,2026-02-09 07:54,crm,0,1,0.0,0,train_split
WC707903,2026-02-09 08:09,crm,0,1,0.0,0,train_split
WC707904,2026-02-09 08:37,crm,0,1,0.0,0,train_split
WC707905,2026-02-09 08:41,crm,0,1,0.0,,train_split
WC707906,2026-02-09 09:16,crm,0,1,0.0,0,train_split
WC707907,2026-02-09 10:58,crm,0,1,0.0,0,train_split
WC707908,2026-02-09 13:24,crm,0,1,0.0,0,train_split
WC707909,2026-02-09 13:46,crm,0,1,0.0,0,train_split
WC707910,2026-02-09 14:22,crm,0,1,0.0,0,train_split
WC707911,2026-02-09 15:35,crm,0,1,0.0,0,train_split
WC707912,2026-02-09 21:16,crm,0,1,0.0,0,train_split
WC707913,2026-02-09 21:23,crm,1,2,96.0,0,train_split
WC707914,2026-02-09 21:33,crm,0,1,0.0,0,train_split
WC707915,2026-02-09 22:05,crm,0,1,0.0,0,train_split
WC707916,2026-02-09 22:12,crm,0,1,0.0,0,train_split
WC707917,2026-02-09 23:06,crm,1,2,120.0,0,train_split
WC707918,2026-02-10 00:06,crm,0,1,0.0,0,train_split
WC707919,2026-02-10 00:49,crm,0,1,0.0,0,train_split
WC707920,2026-02-10 00:52,crm,0,1,0.0,0,train_split
WC707921,2026-02-10 01:52,crm,1,2,48.0,0,train_split
WC707922,2026-02-10 02:57,crm,0,1,0.0,0,train_split
WC707923,2026-02-10 04:31,crm,0,1,0.0,0,train_split
WC707924,2026-02-10 04:52,crm,0,1,0.0,0,train_split
WC707925,2026-02-10 05:42,crm,0,1,0.0,0,train_split
WC707926,2026-02-10 08:35,crm,0,1,0.0,0,train_split
WC707927,2026-02-10 08:45,crm,0,1,0.0,0,train_split
WC707928,2026-02-10 08:54,crm,0,1,0.0,0,train_split
WC707929,2026-02-10 09:06,crm,0,1,0.0,0,train_split
WC707930,2026-02-10 10:22,crm,0,1,0.0,0,train_split
WC707931,2026-02-10 10:24,crm,1,2,72.0,0,train_split
WC707932,2026-02-10 12:41,crm,0,1,0.0,0,train_split
WC707933,2026-02-10 13:28,crm,0,1,0.0,0,train_split
WC707934,2026-02-10 14:12,crm,0,1,0.0,0,train_split
WC707935,2026-02-10 15:33,crm,0,1,0.0,0,train_split
WC707936,2026-02-10 18:00,crm,0,1,0.0,0,train_split
WC707937,2026-02-10 21:42,crm,0,1,0.0,,train_split
WC707938,2026-02-10 23:20,crm,0,1,0.0,0,train_split
WC707939,2026-02-10 23:31,crm,0,1,0.0,0,train_split
WC707940,2026-02-11 01:30,crm,0,1,0.0,0,train_split
WC707941,2026-02-11 02:24,crm,0,1,0.0,0,train_split
WC707942,2026-02-11 06:32,crm,0,1,0.0,0,train_split
WC707943,2026-02-11 06:36,crm,0,1,0.0,0,train_split
WC707944,2026-02-11 06:39,crm,0,1,0.0,,train_split
WC707945,2026-02-11 07:05,crm,0,1,0.0,0,train_split
WC707946,2026-02-11 08:45,crm,0,1,0.0,0,train_split
WC707947,2026-02-11 09:31,crm,1,2,24.0,0,train_split
WC707948,2026-02-11 10:33,crm,0,1,0.0,0,train_split
WC707949,2026-02-11 11:05,crm,0,1,0.0,0,train_split
WC707950,2026-02-11 11:47,crm,0,1,0.0,0,train_split
WC707951,2026-02-11 12:46,crm,0,1,0.0,0,train_split
WC707952,2026-02-11 14:16,crm,0,1,0.0,0,train_split
WC707953,2026-02-11 14:17,crm,0,1,0.0,1,train_split
WC707954,2026-02-11 15:17,crm,0,1,0.0,0,train_split
WC707955,2026-02-11 17:07,crm,0,1,0.0,0,train_split
WC707956,2026-02-11 19:42,crm,0,1,0.0,0,train_split
WC707957,2026-02-11 19:43,crm,0,1,0.0,0,train_split
WC707958,2026-02-11 20:22,crm,1,2,96.0,0,train_split
WC707959,2026-02-11 21:10,crm,0,1,0.0,0,train_split
WC707960,2026-02-11 22:55,crm,0,1,0.0,0,train_split
WC707961,2026-02-12 00:35,crm,0,1,0.0,0,train_split
WC707962,2026-02-12 01:14,crm,0,1,0.0,0,train_split
WC707963,2026-02-12 03:01,crm,0,1,0.0,0,train_split
WC707964,2026-02-12 03:01,crm,0,1,0.0,0,train_split
WC707965,2026-02-12 03:05,crm,0,1,0.0,0,train_split
WC707966,2026-02-12 05:02,crm,0,1,0.0,0,train_split
WC707967,2026-02-12 05:12,crm,0,1,0.0,0,train_split
WC707968,2026-02-12 05:50,crm,0,1,0.0,0,train_split
WC707969,2026-02-12 05:57,crm,0,1,0.0,0,train_split
WC707970,2026-02-12 06:10,crm,0,1,0.0,0,train_split
WC707971,2026-02-12 09:24,crm,0,1,0.0,0,train_split
WC707972,2026-02-12 10:06,crm,0,1,0.0,0,train_split
WC707973,2026-02-12 10:48,crm,0,1,0.0,0,train_split
WC707974,2026-02-12 11:15,crm,0,1,0.0,0,train_split
WC707975,2026-02-12 13:54,crm,0,1,0.0,0,train_split
WC707976,2026-02-12 15:13,crm,0,1,0.0,0,train_split
WC707977,2026-02-12 17:12,crm,0,1,0.0,0,train_split
WC707978,2026-02-12 17:44,crm,1,2,72.0,,train_split
WC707979,2026-02-12 18:46,crm,0,1,0.0,0,train_split
WC707980,2026-02-12 19:02,crm,0,1,0.0,0,train_split
WC707981,2026-02-12 20:36,crm,0,1,0.0,0,train_split
WC707982,2026-02-12 21:11,crm,0,1,0.0,0,train_split
WC707983,2026-02-12 21:17,crm,0,1,0.0,0,train_split
WC707984,2026-02-12 22:30,crm,0,1,0.0,0,train_split
WC707985,2026-02-12 22:39,crm,0,1,0.0,0,train_split
WC707986,2026-02-12 22:42,crm,0,1,0.0,0,train_split
WC707987,2026-02-12 23:07,crm,0,1,0.0,0,train_split
WC707988,2026-02-12 23:45,crm,0,1,0.0,0,train_split
WC707989,2026-02-13 01:23,crm,0,1,0.0,0,train_split
WC707990,2026-02-13 03:13,crm,0,1,0.0,0,train_split
WC707991,2026-02-13 03:16,crm,0,1,0.0,0,train_split
WC707992,2026-02-13 04:25,crm,0,1,0.0,0,train_split
WC707993,2026-02-13 04:31,crm,0,1,0.0,0,train_split
WC707994,2026-02-13 04:57,crm,0,1,0.0,0,train_split
WC707995,2026-02-13 06:46,crm,0,1,0.0,0,train_split
WC707996,2026-02-13 07:21,crm,0,1,0.0,0,train_split
WC707997,2026-02-13 08:13,crm,0,1,0.0,0,train_split
WC707998,2026-02-13 09:29,crm,0,1,0.0,0,train_split
WC707999,2026-02-13 10:16,crm,0,1,0.0,0,train_split
WC708000,2026-02-13 10:34,crm,0,1,0.0,0,train_split
WC708001,2026-02-13 11:52,crm,0,1,0.0,0,train_split
WC708002,2026-02-13 12:02,crm,0,1,0.0,0,train_split
WC708003,2026-02-13 12:04,crm,0,1,0.0,0,train_split
WC708004,2026-02-13 13:04,crm,1,2,72.0,0,train_split
WC708005,2026-02-13 13:22,crm,0,1,0.0,0,train_split
WC708007,2026-02-13 13:40,crm,0,1,0.0,0,train_split
WC708006,2026-02-13 13:40,crm,0,1,0.0,0,train_split
WC708008,2026-02-13 14:02,crm,0,1,0.0,0,train_split
WC708009,2026-02-13 14:03,crm,0,1,0.0,0,train_split
WC708010,2026-02-13 15:54,crm,0,1,0.0,0,train_split
WC708011,2026-02-13 16:19,crm,0,1,0.0,0,train_split
WC708012,2026-02-13 16:51,crm,0,1,0.0,0,train_split
WC708013,2026-02-13 16:59,crm,0,1,0.0,0,train_split
WC708014,2026-02-13 17:25,crm,0,1,0.0,0,train_split
WC708015,2026-02-13 18:54,crm,0,1,0.0,0,train_split
WC708016,2026-02-13 19:16,crm,0,1,0.0,0,train_split
WC708017,2026-02-13 21:02,crm,0,1,0.0,0,train_split
WC708018,2026-02-13 23:04,crm,0,1,0.0,0,train_split
WC708019,2026-02-13 23:06,crm,0,1,0.0,0,train_split
WC708020,2026-02-14 01:02,crm,0,1,0.0,0,train_split
WC708021,2026-02-14 02:23,crm,0,1,0.0,0,train_split
WC708022,2026-02-14 03:09,crm,0,1,0.0,0,train_split
WC708023,2026-02-14 03:28,crm,0,1,0.0,0,train_split
WC708024,2026-02-14 03:40,crm,1,2,48.0,0,train_split
WC708025,2026-02-14 03:51,crm,0,1,0.0,0,train_split
WC708026,2026-02-14 06:47,crm,0,1,0.0,0,train_split
WC708027,2026-02-14 09:39,crm,0,1,0.0,0,train_split
WC708028,2026-02-14 09:44,crm,0,1,0.0,0,train_split
WC708029,2026-02-14 10:16,crm,1,2,48.0,0,train_split
WC708030,2026-02-14 10:32,crm,0,1,0.0,0,train_split
WC708031,2026-02-14 11:29,crm,0,1,0.0,0,train_split
WC708032,2026-02-14 12:02,crm,0,1,0.0,0,train_split
WC708033,2026-02-14 13:33,crm,0,1,0.0,0,train_split
WC708034,2026-02-14 14:56,crm,0,1,0.0,0,train_split
WC708035,2026-02-14 16:13,crm,0,1,0.0,0,train_split
WC708036,2026-02-14 16:21,crm,0,1,0.0,0,train_split
WC708037,2026-02-14 18:42,crm,0,1,0.0,0,train_split
WC708038,2026-02-14 19:19,crm,0,1,0.0,0,train_split
WC708039,2026-02-14 21:00,crm,0,1,0.0,0,train_split
WC708040,2026-02-14 21:42,crm,0,1,0.0,0,train_split
WC708041,2026-02-14 22:04,crm,0,1,0.0,0,train_split
WC708042,2026-02-14 23:58,crm,0,1,0.0,0,train_split
WC708043,2026-02-15 00:02,crm,0,1,0.0,0,train_split
WC708044,2026-02-15 00:34,crm,0,1,0.0,0,train_split
WC708045,2026-02-15 02:03,crm,0,1,0.0,0,train_split
WC708046,2026-02-15 03:47,crm,0,1,0.0,0,train_split
WC708047,2026-02-15 05:08,crm,0,1,0.0,0,train_split
WC708048,2026-02-15 05:29,crm,0,1,0.0,0,train_split
WC708049,2026-02-15 05:53,crm,0,1,0.0,0,train_split
WC708050,2026-02-15 05:57,crm,0,1,0.0,0,train_split
WC708051,2026-02-15 07:13,crm,0,1,0.0,1,train_split
WC708052,2026-02-15 07:20,crm,0,1,0.0,0,train_split
WC708053,2026-02-15 08:26,crm,0,1,0.0,0,train_split
WC708054,2026-02-15 08:35,crm,0,1,0.0,0,train_split
WC708055,2026-02-15 10:07,crm,0,1,0.0,0,train_split
WC708056,2026-02-15 10:42,crm,0,1,0.0,0,train_split
WC708057,2026-02-15 11:26,crm,0,1,0.0,0,train_split
WC708058,2026-02-15 13:16,crm,0,1,0.0,0,train_split
WC708059,2026-02-15 14:07,crm,0,1,0.0,0,train_split
WC708060,2026-02-15 14:40,crm,0,1,0.0,0,train_split
WC708061,2026-02-15 14:52,crm,0,1,0.0,0,train_split
WC708062,2026-02-15 16:07,crm,0,1,0.0,0,train_split
WC708063,2026-02-15 16:32,crm,0,1,0.0,0,train_split
WC708064,2026-02-15 17:13,crm,0,1,0.0,0,train_split
WC708065,2026-02-15 17:39,crm,0,1,0.0,0,train_split
WC708066,2026-02-15 17:40,crm,0,1,0.0,0,train_split
WC708067,2026-02-15 18:00,crm,0,1,0.0,0,train_split
WC708068,2026-02-15 18:36,crm,0,1,0.0,0,train_split
WC708069,2026-02-15 20:00,crm,0,1,0.0,0,train_split
WC708070,2026-02-15 20:12,crm,0,1,0.0,0,train_split
WC708071,2026-02-15 21:05,crm,0,1,0.0,0,train_split
WC708072,2026-02-16 00:29,crm,0,1,0.0,0,train_split
WC708073,2026-02-16 00:36,crm,0,1,0.0,0,train_split
WC708074,2026-02-16 00:55,crm,0,1,0.0,0,train_split
WC708075,2026-02-16 01:19,crm,0,1,0.0,0,train_split
WC708076,2026-02-16 01:19,crm,0,1,0.0,0,train_split
WC708077,2026-02-16 01:37,crm,0,1,0.0,0,train_split
WC708078,2026-02-16 01:44,crm,0,1,0.0,0,train_split
WC708079,2026-02-16 01:56,crm,0,1,0.0,0,train_split
WC708080,2026-02-16 03:23,crm,0,1,0.0,0,train_split
WC708081,2026-02-16 03:41,crm,0,1,0.0,0,train_split
WC708082,2026-02-16 04:23,crm,0,1,0.0,0,train_split
WC708083,2026-02-16 04:53,crm,0,1,0.0,0,train_split
WC708084,2026-02-16 08:50,crm,0,1,0.0,0,train_split
WC708085,2026-02-16 09:04,crm,0,1,0.0,0,train_split
WC708086,2026-02-16 10:56,crm,0,1,0.0,0,train_split
WC708087,2026-02-16 11:17,crm,0,1,0.0,0,train_split
WC708088,2026-02-16 11:30,crm,0,1,0.0,0,train_split
WC708089,2026-02-16 13:21,crm,0,1,0.0,0,train_split
WC708090,2026-02-16 14:18,crm,0,1,0.0,0,train_split
WC708091,2026-02-16 15:28,crm,0,1,0.0,0,train_split
WC708092,2026-02-16 16:10,crm,0,1,0.0,0,train_split
WC708093,2026-02-16 16:37,crm,1,2,96.0,0,train_split
WC708094,2026-02-16 16:51,crm,0,1,0.0,0,train_split
WC708095,2026-02-16 17:52,crm,0,1,0.0,0,train_split
WC708096,2026-02-16 21:14,crm,0,1,0.0,0,train_split
WC708097,2026-02-16 22:11,crm,0,1,0.0,0,train_split
WC708098,2026-02-16 22:20,crm,0,1,0.0,0,train_split
WC708099,2026-02-16 23:11,crm,1,2,72.0,0,train_split
WC708100,2026-02-16 23:33,crm,0,1,0.0,0,train_split
WC708101,2026-02-16 23:34,crm,0,1,0.0,0,train_split
WC708102,2026-02-16 23:42,crm,0,1,0.0,0,train_split
WC708103,2026-02-17 01:09,crm,0,1,0.0,0,train_split
WC708104,2026-02-17 01:11,crm,0,1,0.0,0,train_split
WC708105,2026-02-17 01:38,crm,0,1,0.0,0,train_split
WC708106,2026-02-17 03:29,crm,0,1,0.0,0,train_split
WC708107,2026-02-17 03:38,crm,0,1,0.0,0,train_split
WC708108,2026-02-17 04:45,crm,0,1,0.0,0,train_split
WC708109,2026-02-17 06:33,crm,0,1,0.0,0,train_split
WC708110,2026-02-17 07:19,crm,0,1,0.0,0,train_split
WC708111,2026-02-17 08:28,crm,0,1,0.0,0,train_split
WC708112,2026-02-17 09:33,crm,0,1,0.0,0,train_split
WC708113,2026-02-17 10:23,crm,0,1,0.0,0,train_split
WC708114,2026-02-17 10:42,crm,0,1,0.0,0,train_split
WC708115,2026-02-17 12:15,crm,1,2,24.0,0,train_split
WC708116,2026-02-17 12:18,crm,0,1,0.0,0,train_split
WC708117,2026-02-17 12:38,crm,0,1,0.0,0,train_split
WC708118,2026-02-17 14:13,crm,0,1,0.0,0,train_split
WC708119,2026-02-17 14:36,crm,0,1,0.0,0,train_split
WC708120,2026-02-17 16:33,crm,0,1,0.0,0,train_split
WC708121,2026-02-17 21:17,crm,0,1,0.0,0,train_split
WC708122,2026-02-17 21:36,crm,0,1,0.0,0,train_split
WC708123,2026-02-17 23:04,crm,0,1,0.0,0,train_split
WC708124,2026-02-17 23:40,crm,0,1,0.0,0,train_split
WC708125,2026-02-18 00:16,crm,0,1,0.0,0,train_split
WC708126,2026-02-18 01:22,crm,0,1,0.0,0,train_split
WC708127,2026-02-18 01:36,crm,0,1,0.0,0,train_split
WC708128,2026-02-18 01:59,crm,0,1,0.0,0,train_split
WC708129,2026-02-18 02:06,crm,0,1,0.0,0,train_split
WC708130,2026-02-18 02:38,crm,0,1,0.0,0,train_split
WC708131,2026-02-18 04:26,crm,0,1,0.0,0,train_split
WC708132,2026-02-18 06:04,crm,0,1,0.0,0,train_split
WC708133,2026-02-18 07:47,crm,0,1,0.0,0,train_split
WC708134,2026-02-18 08:20,crm,0,1,0.0,0,train_split
WC708135,2026-02-18 10:27,crm,0,1,0.0,0,train_split
WC708136,2026-02-18 12:30,crm,0,1,0.0,0,train_split
WC708137,2026-02-18 13:09,crm,0,1,0.0,0,train_split
WC708138,2026-02-18 14:23,crm,0,1,0.0,0,train_split
WC708139,2026-02-18 14:42,crm,0,1,0.0,0,train_split
WC708140,2026-02-18 15:36,crm,0,1,0.0,0,train_split
WC708141,2026-02-18 15:47,crm,0,1,0.0,0,train_split
WC708142,2026-02-18 16:34,crm,0,1,0.0,0,train_split
WC708143,2026-02-18 17:03,crm,0,1,0.0,0,train_split
WC708144,2026-02-18 17:16,crm,0,1,0.0,,train_split
WC708145,2026-02-18 17:42,crm,0,1,0.0,0,train_split
WC708146,2026-02-18 23:07,crm,0,1,0.0,0,train_split
WC708147,2026-02-19 00:21,crm,0,1,0.0,0,train_split
WC708148,2026-02-19 05:23,crm,0,1,0.0,0,train_split
WC708149,2026-02-19 05:38,crm,0,1,0.0,0,train_split
WC708150,2026-02-19 05:50,crm,0,1,0.0,0,train_split
WC708151,2026-02-19 06:59,crm,0,1,0.0,0,train_split
WC708152,2026-02-19 07:06,crm,0,1,0.0,0,train_split
WC708153,2026-02-19 07:23,crm,0,1,0.0,0,train_split
WC708154,2026-02-19 07:55,crm,0,1,0.0,0,train_split
WC708155,2026-02-19 08:36,crm,0,1,0.0,0,train_split
WC708156,2026-02-19 09:00,crm,0,1,0.0,0,train_split
WC708157,2026-02-19 10:09,crm,0,1,0.0,0,train_split
WC708158,2026-02-19 11:58,crm,0,1,0.0,0,train_split
WC708159,2026-02-19 12:02,crm,0,1,0.0,0,train_split
WC708160,2026-02-19 14:33,crm,0,1,0.0,,train_split
WC708161,2026-02-19 14:57,crm,0,1,0.0,,train_split
WC708162,2026-02-19 15:29,crm,0,1,0.0,0,train_split
WC708163,2026-02-19 15:48,crm,0,1,0.0,0,train_split
WC708164,2026-02-19 17:53,crm,0,1,0.0,0,train_split
WC708165,2026-02-19 19:05,crm,0,1,0.0,0,train_split
WC708166,2026-02-19 19:18,crm,0,1,0.0,,train_split
WC708167,2026-02-19 19:46,crm,0,1,0.0,0,train_split
WC708168,2026-02-19 20:29,crm,0,1,0.0,0,train_split
WC708169,2026-02-19 20:50,crm,0,1,0.0,0,train_split
WC708170,2026-02-19 21:11,crm,0,1,0.0,0,train_split
WC708171,2026-02-19 23:31,crm,0,1,0.0,0,train_split
WC708172,2026-02-20 00:16,crm,0,1,0.0,0,train_split
WC708173,2026-02-20 01:07,crm,0,1,0.0,0,train_split
WC708174,2026-02-20 03:54,crm,0,1,0.0,0,train_split
WC708175,2026-02-20 04:34,crm,0,1,0.0,0,train_split
WC708176,2026-02-20 04:51,crm,1,2,72.0,0,train_split
WC708177,2026-02-20 04:54,crm,0,1,0.0,0,train_split
WC708178,2026-02-20 07:34,crm,0,1,0.0,0,train_split
WC708179,2026-02-20 08:09,crm,0,1,0.0,0,train_split
WC708180,2026-02-20 09:10,crm,0,1,0.0,0,train_split
WC708181,2026-02-20 11:20,crm,0,1,0.0,0,train_split
WC708182,2026-02-20 11:34,crm,0,1,0.0,0,train_split
WC708183,2026-02-20 12:36,crm,0,1,0.0,0,train_split
WC708184,2026-02-20 13:19,crm,0,1,0.0,0,train_split
WC708185,2026-02-20 14:05,crm,0,1,0.0,0,train_split
WC708186,2026-02-20 15:05,crm,0,1,0.0,0,train_split
WC708187,2026-02-20 15:19,crm,0,1,0.0,0,train_split
WC708188,2026-02-20 15:25,crm,0,1,0.0,0,train_split
WC708189,2026-02-20 16:11,crm,0,1,0.0,0,train_split
WC708190,2026-02-20 16:21,crm,0,1,0.0,0,train_split
WC708191,2026-02-20 18:42,crm,0,1,0.0,0,train_split
WC708192,2026-02-20 20:09,crm,0,1,0.0,0,train_split
WC708193,2026-02-21 00:35,crm,0,1,0.0,0,train_split
WC708194,2026-02-21 01:02,crm,0,1,0.0,0,train_split
WC708195,2026-02-21 01:44,crm,0,1,0.0,0,train_split
WC708196,2026-02-21 02:16,crm,0,1,0.0,0,train_split
WC708197,2026-02-21 03:10,crm,0,1,0.0,0,train_split
WC708198,2026-02-21 03:39,crm,0,1,0.0,0,train_split
WC708199,2026-02-21 04:49,crm,0,1,0.0,0,train_split
WC708200,2026-02-21 04:53,crm,0,1,0.0,0,train_split
WC708201,2026-02-21 05:33,crm,0,1,0.0,0,train_split
WC708202,2026-02-21 07:13,crm,0,1,0.0,0,train_split
WC708203,2026-02-21 08:06,crm,0,1,0.0,0,train_split
WC708204,2026-02-21 08:53,crm,0,1,0.0,0,train_split
WC708205,2026-02-21 10:25,crm,0,1,0.0,0,train_split
WC708206,2026-02-21 12:08,crm,0,1,0.0,0,train_split
WC708207,2026-02-21 15:44,crm,0,1,0.0,0,train_split
WC708208,2026-02-21 18:22,crm,1,2,72.0,0,train_split
WC708209,2026-02-21 19:16,crm,0,1,0.0,0,train_split
WC708210,2026-02-21 19:58,crm,0,1,0.0,0,train_split
WC708211,2026-02-21 22:59,crm,1,2,120.0,0,train_split
WC708212,2026-02-21 23:19,crm,0,1,0.0,0,train_split
WC708213,2026-02-22 01:50,crm,0,1,0.0,0,train_split
WC708214,2026-02-22 01:50,crm,0,1,0.0,0,train_split
WC708215,2026-02-22 01:58,crm,1,2,96.0,0,train_split
WC708216,2026-02-22 02:16,crm,0,1,0.0,0,train_split
WC708217,2026-02-22 03:24,crm,0,1,0.0,0,train_split
WC708218,2026-02-22 03:24,crm,0,1,0.0,0,train_split
WC708219,2026-02-22 04:02,crm,0,1,0.0,0,train_split
WC708220,2026-02-22 04:07,crm,0,1,0.0,0,train_split
WC708221,2026-02-22 08:05,crm,0,1,0.0,0,train_split
WC708222,2026-02-22 09:23,crm,0,1,0.0,0,train_split
WC708223,2026-02-22 09:53,crm,0,1,0.0,0,train_split
WC708224,2026-02-22 10:20,crm,0,1,0.0,0,train_split
WC708225,2026-02-22 10:37,crm,0,1,0.0,0,train_split
WC708226,2026-02-22 11:48,crm,0,1,0.0,0,train_split
WC708227,2026-02-22 13:41,crm,0,1,0.0,1,train_split
WC708228,2026-02-22 14:18,crm,1,2,48.0,0,train_split
WC708229,2026-02-22 15:23,crm,0,1,0.0,0,train_split
WC708230,2026-02-22 16:51,crm,0,1,0.0,0,train_split
WC708231,2026-02-22 17:01,crm,0,1,0.0,0,train_split
WC708232,2026-02-22 19:41,crm,0,1,0.0,0,train_split
WC708233,2026-02-22 19:48,crm,0,1,0.0,0,train_split
WC708234,2026-02-22 20:14,crm,0,1,0.0,0,train_split
WC708235,2026-02-22 22:59,crm,0,1,0.0,0,train_split
WC708236,2026-02-22 23:06,crm,0,1,0.0,0,train_split
WC708237,2026-02-23 00:14,crm,0,1,0.0,0,train_split
WC708238,2026-02-23 00:18,crm,0,1,0.0,0,train_split
WC708239,2026-02-23 00:48,crm,0,1,0.0,0,train_split
WC708240,2026-02-23 01:06,crm,0,1,0.0,0,train_split
WC708241,2026-02-23 02:05,crm,0,1,0.0,0,train_split
WC708242,2026-02-23 03:14,crm,0,1,0.0,0,train_split
WC708243,2026-02-23 04:57,crm,0,1,0.0,0,train_split
WC708244,2026-02-23 05:07,crm,0,1,0.0,0,train_split
WC708245,2026-02-23 05:46,crm,0,1,0.0,0,train_split
WC708246,2026-02-23 08:28,crm,0,1,0.0,0,train_split
WC708247,2026-02-23 08:39,crm,0,1,0.0,0,train_split
WC708248,2026-02-23 10:31,crm,0,1,0.0,0,train_split
WC708249,2026-02-23 10:52,crm,0,1,0.0,0,train_split
WC708250,2026-02-23 11:03,crm,0,1,0.0,0,train_split
WC708251,2026-02-23 11:09,crm,0,1,0.0,0,train_split
WC708252,2026-02-23 12:01,crm,0,1,0.0,0,train_split
WC708253,2026-02-23 12:16,crm,0,1,0.0,0,train_split
WC708254,2026-02-23 12:40,crm,0,1,0.0,0,train_split
WC708255,2026-02-23 12:42,crm,0,1,0.0,0,train_split
WC708256,2026-02-23 12:51,crm,0,1,0.0,0,train_split
WC708257,2026-02-23 15:09,crm,0,1,0.0,0,train_split
WC708258,2026-02-23 15:14,crm,0,1,0.0,0,train_split
WC708259,2026-02-23 15:54,crm,0,1,0.0,0,train_split
WC708260,2026-02-23 16:01,crm,0,1,0.0,0,train_split
WC708261,2026-02-23 16:42,crm,0,1,0.0,0,train_split
WC708262,2026-02-23 17:56,crm,0,1,0.0,0,train_split
WC708263,2026-02-23 18:27,crm,0,1,0.0,0,train_split
WC708264,2026-02-23 19:29,crm,0,1,0.0,0,train_split
WC708265,2026-02-23 23:24,crm,0,1,0.0,0,train_split
WC708266,2026-02-23 23:42,crm,0,1,0.0,0,train_split
WC708267,2026-02-23 23:43,crm,0,1,0.0,0,train_split
WC708268,2026-02-24 00:08,crm,1,2,120.0,0,train_split
WC708269,2026-02-24 00:22,crm,0,1,0.0,0,train_split
WC708270,2026-02-24 00:25,crm,0,1,0.0,0,train_split
WC708271,2026-02-24 00:33,crm,0,1,0.0,0,train_split
WC708272,2026-02-24 00:59,crm,0,1,0.0,0,train_split
WC708273,2026-02-24 01:34,crm,0,1,0.0,0,train_split
WC708274,2026-02-24 01:53,crm,0,1,0.0,0,train_split
WC708275,2026-02-24 02:49,crm,0,1,0.0,0,train_split
WC708276,2026-02-24 04:14,crm,0,1,0.0,0,train_split
WC708277,2026-02-24 04:20,crm,0,1,0.0,0,train_split
WC708278,2026-02-24 06:04,crm,0,1,0.0,0,train_split
WC708279,2026-02-24 06:13,crm,0,1,0.0,0,train_split
WC708280,2026-02-24 07:02,crm,0,1,0.0,0,train_split
WC708281,2026-02-24 08:09,crm,0,1,0.0,0,train_split
WC708282,2026-02-24 09:05,crm,0,1,0.0,0,train_split
WC708283,2026-02-24 09:43,crm,0,1,0.0,0,train_split
WC708284,2026-02-24 11:02,crm,0,1,0.0,0,train_split
WC708285,2026-02-24 11:29,crm,0,1,0.0,0,train_split
WC708286,2026-02-24 12:31,crm,0,1,0.0,0,train_split
WC708287,2026-02-24 12:47,crm,1,2,72.0,0,train_split
WC708288,2026-02-24 13:45,crm,0,1,0.0,0,train_split
WC708289,2026-02-24 16:50,crm,0,1,0.0,0,train_split
WC708290,2026-02-24 18:08,crm,0,1,0.0,0,train_split
WC708291,2026-02-24 22:37,crm,0,1,0.0,0,train_split
WC708292,2026-02-24 22:38,crm,0,1,0.0,0,train_split
WC708293,2026-02-25 00:46,crm,0,1,0.0,0,train_split
WC708294,2026-02-25 01:07,crm,0,1,0.0,0,train_split
WC708295,2026-02-25 01:25,crm,0,1,0.0,0,train_split
WC708296,2026-02-25 01:50,crm,0,1,0.0,0,train_split
WC708297,2026-02-25 03:21,crm,0,1,0.0,0,train_split
WC708298,2026-02-25 04:42,crm,0,1,0.0,,train_split
WC708299,2026-02-25 04:59,crm,0,1,0.0,0,train_split
WC708300,2026-02-25 05:19,crm,0,1,0.0,0,train_split
WC708301,2026-02-25 05:27,crm,0,1,0.0,0,train_split
WC708302,2026-02-25 05:28,crm,0,1,0.0,0,train_split
WC708303,2026-02-25 05:46,crm,0,1,0.0,0,train_split
WC708304,2026-02-25 06:35,crm,0,1,0.0,0,train_split
WC708305,2026-02-25 07:00,crm,0,1,0.0,0,train_split
WC708306,2026-02-25 08:30,crm,0,1,0.0,0,train_split
WC708307,2026-02-25 10:26,crm,0,1,0.0,0,train_split
WC708308,2026-02-25 12:58,crm,0,1,0.0,0,train_split
WC708309,2026-02-25 14:14,crm,0,1,0.0,0,train_split
WC708310,2026-02-25 16:31,crm,0,1,0.0,0,train_split
WC708311,2026-02-25 17:42,crm,0,1,0.0,0,train_split
WC708312,2026-02-25 18:42,crm,0,1,0.0,0,train_split
WC708313,2026-02-25 20:28,crm,0,1,0.0,0,train_split
WC708314,2026-02-25 20:36,crm,0,1,0.0,0,train_split
WC708315,2026-02-25 23:09,crm,0,1,0.0,0,train_split
WC708316,2026-02-25 23:10,crm,0,1,0.0,0,train_split
WC708317,2026-02-25 23:57,crm,0,1,0.0,0,train_split
WC708318,2026-02-26 00:06,crm,0,1,0.0,0,train_split
WC708319,2026-02-26 00:29,crm,0,1,0.0,0,train_split
WC708320,2026-02-26 00:43,crm,0,1,0.0,0,train_split
WC708321,2026-02-26 03:56,crm,0,1,0.0,0,train_split
WC708322,2026-02-26 04:07,crm,0,1,0.0,0,train_split
WC708323,2026-02-26 06:03,crm,0,1,0.0,0,train_split
WC708324,2026-02-26 06:38,crm,1,2,120.0,0,train_split
WC708325,2026-02-26 07:41,crm,0,1,0.0,0,train_split
WC708326,2026-02-26 08:23,crm,0,1,0.0,0,train_split
WC708327,2026-02-26 09:38,crm,0,1,0.0,0,train_split
WC708328,2026-02-26 11:18,crm,0,1,0.0,0,train_split
WC708329,2026-02-26 11:44,crm,0,1,0.0,0,train_split
WC708330,2026-02-26 11:56,crm,0,1,0.0,0,train_split
WC708331,2026-02-26 12:28,crm,1,2,48.0,0,train_split
WC708332,2026-02-26 12:37,crm,0,1,0.0,0,train_split
WC708333,2026-02-26 13:33,crm,0,1,0.0,0,train_split
WC708334,2026-02-26 13:34,crm,0,1,0.0,0,train_split
WC708335,2026-02-26 13:53,crm,0,1,0.0,0,train_split
WC708336,2026-02-26 14:10,crm,0,1,0.0,0,train_split
WC708337,2026-02-26 15:34,crm,0,1,0.0,0,train_split
WC708338,2026-02-26 17:25,crm,0,1,0.0,0,train_split
WC708339,2026-02-26 18:03,crm,0,1,0.0,0,train_split
WC708340,2026-02-26 20:16,crm,0,1,0.0,0,train_split
WC708341,2026-02-26 22:53,crm,0,1,0.0,0,train_split
WC708342,2026-02-26 23:12,crm,0,1,0.0,0,train_split
WC708343,2026-02-26 23:14,crm,1,2,48.0,0,train_split
WC708344,2026-02-27 00:28,crm,0,1,0.0,0,train_split
WC708345,2026-02-27 02:24,crm,0,1,0.0,0,train_split
WC708346,2026-02-27 03:07,crm,0,1,0.0,0,train_split
WC708347,2026-02-27 05:51,crm,0,1,0.0,0,train_split
WC708348,2026-02-27 06:12,crm,0,1,0.0,0,train_split
WC708349,2026-02-27 09:40,crm,0,1,0.0,0,train_split
WC708350,2026-02-27 09:53,crm,0,1,0.0,0,train_split
WC708351,2026-02-27 10:39,crm,0,1,0.0,0,train_split
WC708352,2026-02-27 10:43,crm,0,1,0.0,0,train_split
WC708353,2026-02-27 11:05,crm,0,1,0.0,0,train_split
WC708354,2026-02-27 13:31,crm,0,1,0.0,0,train_split
WC708355,2026-02-27 16:47,crm,0,1,0.0,0,train_split
WC708356,2026-02-27 17:01,crm,0,1,0.0,0,train_split
WC708357,2026-02-27 20:26,crm,0,1,0.0,0,train_split
WC708358,2026-02-28 00:38,crm,0,1,0.0,0,train_split
WC708359,2026-02-28 00:42,crm,0,1,0.0,0,train_split
WC708360,2026-02-28 01:25,crm,0,1,0.0,0,train_split
WC708361,2026-02-28 01:59,crm,0,1,0.0,0,train_split
WC708362,2026-02-28 02:06,crm,0,1,0.0,0,train_split
WC708363,2026-02-28 02:33,crm,0,1,0.0,0,train_split
WC708364,2026-02-28 02:46,crm,0,1,0.0,0,train_split
WC708365,2026-02-28 02:58,crm,0,1,0.0,0,train_split
WC708366,2026-02-28 04:15,crm,0,1,0.0,0,train_split
WC708367,2026-02-28 04:32,crm,0,1,0.0,0,train_split
WC708368,2026-02-28 04:38,crm,0,1,0.0,0,train_split
WC708369,2026-02-28 04:50,crm,0,1,0.0,0,train_split
WC708370,2026-02-28 05:07,crm,0,1,0.0,0,train_split
WC708371,2026-02-28 08:36,crm,0,1,0.0,0,train_split
WC708372,2026-02-28 08:41,crm,0,1,0.0,0,train_split
WC708373,2026-02-28 12:50,crm,0,1,0.0,0,train_split
WC708374,2026-02-28 14:45,crm,0,1,0.0,0,train_split
WC708375,2026-02-28 14:45,crm,0,1,0.0,0,train_split
WC708376,2026-02-28 17:24,crm,0,1,0.0,0,train_split
WC708377,2026-02-28 17:43,crm,0,1,0.0,0,train_split
WC708378,2026-02-28 18:13,crm,0,1,0.0,0,train_split
WC708379,2026-02-28 18:30,crm,0,1,0.0,0,train_split
WC708380,2026-02-28 18:49,crm,0,1,0.0,0,train_split
WC708381,2026-02-28 18:54,crm,0,1,0.0,0,train_split
WC708382,2026-02-28 19:27,crm,0,1,0.0,0,train_split
WC708383,2026-02-28 20:37,crm,0,1,0.0,0,train_split
WC708384,2026-02-28 20:51,crm,0,1,0.0,0,train_split
WC708385,2026-02-28 20:55,crm,0,1,0.0,0,train_split
WC708386,2026-02-28 22:30,crm,0,1,0.0,,train_split
WC708387,2026-02-28 22:33,crm,0,1,0.0,0,train_split
WC708388,2026-02-28 23:09,crm,0,1,0.0,0,train_split
WC708389,2026-02-28 23:11,crm,1,2,72.0,0,train_split
WC708390,2026-03-01 00:09,crm,0,1,0.0,0,train_split
WC708391,2026-03-01 00:29,crm,0,1,0.0,0,train_split
WC708392,2026-03-01 01:20,crm,0,1,0.0,0,train_split
WC708393,2026-03-01 01:43,crm,0,1,0.0,0,train_split
WC708394,2026-03-01 02:28,crm,0,1,0.0,0,train_split
WC708395,2026-03-01 02:55,crm,0,1,0.0,0,train_split
WC708396,2026-03-01 03:38,crm,0,1,0.0,0,train_split
WC708397,2026-03-01 06:43,crm,0,1,0.0,0,train_split
WC708398,2026-03-01 06:47,crm,0,1,0.0,0,train_split
WC708399,2026-03-01 08:20,crm,0,1,0.0,0,train_split
WC708400,2026-03-01 09:13,crm,0,1,0.0,0,train_split
WC708401,2026-03-01 10:29,crm,0,1,0.0,0,train_split
WC708402,2026-03-01 10:47,crm,0,1,0.0,0,train_split
WC708403,2026-03-01 11:33,crm,0,1,0.0,0,train_split
WC708404,2026-03-01 12:29,crm,0,1,0.0,0,train_split
WC708405,2026-03-01 14:23,crm,0,1,0.0,0,train_split
WC708406,2026-03-01 15:58,crm,0,1,0.0,0,train_split
WC708407,2026-03-01 16:43,crm,0,1,0.0,0,train_split
WC708408,2026-03-01 17:16,crm,0,1,0.0,0,train_split
WC708409,2026-03-01 17:59,crm,0,1,0.0,0,train_split
WC708410,2026-03-01 19:30,crm,0,1,0.0,0,train_split
WC708411,2026-03-01 19:37,crm,0,1,0.0,0,train_split
WC708412,2026-03-01 20:27,crm,0,1,0.0,0,train_split
WC708413,2026-03-01 21:48,crm,0,1,0.0,0,train_split
WC708414,2026-03-01 22:39,crm,0,1,0.0,0,train_split
WC708415,2026-03-01 23:44,crm,0,1,0.0,0,train_split
WC708416,2026-03-02 01:05,crm,0,1,0.0,0,train_split
WC708417,2026-03-02 05:51,crm,1,2,24.0,0,train_split
WC708418,2026-03-02 06:15,crm,0,1,0.0,0,train_split
WC708419,2026-03-02 07:03,crm,0,1,0.0,0,train_split
WC708420,2026-03-02 08:18,crm,0,1,0.0,0,train_split
WC708421,2026-03-02 08:21,crm,0,1,0.0,0,train_split
WC708422,2026-03-02 08:35,crm,0,1,0.0,0,train_split
WC708423,2026-03-02 09:03,crm,1,2,72.0,0,train_split
WC708424,2026-03-02 09:11,crm,0,1,0.0,0,train_split
WC708425,2026-03-02 09:34,crm,0,1,0.0,0,train_split
WC708426,2026-03-02 09:43,crm,0,1,0.0,0,train_split
WC708427,2026-03-02 09:46,crm,0,1,0.0,0,train_split
WC708428,2026-03-02 09:51,crm,1,2,96.0,0,train_split
WC708429,2026-03-02 10:09,crm,0,1,0.0,0,train_split
WC708430,2026-03-02 11:28,crm,0,1,0.0,0,train_split
WC708431,2026-03-02 12:07,crm,0,1,0.0,0,train_split
WC708432,2026-03-02 12:33,crm,0,1,0.0,0,train_split
WC708433,2026-03-02 12:38,crm,0,1,0.0,0,train_split
WC708434,2026-03-02 13:16,crm,0,1,0.0,0,train_split
WC708435,2026-03-02 14:48,crm,1,2,120.0,0,train_split
WC708436,2026-03-02 18:44,crm,0,1,0.0,0,train_split
WC708437,2026-03-02 19:22,crm,0,1,0.0,0,train_split
WC708438,2026-03-02 21:41,crm,0,1,0.0,0,train_split
WC708439,2026-03-02 22:52,crm,0,1,0.0,0,train_split
WC708440,2026-03-02 22:54,crm,0,1,0.0,0,train_split
WC708441,2026-03-02 23:40,crm,0,1,0.0,0,train_split
WC708442,2026-03-02 23:43,crm,1,2,72.0,0,train_split
WC708443,2026-03-02 23:58,crm,0,1,0.0,0,train_split
WC708444,2026-03-03 01:27,crm,0,1,0.0,0,train_split
WC708445,2026-03-03 02:28,crm,0,1,0.0,0,train_split
WC708446,2026-03-03 02:46,crm,0,1,0.0,0,train_split
WC708447,2026-03-03 03:14,crm,0,1,0.0,0,train_split
WC708448,2026-03-03 05:50,crm,0,1,0.0,0,train_split
WC708449,2026-03-03 07:38,crm,0,1,0.0,0,train_split
WC708450,2026-03-03 09:02,crm,0,1,0.0,0,train_split
WC708451,2026-03-03 09:35,crm,0,1,0.0,0,train_split
WC708452,2026-03-03 10:19,crm,0,1,0.0,0,train_split
WC708453,2026-03-03 10:20,crm,0,1,0.0,0,train_split
WC708454,2026-03-03 12:30,crm,0,1,0.0,0,train_split
WC708455,2026-03-03 14:24,crm,1,2,72.0,0,train_split
WC708456,2026-03-03 14:50,crm,0,1,0.0,0,train_split
WC708457,2026-03-03 15:05,crm,0,1,0.0,1,train_split
WC708458,2026-03-03 16:05,crm,0,1,0.0,0,train_split
WC708459,2026-03-03 16:06,crm,0,1,0.0,0,train_split
WC708460,2026-03-03 16:13,crm,0,1,0.0,0,train_split
WC708461,2026-03-03 16:19,crm,1,2,72.0,0,train_split
WC708462,2026-03-03 17:31,crm,0,1,0.0,0,train_split
WC708463,2026-03-03 18:28,crm,0,1,0.0,0,train_split
WC708464,2026-03-03 18:31,crm,0,1,0.0,0,train_split
WC708465,2026-03-03 19:56,crm,0,1,0.0,0,train_split
WC708466,2026-03-03 20:23,crm,0,1,0.0,0,train_split
WC708467,2026-03-03 21:06,crm,0,1,0.0,0,train_split
WC708468,2026-03-04 01:06,crm,0,1,0.0,0,train_split
WC708469,2026-03-04 01:23,crm,0,1,0.0,0,train_split
WC708470,2026-03-04 01:33,crm,0,1,0.0,0,train_split
WC708471,2026-03-04 03:02,crm,0,1,0.0,0,train_split
WC708472,2026-03-04 04:02,crm,0,1,0.0,0,train_split
WC708473,2026-03-04 07:00,crm,0,1,0.0,0,train_split
WC708474,2026-03-04 07:24,crm,0,1,0.0,0,train_split
WC708475,2026-03-04 09:39,crm,0,1,0.0,0,train_split
WC708476,2026-03-04 09:58,crm,0,1,0.0,0,train_split
WC708477,2026-03-04 10:40,crm,0,1,0.0,0,train_split
WC708478,2026-03-04 11:00,crm,0,1,0.0,0,train_split
WC708479,2026-03-04 12:00,crm,0,1,0.0,0,train_split
WC708480,2026-03-04 13:19,crm,0,1,0.0,0,train_split
WC708481,2026-03-04 13:57,crm,0,1,0.0,0,train_split
WC708482,2026-03-04 14:11,crm,0,1,0.0,0,train_split
WC708483,2026-03-04 15:43,crm,0,1,0.0,,train_split
WC708484,2026-03-04 16:51,crm,0,1,0.0,0,train_split
WC708485,2026-03-04 17:35,crm,0,1,0.0,0,train_split
WC708486,2026-03-04 17:37,crm,0,1,0.0,0,train_split
WC708487,2026-03-04 20:16,crm,0,1,0.0,0,train_split
WC708488,2026-03-04 20:23,crm,0,1,0.0,0,train_split
WC708489,2026-03-04 20:37,crm,0,1,0.0,0,train_split
WC708490,2026-03-04 21:42,crm,1,2,120.0,0,train_split
WC708491,2026-03-04 22:12,crm,0,1,0.0,0,train_split
WC708492,2026-03-04 23:13,crm,0,1,0.0,0,train_split
WC708493,2026-03-05 00:09,crm,0,1,0.0,0,train_split
WC708494,2026-03-05 00:22,crm,0,1,0.0,0,train_split
WC708495,2026-03-05 00:58,crm,0,1,0.0,0,train_split
WC708496,2026-03-05 01:23,crm,0,1,0.0,0,train_split
WC708497,2026-03-05 01:41,crm,0,1,0.0,0,train_split
WC708498,2026-03-05 02:55,crm,0,1,0.0,0,train_split
WC708499,2026-03-05 03:08,crm,0,1,0.0,0,train_split
WC708500,2026-03-05 03:52,crm,0,1,0.0,,train_split
WC708501,2026-03-05 04:53,crm,0,1,0.0,0,train_split
WC708502,2026-03-05 05:59,crm,0,1,0.0,0,train_split
WC708503,2026-03-05 06:52,crm,1,2,120.0,,train_split
WC708504,2026-03-05 06:53,crm,0,1,0.0,0,train_split
WC708505,2026-03-05 07:08,crm,0,1,0.0,0,train_split
WC708506,2026-03-05 08:05,crm,1,2,48.0,0,train_split
WC708507,2026-03-05 10:03,crm,0,1,0.0,0,train_split
WC708508,2026-03-05 10:10,crm,0,1,0.0,0,train_split
WC708509,2026-03-05 10:39,crm,0,1,0.0,0,train_split
WC708510,2026-03-05 11:25,crm,0,1,0.0,0,train_split
WC708511,2026-03-05 14:39,crm,0,1,0.0,0,train_split
WC708512,2026-03-05 16:56,crm,0,1,0.0,0,train_split
WC708513,2026-03-05 18:07,crm,0,1,0.0,0,train_split
WC708514,2026-03-05 18:50,crm,0,1,0.0,0,train_split
WC708515,2026-03-05 18:52,crm,1,2,120.0,0,train_split
WC708516,2026-03-05 19:32,crm,0,1,0.0,0,train_split
WC708517,2026-03-05 19:55,crm,0,1,0.0,0,train_split
WC708518,2026-03-05 20:10,crm,0,1,0.0,0,train_split
WC708519,2026-03-05 21:44,crm,0,1,0.0,0,train_split
WC708520,2026-03-06 01:28,crm,0,1,0.0,0,train_split
WC708521,2026-03-06 01:43,crm,0,1,0.0,0,train_split
WC708522,2026-03-06 02:05,crm,0,1,0.0,0,train_split
WC708523,2026-03-06 03:12,crm,0,1,0.0,0,train_split
WC708524,2026-03-06 03:24,crm,0,1,0.0,0,train_split
WC708525,2026-03-06 03:50,crm,0,1,0.0,0,train_split
WC708526,2026-03-06 07:42,crm,0,1,0.0,0,train_split
WC708527,2026-03-06 08:29,crm,0,1,0.0,0,train_split
WC708528,2026-03-06 08:44,crm,0,1,0.0,0,train_split
WC708529,2026-03-06 08:47,crm,0,1,0.0,0,train_split
WC708530,2026-03-06 08:54,crm,0,1,0.0,0,train_split
WC708531,2026-03-06 09:14,crm,0,1,0.0,0,train_split
WC708532,2026-03-06 10:17,crm,0,1,0.0,0,train_split
WC708533,2026-03-06 11:56,crm,0,1,0.0,0,train_split
WC708534,2026-03-06 13:30,crm,0,1,0.0,0,train_split
WC708535,2026-03-06 13:37,crm,1,2,48.0,0,train_split
WC708536,2026-03-06 17:34,crm,0,1,0.0,0,train_split
WC708537,2026-03-06 17:57,crm,1,2,72.0,,train_split
WC708538,2026-03-06 18:09,crm,0,1,0.0,0,train_split
WC708539,2026-03-06 18:14,crm,0,1,0.0,0,train_split
WC708540,2026-03-06 20:08,crm,0,1,0.0,0,train_split
WC708541,2026-03-06 20:16,crm,0,1,0.0,0,train_split
WC708542,2026-03-06 21:12,crm,0,1,0.0,0,train_split
WC708543,2026-03-06 22:43,crm,0,1,0.0,0,train_split
WC708544,2026-03-06 23:42,crm,0,1,0.0,0,train_split
WC708545,2026-03-07 02:43,crm,0,1,0.0,0,train_split
WC708546,2026-03-07 03:14,crm,0,1,0.0,0,train_split
WC708547,2026-03-07 03:42,crm,0,1,0.0,0,train_split
WC708548,2026-03-07 06:23,crm,0,1,0.0,0,train_split
WC708549,2026-03-07 06:38,crm,0,1,0.0,0,train_split
WC708550,2026-03-07 10:39,crm,0,1,0.0,0,train_split
WC708551,2026-03-07 10:53,crm,0,1,0.0,0,train_split
WC708552,2026-03-07 11:54,crm,0,1,0.0,0,train_split
WC708553,2026-03-07 11:55,crm,1,2,24.0,0,train_split
WC708554,2026-03-07 12:18,crm,0,1,0.0,0,train_split
WC708555,2026-03-07 13:16,crm,0,1,0.0,0,train_split
WC708556,2026-03-07 13:23,crm,0,1,0.0,0,train_split
WC708557,2026-03-07 13:45,crm,0,1,0.0,0,train_split
WC708558,2026-03-07 15:31,crm,1,2,96.0,0,train_split
WC708559,2026-03-07 15:41,crm,1,2,96.0,0,train_split
WC708560,2026-03-07 16:00,crm,0,1,0.0,0,train_split
WC708561,2026-03-07 16:24,crm,0,1,0.0,0,train_split
WC708562,2026-03-07 16:28,crm,0,1,0.0,0,train_split
WC708563,2026-03-07 17:34,crm,0,1,0.0,0,train_split
WC708564,2026-03-07 18:48,crm,0,1,0.0,0,train_split
WC708565,2026-03-07 20:38,crm,0,1,0.0,0,train_split
WC708566,2026-03-07 20:51,crm,0,1,0.0,0,train_split
WC708567,2026-03-07 21:01,crm,0,1,0.0,0,train_split
WC708568,2026-03-07 21:02,crm,0,1,0.0,0,train_split
WC708569,2026-03-07 22:44,crm,0,1,0.0,0,train_split
WC708570,2026-03-07 23:03,crm,0,1,0.0,0,train_split
WC708571,2026-03-07 23:57,crm,0,1,0.0,0,train_split
WC708572,2026-03-08 00:40,crm,0,1,0.0,0,train_split
WC708573,2026-03-08 00:47,crm,0,1,0.0,0,train_split
WC708574,2026-03-08 01:00,crm,0,1,0.0,0,train_split
WC708575,2026-03-08 02:33,crm,0,1,0.0,0,train_split
WC708576,2026-03-08 03:52,crm,0,1,0.0,0,train_split
WC708577,2026-03-08 04:25,crm,0,1,0.0,0,train_split
WC708578,2026-03-08 06:48,crm,0,1,0.0,0,train_split
WC708579,2026-03-08 10:38,crm,0,1,0.0,0,train_split
WC708580,2026-03-08 10:59,crm,0,1,0.0,0,train_split
WC708581,2026-03-08 11:30,crm,1,2,96.0,0,train_split
WC708582,2026-03-08 12:16,crm,0,1,0.0,0,train_split
WC708583,2026-03-08 12:58,crm,0,1,0.0,0,train_split
WC708584,2026-03-08 13:43,crm,0,1,0.0,0,train_split
WC708585,2026-03-08 13:43,crm,0,1,0.0,0,train_split
WC708586,2026-03-08 15:05,crm,0,1,0.0,0,train_split
WC708587,2026-03-08 18:59,crm,0,1,0.0,0,train_split
WC708588,2026-03-08 19:03,crm,0,1,0.0,0,train_split
WC708589,2026-03-08 19:51,crm,0,1,0.0,0,train_split
WC708590,2026-03-08 20:52,crm,0,1,0.0,0,train_split
WC708591,2026-03-08 21:32,crm,0,1,0.0,0,train_split
WC708592,2026-03-08 21:53,crm,0,1,0.0,0,train_split
WC708593,2026-03-08 23:55,crm,0,1,0.0,0,train_split
WC708594,2026-03-09 02:47,crm,1,2,96.0,0,train_split
WC708595,2026-03-09 03:03,crm,0,1,0.0,0,train_split
WC708596,2026-03-09 05:16,crm,0,1,0.0,0,train_split
WC708597,2026-03-09 05:56,crm,0,1,0.0,0,train_split
WC708598,2026-03-09 08:39,crm,0,1,0.0,0,train_split
WC708599,2026-03-09 09:26,crm,0,1,0.0,0,train_split
WC708600,2026-03-09 09:39,crm,0,1,0.0,0,train_split
WC708601,2026-03-09 09:41,crm,0,1,0.0,0,train_split
WC708602,2026-03-09 10:41,crm,0,1,0.0,0,train_split
WC708603,2026-03-09 11:09,crm,0,1,0.0,0,train_split
WC708604,2026-03-09 11:55,crm,0,1,0.0,0,train_split
WC708605,2026-03-09 12:43,crm,0,1,0.0,0,train_split
WC708606,2026-03-09 14:43,crm,1,2,96.0,0,train_split
WC708607,2026-03-09 14:56,crm,0,1,0.0,0,train_split
WC708608,2026-03-09 15:22,crm,0,1,0.0,0,train_split
WC708609,2026-03-09 15:23,crm,0,1,0.0,0,train_split
WC708610,2026-03-09 15:52,crm,0,1,0.0,0,train_split
WC708611,2026-03-09 16:23,crm,0,1,0.0,0,train_split
WC708612,2026-03-09 18:18,crm,0,1,0.0,0,train_split
WC708613,2026-03-09 18:23,crm,0,1,0.0,,train_split
WC708614,2026-03-09 21:07,crm,0,1,0.0,0,train_split
WC708615,2026-03-09 21:43,crm,0,1,0.0,0,train_split
WC708616,2026-03-09 22:17,crm,0,1,0.0,0,train_split
WC708617,2026-03-09 22:38,crm,0,1,0.0,0,train_split
WC708618,2026-03-09 23:02,crm,0,1,0.0,0,train_split
WC708619,2026-03-10 00:56,crm,0,1,0.0,0,train_split
WC708620,2026-03-10 01:03,crm,0,1,0.0,0,train_split
WC708621,2026-03-10 02:13,crm,0,1,0.0,0,train_split
WC708622,2026-03-10 06:31,crm,0,1,0.0,0,train_split
WC708623,2026-03-10 06:33,crm,0,1,0.0,0,train_split
WC708624,2026-03-10 08:03,crm,1,2,24.0,0,train_split
WC708625,2026-03-10 08:24,crm,0,1,0.0,0,train_split
WC708626,2026-03-10 10:45,crm,0,1,0.0,0,train_split
WC708627,2026-03-10 11:17,crm,0,1,0.0,,train_split
WC708628,2026-03-10 11:22,crm,0,1,0.0,0,train_split
WC708629,2026-03-10 12:22,crm,0,1,0.0,0,train_split
WC708630,2026-03-10 12:23,crm,0,1,0.0,0,train_split
WC708631,2026-03-10 14:17,crm,0,1,0.0,0,train_split
WC708632,2026-03-10 14:26,crm,0,1,0.0,0,train_split
WC708633,2026-03-10 15:36,crm,0,1,0.0,0,train_split
WC708634,2026-03-10 16:10,crm,0,1,0.0,0,train_split
WC708635,2026-03-10 16:13,crm,0,1,0.0,0,train_split
WC708636,2026-03-10 17:11,crm,0,1,0.0,0,train_split
WC708637,2026-03-10 17:52,crm,0,1,0.0,,train_split
WC708638,2026-03-10 18:25,crm,0,1,0.0,0,train_split
WC708639,2026-03-10 18:33,crm,1,2,24.0,0,train_split
WC708640,2026-03-10 18:42,crm,0,1,0.0,0,train_split
WC708641,2026-03-10 19:54,crm,0,1,0.0,0,train_split
WC708642,2026-03-10 21:24,crm,0,1,0.0,0,train_split
WC708643,2026-03-10 21:26,crm,0,1,0.0,0,train_split
WC708644,2026-03-10 22:21,crm,0,1,0.0,0,train_split
WC708645,2026-03-11 02:20,crm,0,1,0.0,0,train_split
WC708646,2026-03-11 02:39,crm,0,1,0.0,0,train_split
WC708647,2026-03-11 03:51,crm,0,1,0.0,0,train_split
WC708648,2026-03-11 05:43,crm,0,1,0.0,0,train_split
WC708649,2026-03-11 08:04,crm,0,1,0.0,0,train_split
WC708650,2026-03-11 08:48,crm,0,1,0.0,0,train_split
WC708651,2026-03-11 09:04,crm,0,1,0.0,0,train_split
WC708652,2026-03-11 09:08,crm,0,1,0.0,0,train_split
WC708653,2026-03-11 09:24,crm,0,1,0.0,0,train_split
WC708654,2026-03-11 11:37,crm,0,1,0.0,0,train_split
WC708655,2026-03-11 13:36,crm,0,1,0.0,0,train_split
WC708656,2026-03-11 14:46,crm,1,2,120.0,0,train_split
WC708657,2026-03-11 15:11,crm,1,2,120.0,0,train_split
WC708658,2026-03-11 19:07,crm,0,1,0.0,0,train_split
WC708659,2026-03-11 19:20,crm,0,1,0.0,0,train_split
WC708660,2026-03-11 20:26,crm,0,1,0.0,0,train_split
WC708661,2026-03-11 21:01,crm,0,1,0.0,0,train_split
WC708662,2026-03-11 21:08,crm,0,1,0.0,0,train_split
WC708663,2026-03-11 21:37,crm,0,1,0.0,0,train_split
WC708664,2026-03-11 22:55,crm,0,1,0.0,0,train_split
WC708665,2026-03-11 23:48,crm,0,1,0.0,0,train_split
WC708666,2026-03-12 01:22,crm,0,1,0.0,0,train_split
WC708667,2026-03-12 02:45,crm,0,1,0.0,0,train_split
WC708668,2026-03-12 04:44,crm,0,1,0.0,0,train_split
WC708669,2026-03-12 04:54,crm,0,1,0.0,0,train_split
WC708670,2026-03-12 06:00,crm,0,1,0.0,0,train_split
WC708671,2026-03-12 06:45,crm,0,1,0.0,0,train_split
WC708672,2026-03-12 06:50,crm,0,1,0.0,0,train_split
WC708673,2026-03-12 07:20,crm,0,1,0.0,0,train_split
WC708674,2026-03-12 07:23,crm,0,1,0.0,0,train_split
WC708675,2026-03-12 11:02,crm,0,1,0.0,0,train_split
WC708676,2026-03-12 13:25,crm,0,1,0.0,0,train_split
WC708677,2026-03-12 13:32,crm,0,1,0.0,0,train_split
WC708678,2026-03-12 13:47,crm,0,1,0.0,0,train_split
WC708679,2026-03-12 15:04,crm,0,1,0.0,0,train_split
WC708680,2026-03-12 16:11,crm,0,1,0.0,0,train_split
WC708681,2026-03-12 16:21,crm,0,1,0.0,0,train_split
WC708682,2026-03-12 16:41,crm,0,1,0.0,0,train_split
WC708683,2026-03-12 16:50,crm,0,1,0.0,0,train_split
WC708684,2026-03-12 17:40,crm,0,1,0.0,0,train_split
WC708685,2026-03-12 17:55,crm,0,1,0.0,,train_split
WC708686,2026-03-12 18:18,crm,0,1,0.0,1,train_split
WC708687,2026-03-12 20:59,crm,0,1,0.0,0,train_split
WC708688,2026-03-12 21:49,crm,0,1,0.0,0,train_split
WC708689,2026-03-12 22:23,crm,0,1,0.0,0,train_split
WC708690,2026-03-12 22:38,crm,0,1,0.0,0,train_split
WC708691,2026-03-12 22:44,crm,0,1,0.0,0,train_split
WC708692,2026-03-12 23:52,crm,0,1,0.0,0,train_split
WC708693,2026-03-13 00:09,crm,0,1,0.0,0,train_split
WC708694,2026-03-13 00:15,crm,1,2,24.0,0,train_split
WC708695,2026-03-13 00:55,crm,0,1,0.0,0,train_split
WC708696,2026-03-13 01:23,crm,0,1,0.0,,train_split
WC708697,2026-03-13 02:38,crm,0,1,0.0,0,train_split
WC708698,2026-03-13 03:20,crm,1,2,24.0,0,train_split
WC708699,2026-03-13 04:11,crm,0,1,0.0,0,train_split
WC708700,2026-03-13 04:58,crm,0,1,0.0,0,train_split
WC708701,2026-03-13 05:25,crm,0,1,0.0,0,train_split
WC708702,2026-03-13 06:14,crm,0,1,0.0,0,train_split
WC708703,2026-03-13 06:56,crm,0,1,0.0,0,train_split
WC708704,2026-03-13 07:02,crm,0,1,0.0,0,train_split
WC708705,2026-03-13 08:08,crm,1,2,72.0,0,train_split
WC708706,2026-03-13 09:42,crm,0,1,0.0,0,train_split
WC708707,2026-03-13 10:32,crm,0,1,0.0,0,train_split
WC708708,2026-03-13 13:19,crm,0,1,0.0,0,train_split
WC708709,2026-03-13 13:50,crm,0,1,0.0,,train_split
WC708710,2026-03-13 14:33,crm,0,1,0.0,0,train_split
WC708711,2026-03-13 14:55,crm,0,1,0.0,0,train_split
WC708712,2026-03-13 15:13,crm,0,1,0.0,0,train_split
WC708713,2026-03-13 15:19,crm,0,1,0.0,0,train_split
WC708714,2026-03-13 15:42,crm,0,1,0.0,0,train_split
WC708715,2026-03-13 21:24,crm,0,1,0.0,0,train_split
WC708716,2026-03-13 22:21,crm,0,1,0.0,0,train_split
WC708717,2026-03-14 00:35,crm,0,1,0.0,0,train_split
WC708718,2026-03-14 00:41,crm,0,1,0.0,0,train_split
WC708719,2026-03-14 01:10,crm,1,2,72.0,0,train_split
WC708720,2026-03-14 04:28,crm,0,1,0.0,0,train_split
WC708721,2026-03-14 07:31,crm,0,1,0.0,0,train_split
WC708722,2026-03-14 07:47,crm,0,1,0.0,0,train_split
WC708723,2026-03-14 12:57,crm,0,1,0.0,0,train_split
WC708724,2026-03-14 13:09,crm,0,1,0.0,0,train_split
WC708725,2026-03-14 14:40,crm,1,2,24.0,0,train_split
WC708726,2026-03-14 14:42,crm,0,1,0.0,0,train_split
WC708727,2026-03-14 14:55,crm,0,1,0.0,0,train_split
WC708728,2026-03-14 15:41,crm,0,1,0.0,0,train_split
WC708729,2026-03-14 16:48,crm,0,1,0.0,0,train_split
WC708730,2026-03-14 16:55,crm,0,1,0.0,0,train_split
WC708731,2026-03-14 19:26,crm,0,1,0.0,,train_split
WC708732,2026-03-14 19:38,crm,0,1,0.0,0,train_split
WC708733,2026-03-14 22:17,crm,0,1,0.0,0,train_split
WC708734,2026-03-14 22:20,crm,0,1,0.0,0,train_split
WC708735,2026-03-15 00:33,crm,0,1,0.0,0,train_split
WC708736,2026-03-15 01:14,crm,1,2,24.0,0,train_split
WC708737,2026-03-15 02:33,crm,0,1,0.0,0,train_split
WC708738,2026-03-15 03:35,crm,0,1,0.0,,train_split
WC708739,2026-03-15 03:47,crm,0,1,0.0,0,train_split
WC708740,2026-03-15 04:25,crm,0,1,0.0,0,train_split
WC708741,2026-03-15 05:17,crm,1,2,48.0,0,train_split
WC708742,2026-03-15 06:38,crm,0,1,0.0,0,train_split
WC708743,2026-03-15 08:32,crm,0,1,0.0,1,train_split
WC708744,2026-03-15 12:41,crm,0,1,0.0,0,train_split
WC708745,2026-03-15 13:54,crm,0,1,0.0,0,train_split
WC708746,2026-03-15 15:23,crm,0,1,0.0,0,train_split
WC708747,2026-03-15 15:26,crm,0,1,0.0,0,train_split
WC708748,2026-03-15 19:20,crm,0,1,0.0,0,train_split
WC708749,2026-03-15 19:28,crm,1,2,96.0,0,train_split
WC708750,2026-03-15 19:46,crm,0,1,0.0,0,train_split
WC708751,2026-03-15 20:21,crm,0,1,0.0,0,train_split
WC708752,2026-03-15 20:41,crm,0,1,0.0,0,train_split
WC708753,2026-03-15 20:49,crm,0,1,0.0,0,train_split
WC708754,2026-03-15 21:22,crm,0,1,0.0,0,train_split
WC708755,2026-03-15 22:32,crm,0,1,0.0,0,train_split
WC708756,2026-03-15 22:52,crm,0,1,0.0,0,train_split
WC708757,2026-03-16 00:47,crm,0,1,0.0,0,train_split
WC708758,2026-03-16 00:58,crm,0,1,0.0,0,train_split
WC708759,2026-03-16 00:59,crm,0,1,0.0,0,train_split
WC708760,2026-03-16 02:39,crm,1,2,96.0,0,train_split
WC708761,2026-03-16 03:26,crm,0,1,0.0,0,train_split
WC708762,2026-03-16 04:04,crm,0,1,0.0,0,train_split
WC708763,2026-03-16 06:54,crm,0,1,0.0,0,train_split
WC708764,2026-03-16 07:32,crm,0,1,0.0,0,train_split
WC708765,2026-03-16 08:38,crm,0,1,0.0,0,train_split
WC708766,2026-03-16 08:46,crm,0,1,0.0,0,train_split
WC708767,2026-03-16 09:04,crm,0,1,0.0,0,train_split
WC708768,2026-03-16 09:54,crm,0,1,0.0,0,train_split
WC708769,2026-03-16 10:37,crm,0,1,0.0,0,train_split
WC708770,2026-03-16 11:37,crm,0,1,0.0,0,train_split
WC708771,2026-03-16 11:42,crm,0,1,0.0,0,train_split
WC708772,2026-03-16 14:07,crm,0,1,0.0,0,train_split
WC708773,2026-03-16 15:07,crm,0,1,0.0,0,train_split
WC708774,2026-03-16 16:37,crm,0,1,0.0,0,train_split
WC708775,2026-03-16 18:33,crm,1,2,96.0,0,train_split
WC708776,2026-03-16 18:40,crm,0,1,0.0,0,train_split
WC708777,2026-03-16 19:13,crm,0,1,0.0,0,train_split
WC708778,2026-03-16 20:42,crm,0,1,0.0,0,train_split
WC708779,2026-03-16 20:56,crm,0,1,0.0,0,train_split
WC708780,2026-03-16 22:42,crm,0,1,0.0,0,train_split
WC708781,2026-03-16 22:50,crm,0,1,0.0,0,train_split
WC708782,2026-03-16 23:17,crm,0,1,0.0,0,train_split
WC708783,2026-03-17 00:35,crm,0,1,0.0,0,train_split
WC708784,2026-03-17 01:00,crm,0,1,0.0,0,train_split
WC708785,2026-03-17 01:07,crm,0,1,0.0,0,train_split
WC708786,2026-03-17 01:09,crm,0,1,0.0,0,train_split
WC708787,2026-03-17 01:36,crm,0,1,0.0,0,train_split
WC708788,2026-03-17 01:54,crm,0,1,0.0,0,train_split
WC708789,2026-03-17 04:48,crm,0,1,0.0,0,train_split
WC708790,2026-03-17 05:46,crm,0,1,0.0,0,train_split
WC708791,2026-03-17 07:42,crm,0,1,0.0,0,train_split
WC708792,2026-03-17 09:48,crm,0,1,0.0,0,train_split
WC708793,2026-03-17 10:03,crm,0,1,0.0,0,train_split
WC708794,2026-03-17 11:31,crm,0,1,0.0,0,train_split
WC708795,2026-03-17 12:05,crm,0,1,0.0,0,train_split
WC708796,2026-03-17 16:52,crm,0,1,0.0,0,train_split
WC708797,2026-03-17 17:05,crm,0,1,0.0,0,train_split
WC708798,2026-03-17 17:18,crm,0,1,0.0,0,train_split
WC708799,2026-03-17 18:35,crm,0,1,0.0,0,train_split
WC708800,2026-03-17 18:37,crm,0,1,0.0,0,train_split
WC708801,2026-03-17 20:25,crm,0,1,0.0,0,train_split
WC708802,2026-03-18 03:13,crm,0,1,0.0,0,train_split
WC708803,2026-03-18 03:48,crm,0,1,0.0,0,train_split
WC708804,2026-03-18 04:55,crm,1,2,120.0,0,train_split
WC708805,2026-03-18 05:58,crm,0,1,0.0,0,train_split
WC708806,2026-03-18 06:25,crm,0,1,0.0,0,train_split
WC708807,2026-03-18 07:06,crm,1,2,48.0,0,train_split
WC708808,2026-03-18 07:13,crm,0,1,0.0,0,train_split
WC708809,2026-03-18 07:33,crm,1,2,24.0,0,train_split
WC708810,2026-03-18 08:59,crm,0,1,0.0,0,train_split
WC708811,2026-03-18 10:38,crm,0,1,0.0,0,train_split
WC708812,2026-03-18 12:15,crm,0,1,0.0,0,train_split
WC708813,2026-03-18 14:49,crm,0,1,0.0,0,train_split
WC708814,2026-03-18 15:03,crm,0,1,0.0,0,train_split
WC708815,2026-03-18 16:06,crm,0,1,0.0,0,train_split
WC708816,2026-03-18 20:28,crm,0,1,0.0,0,train_split
WC708817,2026-03-18 20:54,crm,0,1,0.0,0,train_split
WC708818,2026-03-18 21:17,crm,0,1,0.0,0,train_split
WC708819,2026-03-18 21:33,crm,0,1,0.0,0,train_split
WC708820,2026-03-18 21:52,crm,0,1,0.0,0,train_split
WC708821,2026-03-18 21:54,crm,0,1,0.0,0,train_split
WC708822,2026-03-18 22:55,crm,0,1,0.0,0,train_split
WC708823,2026-03-19 01:47,crm,0,1,0.0,0,train_split
WC708824,2026-03-19 01:55,crm,1,2,48.0,0,train_split
WC708825,2026-03-19 02:01,crm,0,1,0.0,0,train_split
WC708826,2026-03-19 02:41,crm,0,1,0.0,0,train_split
WC708827,2026-03-19 04:19,crm,0,1,0.0,0,train_split
WC708828,2026-03-19 06:11,crm,0,1,0.0,0,train_split
WC708829,2026-03-19 06:52,crm,0,1,0.0,0,train_split
WC708830,2026-03-19 07:27,crm,0,1,0.0,0,train_split
WC708831,2026-03-19 07:57,crm,0,1,0.0,0,train_split
WC708832,2026-03-19 09:08,crm,0,1,0.0,0,train_split
WC708833,2026-03-19 09:54,crm,0,1,0.0,0,train_split
WC708834,2026-03-19 10:14,crm,0,1,0.0,,train_split
WC708835,2026-03-19 10:19,crm,0,1,0.0,0,train_split
WC708836,2026-03-19 12:51,crm,0,1,0.0,0,train_split
WC708837,2026-03-19 13:54,crm,0,1,0.0,0,train_split
WC708838,2026-03-19 14:30,crm,0,1,0.0,0,train_split
WC708839,2026-03-19 14:49,crm,0,1,0.0,0,train_split
WC708840,2026-03-19 16:06,crm,0,1,0.0,0,train_split
WC708841,2026-03-19 16:13,crm,0,1,0.0,0,train_split
WC708842,2026-03-19 18:41,crm,0,1,0.0,0,train_split
WC708843,2026-03-19 18:51,crm,0,1,0.0,0,train_split
WC708844,2026-03-19 20:41,crm,0,1,0.0,0,train_split
WC708845,2026-03-19 20:43,crm,0,1,0.0,0,train_split
WC708846,2026-03-19 22:47,crm,0,1,0.0,0,train_split
WC708847,2026-03-19 22:59,crm,0,1,0.0,,train_split
WC708848,2026-03-19 23:15,crm,0,1,0.0,0,train_split
WC708849,2026-03-19 23:52,crm,0,1,0.0,0,train_split
WC708850,2026-03-19 23:56,crm,0,1,0.0,0,train_split
WC708851,2026-03-19 23:58,crm,0,1,0.0,0,train_split
WC708852,2026-03-20 02:08,crm,0,1,0.0,0,train_split
WC708853,2026-03-20 04:45,crm,0,1,0.0,0,train_split
WC708854,2026-03-20 05:07,crm,0,1,0.0,0,train_split
WC708855,2026-03-20 05:50,crm,0,1,0.0,0,train_split
WC708856,2026-03-20 06:08,crm,0,1,0.0,0,train_split
WC708857,2026-03-20 07:29,crm,0,1,0.0,1,train_split
WC708858,2026-03-20 07:56,crm,0,1,0.0,0,train_split
WC708859,2026-03-20 08:06,crm,0,1,0.0,,train_split
WC708860,2026-03-20 09:14,crm,0,1,0.0,0,train_split
WC708861,2026-03-20 10:12,crm,0,1,0.0,0,train_split
WC708862,2026-03-20 11:44,crm,0,1,0.0,0,train_split
WC708863,2026-03-20 12:21,crm,0,1,0.0,0,train_split
WC708864,2026-03-20 13:09,crm,0,1,0.0,0,train_split
WC708865,2026-03-20 13:46,crm,0,1,0.0,0,train_split
WC708866,2026-03-20 15:00,crm,0,1,0.0,0,train_split
WC708867,2026-03-20 15:53,crm,0,1,0.0,0,train_split
WC708868,2026-03-20 16:44,crm,0,1,0.0,0,train_split
WC708869,2026-03-20 21:15,crm,0,1,0.0,0,train_split
WC708870,2026-03-20 22:12,crm,0,1,0.0,0,train_split
WC708871,2026-03-20 22:13,crm,1,2,120.0,0,train_split
WC708872,2026-03-20 23:42,crm,1,2,48.0,0,train_split
WC708873,2026-03-21 00:22,crm,0,1,0.0,0,train_split
WC708874,2026-03-21 00:30,crm,0,1,0.0,0,train_split
WC708875,2026-03-21 00:43,crm,0,1,0.0,0,train_split
WC708876,2026-03-21 02:54,crm,0,1,0.0,0,train_split
WC708877,2026-03-21 03:20,crm,0,1,0.0,0,train_split
WC708878,2026-03-21 06:28,crm,0,1,0.0,0,train_split
WC708879,2026-03-21 07:12,crm,0,1,0.0,0,train_split
WC708880,2026-03-21 07:23,crm,0,1,0.0,0,train_split
WC708881,2026-03-21 09:09,crm,0,1,0.0,0,train_split
WC708882,2026-03-21 10:16,crm,0,1,0.0,0,train_split
WC708883,2026-03-21 13:08,crm,0,1,0.0,0,train_split
WC708884,2026-03-21 13:36,crm,0,1,0.0,0,train_split
WC708885,2026-03-21 13:37,crm,0,1,0.0,0,train_split
WC708886,2026-03-21 13:57,crm,0,1,0.0,0,train_split
WC708887,2026-03-21 15:06,crm,0,1,0.0,0,train_split
WC708888,2026-03-21 15:52,crm,0,1,0.0,0,train_split
WC708889,2026-03-21 16:17,crm,0,1,0.0,1,train_split
WC708890,2026-03-21 18:53,crm,0,1,0.0,0,train_split
WC708891,2026-03-21 19:19,crm,0,1,0.0,0,train_split
WC708892,2026-03-21 19:21,crm,0,1,0.0,0,train_split
WC708893,2026-03-21 20:52,crm,0,1,0.0,0,train_split
WC708894,2026-03-21 23:14,crm,0,1,0.0,0,train_split
WC708895,2026-03-21 23:17,crm,0,1,0.0,0,train_split
WC708896,2026-03-22 00:22,crm,0,1,0.0,0,train_split
WC708897,2026-03-22 01:43,crm,0,1,0.0,0,train_split
WC708898,2026-03-22 03:37,crm,0,1,0.0,0,train_split
WC708899,2026-03-22 04:32,crm,0,1,0.0,0,train_split
WC708900,2026-03-22 06:25,crm,0,1,0.0,0,train_split
WC708901,2026-03-22 07:05,crm,0,1,0.0,0,train_split
WC708902,2026-03-22 08:02,crm,0,1,0.0,0,train_split
WC708903,2026-03-22 10:13,crm,0,1,0.0,0,train_split
WC708904,2026-03-22 11:54,crm,0,1,0.0,,train_split
WC708905,2026-03-22 12:08,crm,0,1,0.0,0,train_split
WC708906,2026-03-22 12:33,crm,0,1,0.0,0,train_split
WC708907,2026-03-22 12:41,crm,0,1,0.0,0,train_split
WC708908,2026-03-22 13:43,crm,0,1,0.0,0,train_split
WC708909,2026-03-22 13:59,crm,0,1,0.0,0,train_split
WC708910,2026-03-22 15:24,crm,1,2,96.0,0,train_split
WC708911,2026-03-22 15:40,crm,0,1,0.0,,train_split
WC708912,2026-03-22 16:38,crm,0,1,0.0,0,train_split
WC708913,2026-03-22 20:38,crm,0,1,0.0,0,train_split
WC708914,2026-03-22 22:16,crm,0,1,0.0,0,train_split
WC708915,2026-03-22 22:39,crm,1,2,48.0,0,train_split
WC708916,2026-03-22 22:57,crm,0,1,0.0,0,train_split
WC708917,2026-03-22 23:05,crm,0,1,0.0,0,train_split
WC708918,2026-03-22 23:26,crm,0,1,0.0,0,train_split
WC708919,2026-03-23 00:48,crm,0,1,0.0,0,train_split
WC708920,2026-03-23 04:03,crm,0,1,0.0,,train_split
WC708921,2026-03-23 05:33,crm,0,1,0.0,0,train_split
WC708922,2026-03-23 05:37,crm,0,1,0.0,0,train_split
WC708923,2026-03-23 05:43,crm,0,1,0.0,0,train_split
WC708924,2026-03-23 05:49,crm,0,1,0.0,0,train_split
WC708925,2026-03-23 07:39,crm,0,1,0.0,0,train_split
WC708926,2026-03-23 10:18,crm,0,1,0.0,0,train_split
WC708927,2026-03-23 11:06,crm,0,1,0.0,0,train_split
WC708928,2026-03-23 12:14,crm,0,1,0.0,0,train_split
WC708929,2026-03-23 12:47,crm,0,1,0.0,0,train_split
WC708930,2026-03-23 14:31,crm,0,1,0.0,0,train_split
WC708931,2026-03-23 14:52,crm,0,1,0.0,0,train_split
WC708932,2026-03-23 15:45,crm,0,1,0.0,0,train_split
WC708933,2026-03-23 17:22,crm,0,1,0.0,0,train_split
WC708934,2026-03-23 22:27,crm,0,1,0.0,0,train_split
WC708935,2026-03-23 23:28,crm,0,1,0.0,0,train_split
WC708936,2026-03-24 00:56,crm,0,1,0.0,0,train_split
WC708937,2026-03-24 01:25,crm,0,1,0.0,0,train_split
WC708938,2026-03-24 04:34,crm,0,1,0.0,0,train_split
WC708939,2026-03-24 05:31,crm,0,1,0.0,0,train_split
WC708940,2026-03-24 06:05,crm,0,1,0.0,0,train_split
WC708941,2026-03-24 06:58,crm,0,1,0.0,0,train_split
WC708942,2026-03-24 07:33,crm,0,1,0.0,0,train_split
WC708943,2026-03-24 09:15,crm,1,2,120.0,0,train_split
WC708944,2026-03-24 11:51,crm,0,1,0.0,,train_split
WC708945,2026-03-24 12:39,crm,0,1,0.0,0,train_split
WC708946,2026-03-24 12:41,crm,0,1,0.0,0,train_split
WC708947,2026-03-24 13:11,crm,0,1,0.0,0,train_split
WC708948,2026-03-24 14:18,crm,0,1,0.0,0,train_split
WC708949,2026-03-24 14:32,crm,0,1,0.0,0,train_split
WC708950,2026-03-24 14:47,crm,0,1,0.0,0,train_split
WC708951,2026-03-24 15:00,crm,0,1,0.0,0,train_split
WC708952,2026-03-24 16:24,crm,0,1,0.0,0,train_split
WC708953,2026-03-24 16:59,crm,0,1,0.0,0,train_split
WC708954,2026-03-24 17:55,crm,0,1,0.0,0,train_split
WC708955,2026-03-24 18:16,crm,0,1,0.0,0,train_split
WC708956,2026-03-24 18:37,crm,0,1,0.0,1,train_split
WC708957,2026-03-24 20:39,crm,0,1,0.0,0,train_split
WC708958,2026-03-24 20:50,crm,0,1,0.0,0,train_split
WC708959,2026-03-24 22:07,crm,0,1,0.0,0,train_split
WC708960,2026-03-24 22:29,crm,1,2,48.0,0,train_split
WC708961,2026-03-24 23:03,crm,0,1,0.0,0,train_split
WC708962,2026-03-25 01:03,crm,1,2,72.0,0,train_split
WC708963,2026-03-25 01:06,crm,0,1,0.0,0,train_split
WC708964,2026-03-25 01:47,crm,0,1,0.0,0,train_split
WC708965,2026-03-25 03:01,crm,0,1,0.0,0,train_split
WC708966,2026-03-25 05:21,crm,0,1,0.0,0,train_split
WC708967,2026-03-25 06:34,crm,0,1,0.0,0,train_split
WC708968,2026-03-25 07:30,crm,0,1,0.0,0,train_split
WC708969,2026-03-25 08:18,crm,0,1,0.0,0,train_split
WC708970,2026-03-25 09:44,crm,0,1,0.0,0,train_split
WC708971,2026-03-25 10:11,crm,0,1,0.0,0,train_split
WC708972,2026-03-25 10:24,crm,0,1,0.0,0,train_split
WC708973,2026-03-25 12:35,crm,0,1,0.0,0,train_split
WC708974,2026-03-25 13:19,crm,0,1,0.0,0,train_split
WC708975,2026-03-25 14:08,crm,0,1,0.0,0,train_split
WC708976,2026-03-25 14:57,crm,0,1,0.0,0,train_split
WC708977,2026-03-25 17:33,crm,0,1,0.0,0,train_split
WC708978,2026-03-25 19:14,crm,0,1,0.0,0,train_split
WC708979,2026-03-25 19:28,crm,0,1,0.0,0,train_split
WC708980,2026-03-25 20:09,crm,0,1,0.0,0,train_split
WC708981,2026-03-25 23:57,crm,0,1,0.0,0,train_split
WC708982,2026-03-26 02:30,crm,0,1,0.0,0,train_split
WC708983,2026-03-26 02:48,crm,0,1,0.0,0,train_split
WC708984,2026-03-26 04:02,crm,0,1,0.0,0,train_split
WC708985,2026-03-26 04:07,crm,0,1,0.0,0,train_split
WC708986,2026-03-26 04:31,crm,0,1,0.0,0,train_split
WC708987,2026-03-26 04:32,crm,1,2,96.0,0,train_split
WC708988,2026-03-26 05:48,crm,0,1,0.0,0,train_split
WC708989,2026-03-26 06:21,crm,0,1,0.0,0,train_split
WC708990,2026-03-26 06:22,crm,0,1,0.0,0,train_split
WC708991,2026-03-26 07:02,crm,0,1,0.0,0,train_split
WC708992,2026-03-26 08:13,crm,0,1,0.0,0,train_split
WC708993,2026-03-26 08:15,crm,0,1,0.0,1,train_split
WC708994,2026-03-26 08:22,crm,0,1,0.0,0,train_split
WC708995,2026-03-26 10:07,crm,0,1,0.0,0,train_split
WC708996,2026-03-26 10:29,crm,0,1,0.0,0,train_split
WC708997,2026-03-26 11:19,crm,0,1,0.0,0,train_split
WC708998,2026-03-26 11:49,crm,0,1,0.0,0,train_split
WC708999,2026-03-26 11:59,crm,0,1,0.0,0,train_split
WC709000,2026-03-26 12:07,crm,0,1,0.0,0,train_split
WC709001,2026-03-26 12:19,crm,0,1,0.0,0,train_split
WC709002,2026-03-26 12:22,crm,0,1,0.0,0,train_split
WC709003,2026-03-26 12:37,crm,0,1,0.0,0,train_split
WC709004,2026-03-26 13:01,crm,0,1,0.0,0,train_split
WC709005,2026-03-26 13:58,crm,0,1,0.0,0,train_split
WC709006,2026-03-26 14:13,crm,0,1,0.0,0,train_split
WC709007,2026-03-26 15:07,crm,0,1,0.0,0,train_split
WC709008,2026-03-26 15:15,crm,0,1,0.0,0,train_split
WC709009,2026-03-26 16:19,crm,0,1,0.0,0,train_split
WC709010,2026-03-26 16:46,crm,0,1,0.0,0,train_split
WC709011,2026-03-26 17:09,crm,0,1,0.0,0,train_split
WC709012,2026-03-26 17:29,crm,0,1,0.0,0,train_split
WC709013,2026-03-26 20:13,crm,0,1,0.0,0,train_split
WC709014,2026-03-26 20:21,crm,0,1,0.0,0,train_split
WC709015,2026-03-26 20:33,crm,0,1,0.0,0,train_split
WC709016,2026-03-26 21:37,crm,0,1,0.0,0,train_split
WC709017,2026-03-26 21:41,crm,0,1,0.0,0,train_split
WC709018,2026-03-26 23:24,crm,0,1,0.0,,train_split
WC709019,2026-03-27 01:29,crm,0,1,0.0,0,train_split
WC709020,2026-03-27 03:59,crm,0,1,0.0,0,train_split
WC709021,2026-03-27 04:07,crm,0,1,0.0,0,train_split
WC709022,2026-03-27 04:23,crm,0,1,0.0,0,train_split
WC709023,2026-03-27 04:36,crm,0,1,0.0,0,train_split
WC709024,2026-03-27 04:45,crm,0,1,0.0,0,train_split
WC709025,2026-03-27 05:03,crm,0,1,0.0,0,train_split
WC709026,2026-03-27 05:14,crm,0,1,0.0,0,train_split
WC709027,2026-03-27 05:15,crm,0,1,0.0,0,train_split
WC709028,2026-03-27 05:19,crm,0,1,0.0,0,train_split
WC709029,2026-03-27 05:32,crm,0,1,0.0,0,train_split
WC709030,2026-03-27 06:17,crm,0,1,0.0,0,train_split
WC709031,2026-03-27 08:03,crm,0,1,0.0,0,train_split
WC709032,2026-03-27 08:36,crm,0,1,0.0,0,train_split
WC709033,2026-03-27 09:06,crm,0,1,0.0,0,train_split
WC709034,2026-03-27 09:25,crm,0,1,0.0,0,train_split
WC709035,2026-03-27 10:19,crm,0,1,0.0,0,train_split
WC709036,2026-03-27 10:31,crm,0,1,0.0,0,train_split
WC709037,2026-03-27 12:02,crm,0,1,0.0,0,train_split
WC709038,2026-03-27 14:48,crm,0,1,0.0,0,train_split
WC709039,2026-03-27 16:06,crm,0,1,0.0,0,train_split
WC709040,2026-03-27 18:32,crm,0,1,0.0,0,train_split
WC709041,2026-03-27 18:34,crm,0,1,0.0,0,train_split
WC709042,2026-03-27 19:20,crm,0,1,0.0,0,train_split
WC709043,2026-03-27 22:56,crm,0,1,0.0,0,train_split
WC709044,2026-03-28 00:10,crm,1,2,96.0,0,train_split
WC709045,2026-03-28 00:38,crm,0,1,0.0,0,train_split
WC709046,2026-03-28 00:56,crm,0,1,0.0,0,train_split
WC709047,2026-03-28 01:09,crm,0,1,0.0,0,train_split
WC709048,2026-03-28 02:29,crm,0,1,0.0,0,train_split
WC709049,2026-03-28 05:32,crm,0,1,0.0,0,train_split
WC709050,2026-03-28 08:29,crm,0,1,0.0,0,train_split
WC709051,2026-03-28 08:50,crm,1,2,120.0,0,train_split
WC709052,2026-03-28 10:07,crm,0,1,0.0,0,train_split
WC709053,2026-03-28 10:29,crm,0,1,0.0,0,train_split
WC709054,2026-03-28 10:40,crm,0,1,0.0,0,train_split
WC709055,2026-03-28 11:00,crm,0,1,0.0,0,train_split
WC709056,2026-03-28 12:03,crm,0,1,0.0,0,train_split
WC709057,2026-03-28 16:08,crm,0,1,0.0,0,train_split
WC709058,2026-03-28 16:46,crm,0,1,0.0,0,train_split
WC709059,2026-03-28 16:53,crm,0,1,0.0,0,train_split
WC709060,2026-03-28 17:54,crm,0,1,0.0,0,train_split
WC709061,2026-03-28 20:45,crm,0,1,0.0,1,train_split
WC709062,2026-03-28 21:05,crm,0,1,0.0,0,train_split
WC709063,2026-03-28 21:32,crm,0,1,0.0,0,train_split
WC709064,2026-03-28 21:40,crm,0,1,0.0,0,train_split
WC709065,2026-03-28 23:10,crm,1,2,96.0,0,train_split
WC709066,2026-03-28 23:31,crm,0,1,0.0,0,train_split
WC709067,2026-03-29 00:00,crm,0,1,0.0,,train_split
WC709068,2026-03-29 03:20,crm,0,1,0.0,0,train_split
WC709069,2026-03-29 06:27,crm,0,1,0.0,0,train_split
WC709070,2026-03-29 06:54,crm,0,1,0.0,0,train_split
WC709071,2026-03-29 07:16,crm,0,1,0.0,0,train_split
WC709072,2026-03-29 07:54,crm,0,1,0.0,0,train_split
WC709073,2026-03-29 08:36,crm,1,2,24.0,0,train_split
WC709074,2026-03-29 08:43,crm,0,1,0.0,0,train_split
WC709075,2026-03-29 09:32,crm,0,1,0.0,0,train_split
WC709076,2026-03-29 09:49,crm,0,1,0.0,0,train_split
WC709077,2026-03-29 13:32,crm,0,1,0.0,0,train_split
WC709078,2026-03-29 16:41,crm,0,1,0.0,0,train_split
WC709079,2026-03-29 16:52,crm,0,1,0.0,0,train_split
WC709080,2026-03-29 17:25,crm,0,1,0.0,0,train_split
WC709081,2026-03-29 19:51,crm,0,1,0.0,0,train_split
WC709082,2026-03-29 21:02,crm,0,1,0.0,0,train_split
WC709083,2026-03-29 21:19,crm,0,1,0.0,0,train_split
WC709084,2026-03-29 22:01,crm,0,1,0.0,0,train_split
WC709085,2026-03-29 23:41,crm,0,1,0.0,0,train_split
WC709086,2026-03-29 23:43,crm,0,1,0.0,0,train_split
WC709087,2026-03-29 23:51,crm,0,1,0.0,0,train_split
WC709088,2026-03-30 01:03,crm,0,1,0.0,0,train_split
WC709089,2026-03-30 01:17,crm,0,1,0.0,0,train_split
WC709090,2026-03-30 02:04,crm,0,1,0.0,0,train_split
WC709091,2026-03-30 02:18,crm,1,2,48.0,0,train_split
WC709092,2026-03-30 02:21,crm,0,1,0.0,0,train_split
WC709093,2026-03-30 04:28,crm,0,1,0.0,0,train_split
WC709094,2026-03-30 05:16,crm,0,1,0.0,0,train_split
WC709095,2026-03-30 06:04,crm,0,1,0.0,0,train_split
WC709096,2026-03-30 07:20,crm,0,1,0.0,0,train_split
WC709097,2026-03-30 08:34,crm,0,1,0.0,0,train_split
WC709098,2026-03-30 09:19,crm,0,1,0.0,0,train_split
WC709099,2026-03-30 09:34,crm,0,1,0.0,0,train_split
WC709100,2026-03-30 09:39,crm,0,1,0.0,0,train_split
WC709101,2026-03-30 09:58,crm,0,1,0.0,0,train_split
WC709102,2026-03-30 10:07,crm,0,1,0.0,,train_split
WC709103,2026-03-30 11:30,crm,0,1,0.0,0,train_split
WC709104,2026-03-30 11:41,crm,0,1,0.0,0,train_split
WC709105,2026-03-30 12:29,crm,0,1,0.0,0,train_split
WC709106,2026-03-30 12:53,crm,0,1,0.0,0,train_split
WC709107,2026-03-30 14:11,crm,1,2,48.0,0,train_split
WC709108,2026-03-30 17:37,crm,0,1,0.0,0,train_split
WC709109,2026-03-30 19:32,crm,0,1,0.0,0,train_split
WC709110,2026-03-30 20:35,crm,0,1,0.0,0,train_split
WC709111,2026-03-30 20:38,crm,0,1,0.0,0,train_split
WC709112,2026-03-30 23:31,crm,0,1,0.0,0,train_split
WC709113,2026-03-30 23:59,crm,0,1,0.0,0,train_split
WC709114,2026-03-31 00:50,crm,0,1,0.0,0,train_split
WC709115,2026-03-31 01:13,crm,0,1,0.0,1,train_split
WC709116,2026-03-31 01:35,crm,0,1,0.0,0,train_split
WC709117,2026-03-31 01:53,crm,0,1,0.0,0,train_split
WC709118,2026-03-31 04:39,crm,0,1,0.0,0,train_split
WC709119,2026-03-31 04:44,crm,0,1,0.0,0,train_split
WC709120,2026-03-31 04:58,crm,0,1,0.0,0,train_split
WC709121,2026-03-31 06:11,crm,0,1,0.0,0,train_split
WC709122,2026-03-31 06:49,crm,0,1,0.0,0,train_split
WC709123,2026-03-31 07:52,crm,0,1,0.0,0,train_split
WC709124,2026-03-31 08:51,crm,0,1,0.0,0,train_split
WC709125,2026-03-31 09:07,crm,0,1,0.0,0,train_split
WC709126,2026-03-31 09:18,crm,0,1,0.0,0,train_split
WC709127,2026-03-31 10:01,crm,0,1,0.0,0,train_split
WC709128,2026-03-31 10:14,crm,0,1,0.0,0,train_split
WC709129,2026-03-31 10:53,crm,0,1,0.0,0,train_split
WC709130,2026-03-31 12:04,crm,0,1,0.0,0,train_split
WC709131,2026-03-31 12:34,crm,0,1,0.0,0,train_split
WC709132,2026-03-31 13:09,crm,0,1,0.0,0,train_split
WC709133,2026-03-31 13:38,crm,0,1,0.0,0,train_split
WC709134,2026-03-31 14:14,crm,0,1,0.0,0,train_split
WC709135,2026-03-31 15:09,crm,0,1,0.0,0,train_split
WC709136,2026-03-31 15:14,crm,0,1,0.0,0,train_split
WC709137,2026-03-31 15:16,crm,0,1,0.0,0,train_split
WC709138,2026-03-31 15:33,crm,0,1,0.0,0,train_split
WC709139,2026-03-31 16:05,crm,0,1,0.0,0,train_split
WC709140,2026-03-31 16:56,crm,0,1,0.0,0,train_split
WC709141,2026-03-31 17:45,crm,0,1,0.0,0,train_split
WC709142,2026-03-31 17:50,crm,0,1,0.0,0,train_split
WC709143,2026-03-31 18:57,crm,0,1,0.0,0,train_split
WC709144,2026-03-31 19:19,crm,0,1,0.0,0,train_split
WC709145,2026-03-31 19:30,crm,0,1,0.0,0,train_split
WC709146,2026-03-31 19:58,crm,0,1,0.0,0,train_split
WC709147,2026-03-31 20:38,crm,0,1,0.0,0,train_split
WC709148,2026-03-31 20:40,crm,0,1,0.0,0,train_split
WC709149,2026-03-31 23:17,crm,0,1,0.0,0,train_split
WC709150,2026-04-01 00:49,crm,0,1,0.0,0,train_split
WC709151,2026-04-01 01:33,crm,0,1,0.0,0,train_split
WC709152,2026-04-01 01:40,crm,0,1,0.0,0,train_split
WC709153,2026-04-01 02:00,crm,0,1,0.0,0,train_split
WC709154,2026-04-01 03:33,crm,0,1,0.0,0,train_split
WC709155,2026-04-01 04:15,crm,0,1,0.0,0,train_split
WC709156,2026-04-01 04:44,crm,0,1,0.0,0,train_split
WC709157,2026-04-01 06:37,crm,0,1,0.0,0,train_split
WC709158,2026-04-01 07:10,crm,0,1,0.0,0,train_split
WC709159,2026-04-01 08:46,crm,0,1,0.0,0,train_split
WC709160,2026-04-01 10:45,crm,0,1,0.0,0,train_split
WC709161,2026-04-01 11:26,crm,0,1,0.0,0,train_split
WC709162,2026-04-01 11:42,crm,0,1,0.0,0,train_split
WC709163,2026-04-01 12:46,crm,1,2,96.0,0,train_split
WC709164,2026-04-01 13:59,crm,1,2,96.0,0,train_split
WC709165,2026-04-01 14:09,crm,0,1,0.0,0,train_split
WC709166,2026-04-01 16:22,crm,0,1,0.0,0,train_split
WC709167,2026-04-01 16:23,crm,0,1,0.0,0,train_split
WC709168,2026-04-01 17:19,crm,0,1,0.0,0,train_split
WC709169,2026-04-01 17:39,crm,0,1,0.0,0,train_split
WC709170,2026-04-01 18:04,crm,0,1,0.0,0,train_split
WC709171,2026-04-01 18:55,crm,0,1,0.0,0,train_split
WC709172,2026-04-01 20:23,crm,0,1,0.0,1,train_split
WC709173,2026-04-01 20:26,crm,0,1,0.0,0,train_split
WC709174,2026-04-01 20:32,crm,0,1,0.0,0,train_split
WC709175,2026-04-01 21:06,crm,0,1,0.0,0,train_split
WC709176,2026-04-01 22:20,crm,0,1,0.0,0,train_split
WC709177,2026-04-01 22:45,crm,0,1,0.0,0,train_split
WC709178,2026-04-01 22:49,crm,0,1,0.0,0,train_split
WC709179,2026-04-01 23:42,crm,0,1,0.0,0,train_split
WC709180,2026-04-02 00:16,crm,0,1,0.0,0,train_split
WC709181,2026-04-02 02:51,crm,0,1,0.0,0,train_split
WC709182,2026-04-02 03:46,crm,0,1,0.0,0,train_split
WC709183,2026-04-02 04:05,crm,0,1,0.0,0,train_split
WC709184,2026-04-02 04:12,crm,0,1,0.0,0,train_split
WC709185,2026-04-02 04:18,crm,0,1,0.0,0,train_split
WC709186,2026-04-02 04:24,crm,0,1,0.0,0,train_split
WC709187,2026-04-02 04:48,crm,0,1,0.0,,train_split
WC709188,2026-04-02 05:19,crm,0,1,0.0,0,train_split
WC709189,2026-04-02 05:55,crm,1,2,24.0,0,train_split
WC709190,2026-04-02 06:04,crm,0,1,0.0,0,train_split
WC709191,2026-04-02 06:21,crm,0,1,0.0,,train_split
WC709192,2026-04-02 07:06,crm,0,1,0.0,0,train_split
WC709193,2026-04-02 07:52,crm,0,1,0.0,0,train_split
WC709194,2026-04-02 09:25,crm,0,1,0.0,0,train_split
WC709195,2026-04-02 11:09,crm,0,1,0.0,0,train_split
WC709196,2026-04-02 12:30,crm,0,1,0.0,0,train_split
WC709197,2026-04-02 13:34,crm,0,1,0.0,0,train_split
WC709198,2026-04-02 13:50,crm,0,1,0.0,0,train_split
WC709199,2026-04-02 14:08,crm,0,1,0.0,0,train_split
WC709200,2026-04-02 14:59,crm,0,1,0.0,,train_split
WC709201,2026-04-02 16:28,crm,0,1,0.0,0,train_split
WC709202,2026-04-02 17:58,crm,0,1,0.0,0,train_split
WC709203,2026-04-02 18:11,crm,0,1,0.0,0,train_split
WC709204,2026-04-02 18:11,crm,0,1,0.0,0,train_split
WC709205,2026-04-02 18:37,crm,0,1,0.0,0,train_split
WC709206,2026-04-02 19:23,crm,0,1,0.0,0,train_split
WC709207,2026-04-02 21:20,crm,0,1,0.0,0,train_split
WC709208,2026-04-02 22:29,crm,0,1,0.0,0,train_split
WC709209,2026-04-02 23:57,crm,0,1,0.0,0,train_split
WC709210,2026-04-03 02:50,crm,0,1,0.0,0,train_split
WC709211,2026-04-03 02:52,crm,0,1,0.0,0,train_split
WC709212,2026-04-03 02:58,crm,0,1,0.0,0,train_split
WC709213,2026-04-03 03:12,crm,0,1,0.0,0,train_split
WC709214,2026-04-03 03:14,crm,0,1,0.0,0,train_split
WC709215,2026-04-03 03:45,crm,0,1,0.0,0,train_split
WC709216,2026-04-03 06:34,crm,0,1,0.0,0,train_split
WC709217,2026-04-03 06:37,crm,0,1,0.0,0,train_split
WC709218,2026-04-03 06:56,crm,1,2,96.0,0,train_split
WC709219,2026-04-03 07:12,crm,0,1,0.0,0,train_split
WC709220,2026-04-03 07:28,crm,0,1,0.0,0,train_split
WC709221,2026-04-03 07:44,crm,0,1,0.0,0,train_split
WC709222,2026-04-03 08:14,crm,0,1,0.0,0,train_split
WC709223,2026-04-03 10:01,crm,0,1,0.0,0,train_split
WC709224,2026-04-03 11:28,crm,0,1,0.0,0,train_split
WC709225,2026-04-03 12:56,crm,0,1,0.0,0,train_split
WC709226,2026-04-03 16:02,crm,0,1,0.0,0,train_split
WC709227,2026-04-03 17:25,crm,0,1,0.0,0,train_split
WC709228,2026-04-03 18:42,crm,0,1,0.0,0,train_split
WC709229,2026-04-03 19:11,crm,1,2,120.0,0,train_split
WC709230,2026-04-03 20:11,crm,0,1,0.0,0,train_split
WC709231,2026-04-03 20:19,crm,0,1,0.0,0,train_split
WC709232,2026-04-03 22:12,crm,0,1,0.0,0,train_split
WC709233,2026-04-03 22:41,crm,0,1,0.0,0,train_split
WC709234,2026-04-03 23:04,crm,0,1,0.0,0,train_split
WC709235,2026-04-03 23:18,crm,0,1,0.0,0,train_split
WC709236,2026-04-04 00:55,crm,0,1,0.0,0,train_split
WC709237,2026-04-04 01:31,crm,0,1,0.0,0,train_split
WC709238,2026-04-04 01:38,crm,0,1,0.0,0,train_split
WC709239,2026-04-04 01:41,crm,0,1,0.0,0,train_split
WC709240,2026-04-04 01:42,crm,0,1,0.0,0,train_split
WC709241,2026-04-04 03:55,crm,0,1,0.0,0,train_split
WC709242,2026-04-04 04:42,crm,0,1,0.0,0,train_split
WC709243,2026-04-04 05:26,crm,0,1,0.0,0,train_split
WC709244,2026-04-04 05:33,crm,0,1,0.0,0,train_split
WC709245,2026-04-04 06:02,crm,0,1,0.0,0,train_split
WC709246,2026-04-04 07:15,crm,0,1,0.0,0,train_split
WC709247,2026-04-04 07:45,crm,0,1,0.0,0,train_split
WC709248,2026-04-04 08:20,crm,0,1,0.0,0,train_split
WC709249,2026-04-04 09:23,crm,0,1,0.0,0,train_split
WC709250,2026-04-04 12:19,crm,0,1,0.0,0,train_split
WC709251,2026-04-04 12:47,crm,0,1,0.0,0,train_split
WC709252,2026-04-04 13:20,crm,0,1,0.0,0,train_split
WC709253,2026-04-04 13:40,crm,0,1,0.0,0,train_split
WC709254,2026-04-04 14:43,crm,0,1,0.0,0,train_split
WC709255,2026-04-04 14:48,crm,0,1,0.0,0,train_split
WC709256,2026-04-04 15:29,crm,0,1,0.0,0,train_split
WC709257,2026-04-04 16:07,crm,0,1,0.0,0,train_split
WC709258,2026-04-04 18:38,crm,0,1,0.0,0,train_split
WC709259,2026-04-04 19:28,crm,0,1,0.0,0,train_split
WC709260,2026-04-04 19:36,crm,0,1,0.0,0,train_split
WC709261,2026-04-04 20:26,crm,0,1,0.0,0,train_split
WC709262,2026-04-04 20:47,crm,0,1,0.0,0,train_split
WC709263,2026-04-04 22:23,crm,0,1,0.0,0,train_split
WC709264,2026-04-05 00:48,crm,0,1,0.0,0,train_split
WC709265,2026-04-05 02:41,crm,0,1,0.0,0,train_split
WC709266,2026-04-05 04:33,crm,0,1,0.0,0,train_split
WC709267,2026-04-05 05:16,crm,0,1,0.0,0,train_split
WC709268,2026-04-05 06:24,crm,0,1,0.0,0,train_split
WC709269,2026-04-05 06:43,crm,0,1,0.0,0,train_split
WC709270,2026-04-05 07:36,crm,0,1,0.0,0,train_split
WC709271,2026-04-05 09:11,crm,0,1,0.0,0,train_split
WC709272,2026-04-05 10:33,crm,0,1,0.0,0,train_split
WC709273,2026-04-05 11:39,crm,0,1,0.0,0,train_split
WC709274,2026-04-05 11:44,crm,0,1,0.0,0,train_split
WC709275,2026-04-05 13:13,crm,0,1,0.0,0,train_split
WC709276,2026-04-05 13:16,crm,0,1,0.0,0,train_split
WC709277,2026-04-05 14:10,crm,0,1,0.0,0,train_split
WC709278,2026-04-05 16:06,crm,0,1,0.0,0,train_split
WC709279,2026-04-05 18:00,crm,0,1,0.0,0,train_split
WC709280,2026-04-05 21:35,crm,0,1,0.0,0,train_split
WC709281,2026-04-05 22:48,crm,0,1,0.0,0,train_split
WC709282,2026-04-06 00:48,crm,0,1,0.0,0,train_split
WC709283,2026-04-06 00:50,crm,0,1,0.0,0,train_split
WC709284,2026-04-06 01:04,crm,0,1,0.0,0,train_split
WC709285,2026-04-06 01:45,crm,0,1,0.0,0,train_split
WC709286,2026-04-06 02:55,crm,0,1,0.0,0,train_split
WC709287,2026-04-06 03:21,crm,0,1,0.0,0,train_split
WC709288,2026-04-06 03:47,crm,0,1,0.0,0,train_split
WC709289,2026-04-06 05:48,crm,0,1,0.0,0,train_split
WC709290,2026-04-06 06:25,crm,0,1,0.0,0,train_split
WC709292,2026-04-06 06:39,crm,0,1,0.0,0,train_split
WC709291,2026-04-06 06:39,crm,0,1,0.0,0,train_split
WC709293,2026-04-06 07:16,crm,0,1,0.0,0,train_split
WC709294,2026-04-06 07:21,crm,0,1,0.0,0,train_split
WC709295,2026-04-06 08:25,crm,1,2,48.0,0,train_split
WC709296,2026-04-06 10:22,crm,0,1,0.0,0,train_split
WC709297,2026-04-06 10:54,crm,0,1,0.0,0,train_split
WC709298,2026-04-06 10:57,crm,0,1,0.0,,train_split
WC709299,2026-04-06 10:58,crm,0,1,0.0,0,train_split
WC709300,2026-04-06 12:40,crm,0,1,0.0,0,train_split
WC709301,2026-04-06 13:56,crm,0,1,0.0,0,train_split
WC709302,2026-04-06 14:27,crm,0,1,0.0,0,train_split
WC709303,2026-04-06 15:12,crm,0,1,0.0,0,train_split
WC709304,2026-04-06 15:27,crm,1,2,48.0,0,train_split
WC709305,2026-04-06 16:18,crm,0,1,0.0,0,train_split
WC709306,2026-04-06 16:34,crm,0,1,0.0,0,train_split
WC709307,2026-04-06 16:50,crm,0,1,0.0,0,train_split
WC709308,2026-04-06 18:54,crm,0,1,0.0,0,train_split
WC709309,2026-04-06 19:15,crm,0,1,0.0,0,train_split
WC709310,2026-04-06 19:31,crm,0,1,0.0,0,train_split
WC709311,2026-04-06 19:43,crm,0,1,0.0,0,train_split
WC709312,2026-04-06 19:44,crm,0,1,0.0,0,train_split
WC709313,2026-04-06 20:11,crm,0,1,0.0,0,train_split
WC709314,2026-04-06 21:51,crm,0,1,0.0,0,train_split
WC709315,2026-04-06 22:53,crm,0,1,0.0,0,train_split
WC709316,2026-04-06 22:59,crm,0,1,0.0,0,train_split
WC709317,2026-04-06 23:25,crm,0,1,0.0,0,train_split
WC709318,2026-04-07 00:32,crm,0,1,0.0,0,train_split
WC709319,2026-04-07 01:23,crm,0,1,0.0,0,train_split
WC709320,2026-04-07 03:32,crm,0,1,0.0,0,train_split
WC709321,2026-04-07 04:49,crm,0,1,0.0,0,train_split
WC709322,2026-04-07 05:09,crm,0,1,0.0,0,train_split
WC709323,2026-04-07 06:59,crm,0,1,0.0,0,train_split
WC709324,2026-04-07 08:24,crm,0,1,0.0,0,train_split
WC709325,2026-04-07 09:17,crm,0,1,0.0,0,train_split
WC709326,2026-04-07 12:21,crm,0,1,0.0,0,train_split
WC709327,2026-04-07 13:03,crm,0,1,0.0,0,train_split
WC709328,2026-04-07 14:15,crm,0,1,0.0,0,train_split
WC709329,2026-04-07 18:37,crm,0,1,0.0,0,train_split
WC709330,2026-04-07 19:24,crm,0,1,0.0,0,train_split
WC709331,2026-04-07 19:59,crm,0,1,0.0,0,train_split
WC709332,2026-04-07 22:19,crm,0,1,0.0,0,train_split
WC709333,2026-04-07 22:32,crm,0,1,0.0,0,train_split
WC709334,2026-04-07 23:27,crm,0,1,0.0,0,train_split
WC709335,2026-04-08 02:04,crm,0,1,0.0,0,train_split
WC709336,2026-04-08 06:42,crm,0,1,0.0,0,train_split
WC709337,2026-04-08 08:23,crm,0,1,0.0,0,train_split
WC709338,2026-04-08 10:47,crm,0,1,0.0,0,train_split
WC709339,2026-04-08 11:21,crm,0,1,0.0,0,train_split
WC709340,2026-04-08 11:21,crm,1,2,24.0,0,train_split
WC709341,2026-04-08 11:51,crm,0,1,0.0,0,train_split
WC709342,2026-04-08 12:08,crm,0,1,0.0,0,train_split
WC709343,2026-04-08 12:11,crm,0,1,0.0,0,train_split
WC709344,2026-04-08 12:31,crm,0,1,0.0,0,train_split
WC709345,2026-04-08 13:34,crm,1,2,96.0,0,train_split
WC709346,2026-04-08 13:38,crm,0,1,0.0,0,train_split
WC709347,2026-04-08 16:02,crm,0,1,0.0,0,train_split
WC709348,2026-04-08 16:10,crm,0,1,0.0,0,train_split
WC709349,2026-04-08 17:39,crm,0,1,0.0,0,train_split
WC709350,2026-04-08 18:37,crm,0,1,0.0,,train_split
WC709351,2026-04-08 18:50,crm,0,1,0.0,0,train_split
WC709352,2026-04-08 19:29,crm,0,1,0.0,0,train_split
WC709353,2026-04-08 20:26,crm,0,1,0.0,0,train_split
WC709354,2026-04-08 20:34,crm,0,1,0.0,0,train_split
WC709355,2026-04-08 20:51,crm,0,1,0.0,0,train_split
WC709356,2026-04-08 23:27,crm,1,2,48.0,0,train_split
WC709357,2026-04-08 23:39,crm,0,1,0.0,0,train_split
WC709358,2026-04-08 23:47,crm,0,1,0.0,0,train_split
WC709359,2026-04-09 01:40,crm,0,1,0.0,0,train_split
WC709360,2026-04-09 03:17,crm,0,1,0.0,0,train_split
WC709361,2026-04-09 03:24,crm,0,1,0.0,1,train_split
WC709362,2026-04-09 03:37,crm,0,1,0.0,0,train_split
WC709363,2026-04-09 04:25,crm,0,1,0.0,0,train_split
WC709364,2026-04-09 04:50,crm,0,1,0.0,,train_split
WC709365,2026-04-09 06:14,crm,0,1,0.0,0,train_split
WC709366,2026-04-09 09:14,crm,0,1,0.0,0,train_split
WC709367,2026-04-09 09:17,crm,0,1,0.0,0,train_split
WC709368,2026-04-09 09:39,crm,0,1,0.0,1,train_split
WC709369,2026-04-09 11:54,crm,0,1,0.0,0,train_split
WC709370,2026-04-09 14:42,crm,0,1,0.0,0,train_split
WC709371,2026-04-09 16:17,crm,0,1,0.0,0,train_split
WC709372,2026-04-09 16:35,crm,0,1,0.0,0,train_split
WC709373,2026-04-09 17:05,crm,0,1,0.0,0,train_split
WC709374,2026-04-09 17:16,crm,0,1,0.0,,train_split
WC709375,2026-04-09 20:03,crm,0,1,0.0,0,train_split
WC709376,2026-04-09 20:07,crm,0,1,0.0,0,train_split
WC709377,2026-04-09 21:01,crm,0,1,0.0,0,train_split
WC709378,2026-04-09 22:30,crm,0,1,0.0,0,train_split
WC709379,2026-04-09 22:30,crm,0,1,0.0,0,train_split
WC709380,2026-04-09 22:51,crm,0,1,0.0,,train_split
WC709381,2026-04-10 00:17,crm,0,1,0.0,0,train_split
WC709382,2026-04-10 00:31,crm,0,1,0.0,0,train_split
WC709383,2026-04-10 02:32,crm,0,1,0.0,0,train_split
WC709384,2026-04-10 03:05,crm,0,1,0.0,0,train_split
WC709385,2026-04-10 03:22,crm,0,1,0.0,0,train_split
WC709386,2026-04-10 04:39,crm,0,1,0.0,0,train_split
WC709387,2026-04-10 05:36,crm,1,2,96.0,0,train_split
WC709388,2026-04-10 07:14,crm,0,1,0.0,0,train_split
WC709389,2026-04-10 07:27,crm,0,1,0.0,0,train_split
WC709390,2026-04-10 08:57,crm,1,2,48.0,0,train_split
WC709391,2026-04-10 10:29,crm,0,1,0.0,0,train_split
WC709392,2026-04-10 10:30,crm,0,1,0.0,0,train_split
WC709393,2026-04-10 11:07,crm,0,1,0.0,0,train_split
WC709394,2026-04-10 11:20,crm,0,1,0.0,0,train_split
WC709395,2026-04-10 11:46,crm,0,1,0.0,,train_split
WC709396,2026-04-10 13:08,crm,0,1,0.0,0,train_split
WC709397,2026-04-10 14:19,crm,0,1,0.0,0,train_split
WC709398,2026-04-10 17:02,crm,0,1,0.0,0,train_split
WC709399,2026-04-10 19:06,crm,0,1,0.0,0,train_split
WC709400,2026-04-10 20:40,crm,0,1,0.0,,train_split
WC709401,2026-04-10 22:52,crm,0,1,0.0,0,train_split
WC709402,2026-04-10 23:59,crm,0,1,0.0,0,train_split
WC709403,2026-04-11 00:52,crm,0,1,0.0,1,train_split
WC709404,2026-04-11 03:09,crm,0,1,0.0,0,train_split
WC709405,2026-04-11 03:47,crm,0,1,0.0,0,train_split
WC709406,2026-04-11 03:54,crm,0,1,0.0,0,train_split
WC709407,2026-04-11 05:41,crm,0,1,0.0,0,train_split
WC709408,2026-04-11 05:59,crm,0,1,0.0,0,train_split
WC709409,2026-04-11 06:13,crm,1,2,96.0,0,train_split
WC709410,2026-04-11 06:57,crm,0,1,0.0,0,train_split
WC709411,2026-04-11 07:04,crm,0,1,0.0,0,train_split
WC709412,2026-04-11 07:12,crm,1,2,120.0,0,train_split
WC709413,2026-04-11 08:29,crm,0,1,0.0,0,train_split
WC709414,2026-04-11 09:15,crm,0,1,0.0,0,train_split
WC709415,2026-04-11 09:18,crm,0,1,0.0,0,train_split
WC709416,2026-04-11 13:54,crm,1,2,72.0,0,train_split
WC709417,2026-04-11 14:22,crm,0,1,0.0,0,train_split
WC709418,2026-04-11 15:47,crm,0,1,0.0,1,train_split
WC709419,2026-04-11 18:56,crm,0,1,0.0,0,train_split
WC709420,2026-04-11 19:07,crm,0,1,0.0,0,train_split
WC709421,2026-04-11 19:12,crm,0,1,0.0,0,train_split
WC709422,2026-04-11 21:26,crm,0,1,0.0,0,train_split
WC709423,2026-04-11 21:51,crm,0,1,0.0,0,train_split
WC709424,2026-04-11 22:33,crm,0,1,0.0,0,train_split
WC709425,2026-04-12 02:27,crm,0,1,0.0,0,train_split
WC709426,2026-04-12 02:42,crm,0,1,0.0,0,train_split
WC709427,2026-04-12 02:48,crm,0,1,0.0,0,train_split
WC709428,2026-04-12 03:24,crm,0,1,0.0,0,train_split
WC709429,2026-04-12 05:08,crm,0,1,0.0,0,train_split
WC709430,2026-04-12 06:01,crm,0,1,0.0,0,train_split
WC709431,2026-04-12 06:46,crm,0,1,0.0,0,train_split
WC709432,2026-04-12 09:32,crm,0,1,0.0,0,train_split
WC709433,2026-04-12 10:10,crm,0,1,0.0,0,train_split
WC709434,2026-04-12 10:14,crm,0,1,0.0,0,train_split
WC709435,2026-04-12 10:38,crm,0,1,0.0,0,train_split
WC709436,2026-04-12 12:46,crm,0,1,0.0,0,train_split
WC709437,2026-04-12 12:59,crm,0,1,0.0,0,train_split
WC709438,2026-04-12 14:27,crm,0,1,0.0,0,train_split
WC709439,2026-04-12 14:49,crm,0,1,0.0,0,train_split
WC709440,2026-04-12 15:18,crm,0,1,0.0,0,train_split
WC709441,2026-04-12 17:21,crm,0,1,0.0,0,train_split
WC709442,2026-04-12 18:54,crm,0,1,0.0,0,train_split
WC709443,2026-04-12 19:34,crm,0,1,0.0,0,train_split
WC709444,2026-04-12 19:42,crm,0,1,0.0,0,train_split
WC709445,2026-04-12 20:16,crm,0,1,0.0,0,train_split
WC709446,2026-04-12 20:38,crm,0,1,0.0,0,train_split
WC709447,2026-04-12 22:17,crm,0,1,0.0,0,train_split
WC709448,2026-04-12 22:25,crm,0,1,0.0,0,train_split
WC709449,2026-04-12 23:01,crm,0,1,0.0,0,train_split
WC709450,2026-04-12 23:25,crm,0,1,0.0,0,train_split
WC709451,2026-04-13 02:22,crm,0,1,0.0,0,train_split
WC709452,2026-04-13 02:29,crm,0,1,0.0,0,train_split
WC709453,2026-04-13 02:49,crm,0,1,0.0,0,train_split
WC709454,2026-04-13 04:14,crm,0,1,0.0,0,train_split
WC709455,2026-04-13 04:57,crm,0,1,0.0,0,train_split
WC709456,2026-04-13 06:39,crm,0,1,0.0,0,train_split
WC709457,2026-04-13 07:40,crm,0,1,0.0,0,train_split
WC709458,2026-04-13 08:05,crm,0,1,0.0,0,train_split
WC709459,2026-04-13 09:22,crm,0,1,0.0,1,train_split
WC709460,2026-04-13 10:10,crm,0,1,0.0,0,train_split
WC709461,2026-04-13 13:05,crm,1,2,120.0,,train_split
WC709462,2026-04-13 13:49,crm,0,1,0.0,0,train_split
WC709463,2026-04-13 14:12,crm,0,1,0.0,0,train_split
WC709464,2026-04-13 14:40,crm,0,1,0.0,0,train_split
WC709465,2026-04-13 16:38,crm,0,1,0.0,0,train_split
WC709466,2026-04-13 16:43,crm,0,1,0.0,0,train_split
WC709467,2026-04-13 17:12,crm,0,1,0.0,1,train_split
WC709468,2026-04-13 18:42,crm,0,1,0.0,0,train_split
WC709469,2026-04-13 20:09,crm,0,1,0.0,0,train_split
WC709470,2026-04-13 20:33,crm,0,1,0.0,0,train_split
WC709471,2026-04-13 21:18,crm,0,1,0.0,0,train_split
WC709472,2026-04-13 22:23,crm,1,2,24.0,0,train_split
WC709473,2026-04-14 01:19,crm,0,1,0.0,0,train_split
WC709474,2026-04-14 02:20,crm,0,1,0.0,0,train_split
WC709475,2026-04-14 03:07,crm,0,1,0.0,0,train_split
WC709476,2026-04-14 04:29,crm,0,1,0.0,0,train_split
WC709477,2026-04-14 04:49,crm,0,1,0.0,0,train_split
WC709478,2026-04-14 06:01,crm,0,1,0.0,0,train_split
WC709479,2026-04-14 06:08,crm,0,1,0.0,0,train_split
WC709480,2026-04-14 07:10,crm,0,1,0.0,0,train_split
WC709481,2026-04-14 08:41,crm,0,1,0.0,0,train_split
WC709482,2026-04-14 09:59,crm,0,1,0.0,0,train_split
WC709483,2026-04-14 11:32,crm,0,1,0.0,0,train_split
WC709484,2026-04-14 13:42,crm,0,1,0.0,0,train_split
WC709485,2026-04-14 14:07,crm,0,1,0.0,0,train_split
WC709486,2026-04-14 14:38,crm,0,1,0.0,0,train_split
WC709487,2026-04-14 14:51,crm,0,1,0.0,0,train_split
WC709488,2026-04-14 15:02,crm,0,1,0.0,0,train_split
WC709489,2026-04-14 16:20,crm,0,1,0.0,0,train_split
WC709490,2026-04-14 18:22,crm,0,1,0.0,0,train_split
WC709491,2026-04-14 18:59,crm,0,1,0.0,0,train_split
WC709492,2026-04-14 21:22,crm,0,1,0.0,0,train_split
WC709493,2026-04-14 22:40,crm,0,1,0.0,0,train_split
WC709494,2026-04-14 23:12,crm,0,1,0.0,0,train_split
WC709495,2026-04-14 23:42,crm,0,1,0.0,0,train_split
WC709496,2026-04-15 00:21,crm,0,1,0.0,0,train_split
WC709497,2026-04-15 01:20,crm,0,1,0.0,0,train_split
WC709498,2026-04-15 01:59,crm,0,1,0.0,0,train_split
WC709499,2026-04-15 04:06,crm,0,1,0.0,0,train_split
WC709500,2026-04-15 04:17,crm,0,1,0.0,0,train_split
WC709501,2026-04-15 04:24,crm,0,1,0.0,0,train_split
WC709502,2026-04-15 05:12,crm,0,1,0.0,0,train_split
WC709503,2026-04-15 05:21,crm,0,1,0.0,0,train_split
WC709504,2026-04-15 06:05,crm,0,1,0.0,0,train_split
WC709505,2026-04-15 08:37,crm,0,1,0.0,0,train_split
WC709506,2026-04-15 08:53,crm,0,1,0.0,0,train_split
WC709507,2026-04-15 09:11,crm,0,1,0.0,0,train_split
WC709508,2026-04-15 09:38,crm,0,1,0.0,0,train_split
WC709509,2026-04-15 11:34,crm,0,1,0.0,0,train_split
WC709510,2026-04-15 11:35,crm,0,1,0.0,0,train_split
WC709511,2026-04-15 12:01,crm,0,1,0.0,0,train_split
WC709512,2026-04-15 12:33,crm,0,1,0.0,0,train_split
WC709513,2026-04-15 14:03,crm,0,1,0.0,0,train_split
WC709514,2026-04-15 14:26,crm,0,1,0.0,0,train_split
WC709515,2026-04-15 17:00,crm,0,1,0.0,0,train_split
WC709516,2026-04-15 18:05,crm,0,1,0.0,0,train_split
WC709517,2026-04-15 19:01,crm,0,1,0.0,0,train_split
WC709518,2026-04-15 20:33,crm,0,1,0.0,0,train_split
WC709519,2026-04-15 21:28,crm,0,1,0.0,0,train_split
WC709520,2026-04-15 22:02,crm,0,1,0.0,0,train_split
WC709521,2026-04-15 22:58,crm,0,1,0.0,0,train_split
WC709522,2026-04-15 23:18,crm,1,2,120.0,0,train_split
WC709523,2026-04-16 00:01,crm,0,1,0.0,0,train_split
WC709524,2026-04-16 00:38,crm,0,1,0.0,0,train_split
WC709525,2026-04-16 03:10,crm,0,1,0.0,0,train_split
WC709526,2026-04-16 05:06,crm,0,1,0.0,0,train_split
WC709528,2026-04-16 05:33,crm,0,1,0.0,0,train_split
WC709527,2026-04-16 05:33,crm,0,1,0.0,0,train_split
WC709529,2026-04-16 05:57,crm,0,1,0.0,0,train_split
WC709530,2026-04-16 07:20,crm,1,2,72.0,0,train_split
WC709531,2026-04-16 07:53,crm,0,1,0.0,0,train_split
WC709533,2026-04-16 08:44,crm,0,1,0.0,0,train_split
WC709532,2026-04-16 08:44,crm,0,1,0.0,0,train_split
WC709534,2026-04-16 08:54,crm,0,1,0.0,0,train_split
WC709535,2026-04-16 09:26,crm,0,1,0.0,0,train_split
WC709536,2026-04-16 10:35,crm,0,1,0.0,0,train_split
WC709537,2026-04-16 11:06,crm,0,1,0.0,0,train_split
WC709538,2026-04-16 14:09,crm,0,1,0.0,0,train_split
WC709539,2026-04-16 14:56,crm,0,1,0.0,0,train_split
WC709540,2026-04-16 16:28,crm,0,1,0.0,0,train_split
WC709541,2026-04-16 16:57,crm,1,2,120.0,0,train_split
WC709542,2026-04-16 17:18,crm,0,1,0.0,0,train_split
WC709543,2026-04-16 17:34,crm,0,1,0.0,0,train_split
WC709544,2026-04-16 18:43,crm,0,1,0.0,0,train_split
WC709545,2026-04-16 20:09,crm,0,1,0.0,0,train_split
WC709546,2026-04-16 21:16,crm,1,2,48.0,0,train_split
WC709547,2026-04-16 21:25,crm,0,1,0.0,0,train_split
WC709548,2026-04-16 21:33,crm,0,1,0.0,0,train_split
WC709549,2026-04-16 22:22,crm,0,1,0.0,0,train_split
WC709550,2026-04-16 22:42,crm,0,1,0.0,0,train_split
WC709551,2026-04-17 01:27,crm,1,2,48.0,0,train_split
WC709552,2026-04-17 01:53,crm,0,1,0.0,0,train_split
WC709553,2026-04-17 04:00,crm,0,1,0.0,0,train_split
WC709554,2026-04-17 06:39,crm,0,1,0.0,0,train_split
WC709555,2026-04-17 08:09,crm,0,1,0.0,0,train_split
WC709556,2026-04-17 08:46,crm,0,1,0.0,0,train_split
WC709557,2026-04-17 08:59,crm,0,1,0.0,0,train_split
WC709558,2026-04-17 10:53,crm,0,1,0.0,0,train_split
WC709559,2026-04-17 12:03,crm,0,1,0.0,0,train_split
WC709560,2026-04-17 12:40,crm,0,1,0.0,0,train_split
WC709561,2026-04-17 14:17,crm,0,1,0.0,0,train_split
WC709562,2026-04-17 15:02,crm,1,2,96.0,0,train_split
WC709563,2026-04-17 16:42,crm,0,1,0.0,0,train_split
WC709564,2026-04-17 16:59,crm,0,1,0.0,0,train_split
WC709565,2026-04-17 17:51,crm,0,1,0.0,0,train_split
WC709566,2026-04-17 18:20,crm,0,1,0.0,0,train_split
WC709567,2026-04-17 19:17,crm,0,1,0.0,0,train_split
WC709568,2026-04-17 19:40,crm,0,1,0.0,0,train_split
WC709569,2026-04-17 23:44,crm,0,1,0.0,0,train_split
WC709570,2026-04-18 03:14,crm,0,1,0.0,0,train_split
WC709571,2026-04-18 03:14,crm,0,1,0.0,0,train_split
WC709572,2026-04-18 04:56,crm,1,2,120.0,0,train_split
WC709573,2026-04-18 05:16,crm,0,1,0.0,0,train_split
WC709574,2026-04-18 06:12,crm,0,1,0.0,0,train_split
WC709575,2026-04-18 09:14,crm,0,1,0.0,0,train_split
WC709576,2026-04-18 09:45,crm,0,1,0.0,0,train_split
WC709577,2026-04-18 10:46,crm,0,1,0.0,0,train_split
WC709578,2026-04-18 11:52,crm,0,1,0.0,0,train_split
WC709579,2026-04-18 19:51,crm,0,1,0.0,0,train_split
WC709580,2026-04-18 21:56,crm,0,1,0.0,0,train_split
WC709581,2026-04-18 22:28,crm,0,1,0.0,0,train_split
WC709582,2026-04-18 22:38,crm,0,1,0.0,0,train_split
WC709583,2026-04-18 23:20,crm,0,1,0.0,0,train_split
WC709584,2026-04-19 00:53,crm,0,1,0.0,0,train_split
WC709585,2026-04-19 00:56,crm,0,1,0.0,0,train_split
WC709586,2026-04-19 01:10,crm,0,1,0.0,,train_split
WC709587,2026-04-19 04:30,crm,0,1,0.0,0,train_split
WC709588,2026-04-19 04:35,crm,0,1,0.0,0,train_split
WC709589,2026-04-19 05:55,crm,0,1,0.0,0,train_split
WC709590,2026-04-19 06:00,crm,0,1,0.0,0,train_split
WC709591,2026-04-19 06:28,crm,0,1,0.0,0,train_split
WC709592,2026-04-19 08:12,crm,0,1,0.0,0,train_split
WC709593,2026-04-19 08:52,crm,0,1,0.0,0,train_split
WC709594,2026-04-19 09:14,crm,0,1,0.0,0,train_split
WC709595,2026-04-19 09:53,crm,0,1,0.0,0,train_split
WC709596,2026-04-19 10:22,crm,0,1,0.0,0,train_split
WC709597,2026-04-19 13:18,crm,0,1,0.0,0,train_split
WC709598,2026-04-19 14:38,crm,0,1,0.0,0,train_split
WC709599,2026-04-19 15:39,crm,0,1,0.0,0,train_split
WC709600,2026-04-19 16:06,crm,0,1,0.0,0,train_split
WC709601,2026-04-19 16:20,crm,0,1,0.0,0,train_split
WC709602,2026-04-19 16:30,crm,0,1,0.0,0,train_split
WC709603,2026-04-19 16:53,crm,1,2,48.0,0,train_split
WC709604,2026-04-19 16:58,crm,0,1,0.0,0,train_split
WC709605,2026-04-19 17:36,crm,0,1,0.0,0,train_split
WC709606,2026-04-19 18:01,crm,0,1,0.0,0,train_split
WC709607,2026-04-19 19:02,crm,0,1,0.0,0,train_split
WC709608,2026-04-19 19:23,crm,0,1,0.0,0,train_split
WC709609,2026-04-19 19:27,crm,0,1,0.0,0,train_split
WC709610,2026-04-19 20:28,crm,0,1,0.0,0,train_split
WC709611,2026-04-19 20:39,crm,0,1,0.0,0,train_split
WC709612,2026-04-19 20:42,crm,0,1,0.0,0,train_split
WC709613,2026-04-19 21:45,crm,0,1,0.0,0,train_split
WC709614,2026-04-19 21:52,crm,0,1,0.0,,train_split
WC709615,2026-04-19 22:11,crm,0,1,0.0,0,train_split
WC709616,2026-04-19 22:25,crm,0,1,0.0,0,train_split
WC709617,2026-04-19 22:35,crm,0,1,0.0,0,train_split
WC709618,2026-04-19 22:40,crm,0,1,0.0,0,train_split
WC709619,2026-04-19 22:57,crm,0,1,0.0,0,train_split
WC709620,2026-04-19 23:12,crm,0,1,0.0,0,train_split
WC709621,2026-04-19 23:46,crm,0,1,0.0,0,train_split
WC709622,2026-04-20 00:39,crm,0,1,0.0,0,train_split
WC709623,2026-04-20 02:53,crm,0,1,0.0,0,train_split
WC709624,2026-04-20 03:22,crm,0,1,0.0,0,train_split
WC709625,2026-04-20 03:30,crm,0,1,0.0,0,train_split
WC709626,2026-04-20 04:00,crm,0,1,0.0,0,train_split
WC709627,2026-04-20 04:47,crm,0,1,0.0,0,train_split
WC709628,2026-04-20 05:09,crm,0,1,0.0,0,train_split
WC709629,2026-04-20 07:39,crm,0,1,0.0,0,train_split
WC709630,2026-04-20 12:14,crm,0,1,0.0,0,train_split
WC709631,2026-04-20 13:46,crm,0,1,0.0,0,train_split
WC709632,2026-04-20 13:52,crm,0,1,0.0,0,train_split
WC709633,2026-04-20 13:54,crm,1,2,120.0,0,train_split
WC709634,2026-04-20 14:01,crm,0,1,0.0,0,train_split
WC709635,2026-04-20 14:23,crm,0,1,0.0,0,train_split
WC709636,2026-04-20 15:22,crm,0,1,0.0,0,train_split
WC709637,2026-04-20 16:40,crm,0,1,0.0,0,train_split
WC709638,2026-04-20 19:18,crm,0,1,0.0,0,train_split
WC709639,2026-04-20 20:17,crm,0,1,0.0,0,train_split
WC709640,2026-04-20 20:21,crm,1,2,120.0,0,train_split
WC709641,2026-04-20 21:12,crm,0,1,0.0,0,train_split
WC709642,2026-04-20 22:31,crm,1,2,96.0,,train_split
WC709643,2026-04-21 01:13,crm,0,1,0.0,0,train_split
WC709644,2026-04-21 01:37,crm,0,1,0.0,0,train_split
WC709645,2026-04-21 02:50,crm,0,1,0.0,,train_split
WC709646,2026-04-21 03:03,crm,0,1,0.0,0,train_split
WC709647,2026-04-21 03:46,crm,0,1,0.0,0,train_split
WC709648,2026-04-21 04:01,crm,1,2,120.0,0,train_split
WC709649,2026-04-21 07:28,crm,0,1,0.0,0,train_split
WC709650,2026-04-21 08:05,crm,0,1,0.0,0,train_split
WC709651,2026-04-21 09:16,crm,0,1,0.0,0,train_split
WC709652,2026-04-21 09:36,crm,1,2,48.0,0,train_split
WC709653,2026-04-21 10:30,crm,1,2,48.0,0,train_split
WC709654,2026-04-21 10:53,crm,0,1,0.0,0,train_split
WC709655,2026-04-21 11:45,crm,1,2,72.0,0,train_split
WC709656,2026-04-21 11:48,crm,0,1,0.0,0,train_split
WC709657,2026-04-21 11:52,crm,0,1,0.0,0,train_split
WC709658,2026-04-21 12:29,crm,0,1,0.0,0,train_split
WC709659,2026-04-21 14:04,crm,0,1,0.0,,train_split
WC709660,2026-04-21 14:21,crm,0,1,0.0,0,train_split
WC709661,2026-04-21 15:10,crm,0,1,0.0,0,train_split
WC709662,2026-04-21 16:10,crm,0,1,0.0,0,train_split
WC709663,2026-04-21 16:14,crm,0,1,0.0,0,train_split
WC709664,2026-04-21 16:24,crm,0,1,0.0,0,train_split
WC709665,2026-04-21 17:18,crm,0,1,0.0,0,train_split
WC709666,2026-04-21 20:22,crm,0,1,0.0,0,train_split
WC709667,2026-04-21 21:56,crm,0,1,0.0,0,train_split
WC709668,2026-04-21 22:59,crm,0,1,0.0,0,train_split
WC709669,2026-04-22 00:16,crm,0,1,0.0,0,train_split
WC709670,2026-04-22 01:28,crm,0,1,0.0,0,train_split
WC709671,2026-04-22 01:57,crm,0,1,0.0,0,train_split
WC709672,2026-04-22 02:57,crm,0,1,0.0,0,train_split
WC709673,2026-04-22 02:59,crm,0,1,0.0,0,train_split
WC709674,2026-04-22 03:00,crm,0,1,0.0,0,train_split
WC709675,2026-04-22 03:09,crm,0,1,0.0,0,train_split
WC709676,2026-04-22 03:34,crm,0,1,0.0,0,train_split
WC709677,2026-04-22 04:25,crm,0,1,0.0,0,train_split
WC709678,2026-04-22 04:30,crm,0,1,0.0,0,train_split
WC709679,2026-04-22 06:24,crm,0,1,0.0,0,train_split
WC709680,2026-04-22 06:32,crm,0,1,0.0,0,train_split
WC709681,2026-04-22 07:22,crm,0,1,0.0,0,train_split
WC709682,2026-04-22 07:53,crm,0,1,0.0,0,train_split
WC709683,2026-04-22 08:55,crm,0,1,0.0,0,train_split
WC709684,2026-04-22 09:00,crm,0,1,0.0,0,train_split
WC709685,2026-04-22 10:17,crm,0,1,0.0,0,train_split
WC709686,2026-04-22 10:55,crm,0,1,0.0,0,train_split
WC709687,2026-04-22 11:04,crm,0,1,0.0,0,train_split
WC709688,2026-04-22 11:43,crm,1,2,96.0,0,train_split
WC709689,2026-04-22 12:28,crm,0,1,0.0,0,train_split
WC709690,2026-04-22 12:33,crm,0,1,0.0,0,train_split
WC709691,2026-04-22 13:31,crm,0,1,0.0,0,train_split
WC709692,2026-04-22 18:17,crm,0,1,0.0,0,train_split
WC709693,2026-04-22 18:22,crm,0,1,0.0,0,train_split
WC709694,2026-04-22 18:28,crm,0,1,0.0,0,train_split
WC709695,2026-04-22 18:46,crm,0,1,0.0,,train_split
WC709696,2026-04-22 19:44,crm,0,1,0.0,0,train_split
WC709697,2026-04-22 22:07,crm,0,1,0.0,0,train_split
WC709698,2026-04-22 22:23,crm,0,1,0.0,0,train_split
WC709699,2026-04-22 22:45,crm,0,1,0.0,0,train_split
WC709700,2026-04-23 00:07,crm,1,2,24.0,0,train_split
WC709701,2026-04-23 03:12,crm,0,1,0.0,0,train_split
WC709702,2026-04-23 03:15,crm,0,1,0.0,0,train_split
WC709703,2026-04-23 03:26,crm,0,1,0.0,0,train_split
WC709704,2026-04-23 04:03,crm,0,1,0.0,0,train_split
WC709705,2026-04-23 06:16,crm,1,2,96.0,0,train_split
WC709706,2026-04-23 09:13,crm,0,1,0.0,0,train_split
WC709707,2026-04-23 10:20,crm,0,1,0.0,0,train_split
WC709708,2026-04-23 10:45,crm,0,1,0.0,,train_split
WC709709,2026-04-23 12:46,crm,0,1,0.0,0,train_split
WC709710,2026-04-23 12:59,crm,0,1,0.0,0,train_split
WC709711,2026-04-23 15:52,crm,0,1,0.0,0,train_split
WC709712,2026-04-23 16:32,crm,0,1,0.0,0,train_split
WC709713,2026-04-23 16:52,crm,0,1,0.0,0,train_split
WC709714,2026-04-23 17:35,crm,0,1,0.0,0,train_split
WC709715,2026-04-23 18:24,crm,0,1,0.0,0,train_split
WC709716,2026-04-23 19:23,crm,0,1,0.0,0,train_split
WC709717,2026-04-23 19:30,crm,0,1,0.0,0,train_split
WC709718,2026-04-23 21:59,crm,0,1,0.0,0,train_split
WC709719,2026-04-23 22:57,crm,0,1,0.0,0,train_split
WC709720,2026-04-23 23:30,crm,0,1,0.0,0,train_split
WC709721,2026-04-23 23:55,crm,0,1,0.0,0,train_split
WC709722,2026-04-24 01:03,crm,1,2,48.0,0,train_split
WC709723,2026-04-24 01:55,crm,0,1,0.0,0,train_split
WC709724,2026-04-24 02:03,crm,0,1,0.0,0,train_split
WC709725,2026-04-24 02:13,crm,0,1,0.0,0,train_split
WC709726,2026-04-24 03:53,crm,0,1,0.0,0,train_split
WC709727,2026-04-24 04:17,crm,1,2,24.0,0,train_split
WC709728,2026-04-24 05:35,crm,0,1,0.0,0,train_split
WC709729,2026-04-24 05:44,crm,0,1,0.0,0,train_split
WC709730,2026-04-24 09:26,crm,1,2,24.0,0,train_split
WC709731,2026-04-24 10:21,crm,0,1,0.0,0,train_split
WC709732,2026-04-24 10:50,crm,0,1,0.0,0,train_split
WC709733,2026-04-24 10:51,crm,0,1,0.0,0,train_split
WC709734,2026-04-24 10:57,crm,0,1,0.0,0,train_split
WC709735,2026-04-24 12:11,crm,0,1,0.0,0,train_split
WC709736,2026-04-24 14:15,crm,0,1,0.0,0,train_split
WC709737,2026-04-24 14:29,crm,0,1,0.0,0,train_split
WC709738,2026-04-24 14:41,crm,0,1,0.0,0,train_split
WC709739,2026-04-24 14:51,crm,0,1,0.0,0,train_split
WC709740,2026-04-24 16:44,crm,0,1,0.0,,train_split
WC709741,2026-04-24 17:01,crm,0,1,0.0,0,train_split
WC709742,2026-04-24 17:15,crm,0,1,0.0,0,train_split
WC709743,2026-04-24 17:16,crm,0,1,0.0,0,train_split
WC709744,2026-04-24 18:10,crm,0,1,0.0,0,train_split
WC709745,2026-04-24 18:28,crm,0,1,0.0,0,train_split
WC709746,2026-04-24 18:39,crm,0,1,0.0,0,train_split
WC709747,2026-04-24 18:46,crm,0,1,0.0,0,train_split
WC709748,2026-04-24 20:34,crm,0,1,0.0,0,train_split
WC709749,2026-04-24 20:54,crm,0,1,0.0,0,train_split
WC709750,2026-04-24 21:29,crm,0,1,0.0,0,train_split
WC709751,2026-04-24 21:35,crm,0,1,0.0,0,train_split
WC709752,2026-04-24 21:36,crm,0,1,0.0,0,train_split
WC709753,2026-04-24 23:15,crm,0,1,0.0,0,train_split
WC709754,2026-04-24 23:44,crm,0,1,0.0,0,train_split
WC709755,2026-04-25 00:14,crm,0,1,0.0,0,train_split
WC709756,2026-04-25 00:46,crm,0,1,0.0,0,train_split
WC709757,2026-04-25 02:21,crm,0,1,0.0,0,train_split
WC709758,2026-04-25 02:34,crm,0,1,0.0,0,train_split
WC709759,2026-04-25 02:41,crm,0,1,0.0,0,train_split
WC709760,2026-04-25 02:48,crm,0,1,0.0,0,train_split
WC709761,2026-04-25 09:05,crm,0,1,0.0,0,train_split
WC709762,2026-04-25 09:32,crm,0,1,0.0,0,train_split
WC709763,2026-04-25 11:16,crm,0,1,0.0,0,train_split
WC709764,2026-04-25 12:24,crm,0,1,0.0,0,train_split
WC709765,2026-04-25 12:37,crm,0,1,0.0,0,train_split
WC709766,2026-04-25 13:38,crm,0,1,0.0,0,train_split
WC709767,2026-04-25 14:09,crm,0,1,0.0,0,train_split
WC709768,2026-04-25 15:21,crm,0,1,0.0,0,train_split
WC709769,2026-04-25 15:32,crm,0,1,0.0,0,train_split
WC709770,2026-04-25 17:30,crm,0,1,0.0,0,train_split
WC709771,2026-04-25 18:08,crm,0,1,0.0,0,train_split
WC709772,2026-04-25 18:16,crm,0,1,0.0,0,train_split
WC709773,2026-04-25 20:26,crm,0,1,0.0,0,train_split
WC709774,2026-04-25 21:06,crm,0,1,0.0,0,train_split
WC709775,2026-04-25 21:10,crm,0,1,0.0,0,train_split
WC709776,2026-04-26 00:24,crm,0,1,0.0,0,train_split
WC709777,2026-04-26 02:54,crm,0,1,0.0,,train_split
WC709778,2026-04-26 03:01,crm,0,1,0.0,0,train_split
WC709779,2026-04-26 03:18,crm,0,1,0.0,0,train_split
WC709780,2026-04-26 03:51,crm,0,1,0.0,1,train_split
WC709781,2026-04-26 04:37,crm,0,1,0.0,0,train_split
WC709782,2026-04-26 06:16,crm,0,1,0.0,,train_split
WC709783,2026-04-26 08:21,crm,0,1,0.0,0,train_split
WC709784,2026-04-26 10:56,crm,0,1,0.0,0,train_split
WC709785,2026-04-26 11:10,crm,0,1,0.0,0,train_split
WC709786,2026-04-26 11:34,crm,0,1,0.0,0,train_split
WC709787,2026-04-26 13:57,crm,0,1,0.0,0,train_split
WC709788,2026-04-26 14:34,crm,0,1,0.0,0,train_split
WC709789,2026-04-26 14:39,crm,0,1,0.0,0,train_split
WC709790,2026-04-26 14:41,crm,0,1,0.0,0,train_split
WC709791,2026-04-26 15:50,crm,0,1,0.0,,train_split
WC709792,2026-04-26 19:00,crm,0,1,0.0,0,train_split
WC709793,2026-04-26 19:05,crm,0,1,0.0,0,train_split
WC709794,2026-04-26 19:46,crm,0,1,0.0,0,train_split
WC709795,2026-04-26 20:29,crm,0,1,0.0,0,train_split
WC709796,2026-04-26 21:21,crm,0,1,0.0,0,train_split
WC709797,2026-04-26 22:40,crm,0,1,0.0,0,train_split
WC709798,2026-04-27 01:41,crm,1,2,96.0,0,train_split
WC709799,2026-04-27 02:37,crm,0,1,0.0,0,train_split
WC709800,2026-04-27 02:40,crm,0,1,0.0,0,train_split
WC709801,2026-04-27 03:56,crm,0,1,0.0,0,train_split
WC709802,2026-04-27 04:19,crm,0,1,0.0,0,train_split
WC709803,2026-04-27 06:38,crm,0,1,0.0,0,train_split
WC709804,2026-04-27 06:42,crm,0,1,0.0,0,train_split
WC709805,2026-04-27 07:31,crm,0,1,0.0,0,train_split
WC709806,2026-04-27 09:55,crm,0,1,0.0,0,train_split
WC709807,2026-04-27 10:19,crm,1,2,120.0,0,train_split
WC709808,2026-04-27 13:21,crm,0,1,0.0,0,train_split
WC709809,2026-04-27 14:27,crm,0,1,0.0,0,train_split
WC709810,2026-04-27 15:19,crm,0,1,0.0,0,train_split
WC709811,2026-04-27 15:32,crm,0,1,0.0,1,train_split
WC709812,2026-04-27 16:48,crm,0,1,0.0,0,train_split
WC709813,2026-04-27 17:01,crm,0,1,0.0,0,train_split
WC709814,2026-04-27 17:17,crm,0,1,0.0,0,train_split
WC709815,2026-04-27 17:26,crm,0,1,0.0,0,train_split
WC709816,2026-04-27 22:14,crm,0,1,0.0,0,train_split
WC709817,2026-04-27 23:15,crm,0,1,0.0,0,train_split
WC709818,2026-04-28 00:02,crm,0,1,0.0,0,train_split
WC709819,2026-04-28 00:25,crm,0,1,0.0,0,train_split
WC709820,2026-04-28 01:43,crm,0,1,0.0,0,train_split
WC709821,2026-04-28 02:05,crm,0,1,0.0,0,train_split
WC709822,2026-04-28 02:48,crm,0,1,0.0,0,train_split
WC709823,2026-04-28 03:57,crm,0,1,0.0,0,train_split
WC709824,2026-04-28 06:10,crm,0,1,0.0,0,train_split
WC709825,2026-04-28 09:58,crm,0,1,0.0,0,train_split
WC709826,2026-04-28 11:50,crm,0,1,0.0,0,train_split
WC709827,2026-04-28 12:14,crm,1,2,72.0,,train_split
WC709828,2026-04-28 12:15,crm,0,1,0.0,0,train_split
WC709829,2026-04-28 13:40,crm,0,1,0.0,0,train_split
WC709830,2026-04-28 14:22,crm,0,1,0.0,0,train_split
WC709831,2026-04-28 14:39,crm,0,1,0.0,0,train_split
WC709832,2026-04-28 15:41,crm,0,1,0.0,0,train_split
WC709833,2026-04-28 15:49,crm,0,1,0.0,0,train_split
WC709834,2026-04-28 17:15,crm,0,1,0.0,0,train_split
WC709835,2026-04-28 17:23,crm,0,1,0.0,0,train_split
WC709836,2026-04-28 17:43,crm,0,1,0.0,0,train_split
WC709837,2026-04-28 21:52,crm,0,1,0.0,0,train_split
WC709838,2026-04-28 23:50,crm,0,1,0.0,0,train_split
WC709839,2026-04-29 00:16,crm,0,1,0.0,0,train_split
WC709840,2026-04-29 00:31,crm,1,2,48.0,0,train_split
WC709841,2026-04-29 02:28,crm,0,1,0.0,0,train_split
WC709842,2026-04-29 02:52,crm,0,1,0.0,0,train_split
WC709843,2026-04-29 03:34,crm,0,1,0.0,0,train_split
WC709844,2026-04-29 03:37,crm,0,1,0.0,0,train_split
WC709845,2026-04-29 03:53,crm,0,1,0.0,0,train_split
WC709846,2026-04-29 05:14,crm,0,1,0.0,,train_split
WC709847,2026-04-29 11:00,crm,0,1,0.0,0,train_split
WC709848,2026-04-29 12:04,crm,0,1,0.0,0,train_split
WC709849,2026-04-29 12:05,crm,0,1,0.0,0,train_split
WC709850,2026-04-29 12:24,crm,0,1,0.0,0,train_split
WC709851,2026-04-29 12:49,crm,0,1,0.0,0,train_split
WC709852,2026-04-29 14:04,crm,0,1,0.0,0,train_split
WC709853,2026-04-29 15:00,crm,1,2,96.0,0,train_split
WC709854,2026-04-29 15:29,crm,0,1,0.0,0,train_split
WC709855,2026-04-29 16:54,crm,0,1,0.0,0,train_split
WC709856,2026-04-29 17:20,crm,0,1,0.0,0,train_split
WC709857,2026-04-29 18:17,crm,0,1,0.0,0,train_split
WC709858,2026-04-29 19:40,crm,0,1,0.0,0,train_split
WC709859,2026-04-29 20:46,crm,0,1,0.0,0,train_split
WC709860,2026-04-29 21:57,crm,0,1,0.0,0,train_split
WC709861,2026-04-29 22:26,crm,1,2,72.0,0,train_split
WC709862,2026-04-29 22:32,crm,0,1,0.0,0,train_split
WC709863,2026-04-29 23:06,crm,0,1,0.0,0,train_split
WC709864,2026-04-29 23:08,crm,0,1,0.0,0,train_split
WC709865,2026-04-30 01:10,crm,0,1,0.0,0,train_split
WC709866,2026-04-30 02:11,crm,1,2,120.0,0,train_split
WC709867,2026-04-30 02:43,crm,0,1,0.0,0,train_split
WC709868,2026-04-30 03:15,crm,0,1,0.0,0,train_split
WC709869,2026-04-30 05:23,crm,0,1,0.0,0,train_split
WC709870,2026-04-30 07:37,crm,0,1,0.0,0,train_split
WC709871,2026-04-30 09:25,crm,0,1,0.0,0,train_split
WC709872,2026-04-30 10:27,crm,0,1,0.0,0,train_split
WC709873,2026-04-30 10:35,crm,1,2,72.0,0,train_split
WC709874,2026-04-30 11:10,crm,0,1,0.0,0,train_split
WC709875,2026-04-30 12:59,crm,1,2,96.0,0,train_split
WC709876,2026-04-30 13:17,crm,0,1,0.0,0,train_split
WC709877,2026-04-30 16:06,crm,0,1,0.0,0,train_split
WC709878,2026-04-30 16:19,crm,0,1,0.0,,train_split
WC709879,2026-04-30 18:56,crm,0,1,0.0,0,train_split
WC709880,2026-04-30 19:49,crm,1,2,96.0,0,train_split
WC709881,2026-04-30 20:33,crm,0,1,0.0,0,train_split
WC709882,2026-04-30 20:58,crm,0,1,0.0,0,train_split
WC709883,2026-04-30 22:59,crm,0,1,0.0,0,train_split
WC709884,2026-05-01 00:19,crm,0,1,0.0,0,validation_split
WC709885,2026-05-01 00:36,crm,0,1,0.0,0,validation_split
WC709886,2026-05-01 00:50,crm,0,1,0.0,0,validation_split
WC709887,2026-05-01 02:44,crm,0,1,0.0,0,validation_split
WC709888,2026-05-01 03:05,crm,0,1,0.0,0,validation_split
WC709889,2026-05-01 04:39,crm,0,1,0.0,0,validation_split
WC709890,2026-05-01 04:52,crm,0,1,0.0,0,validation_split
WC709891,2026-05-01 05:44,crm,0,1,0.0,0,validation_split
WC709892,2026-05-01 08:21,crm,0,1,0.0,0,validation_split
WC709893,2026-05-01 08:33,crm,0,1,0.0,0,validation_split
WC709894,2026-05-01 08:50,crm,0,1,0.0,0,validation_split
WC709895,2026-05-01 12:55,crm,0,1,0.0,0,validation_split
WC709896,2026-05-01 13:12,crm,0,1,0.0,0,validation_split
WC709897,2026-05-01 19:00,crm,0,1,0.0,0,validation_split
WC709898,2026-05-01 19:20,crm,0,1,0.0,0,validation_split
WC709899,2026-05-01 19:40,crm,0,1,0.0,0,validation_split
WC709900,2026-05-01 20:06,crm,0,1,0.0,0,validation_split
WC709901,2026-05-01 20:58,crm,0,1,0.0,0,validation_split
WC709902,2026-05-01 21:54,crm,0,1,0.0,0,validation_split
WC709903,2026-05-01 22:15,crm,0,1,0.0,0,validation_split
WC709904,2026-05-02 00:58,crm,0,1,0.0,0,validation_split
WC709905,2026-05-02 01:00,crm,0,1,0.0,0,validation_split
WC709906,2026-05-02 03:04,crm,0,1,0.0,0,validation_split
WC709907,2026-05-02 03:08,crm,0,1,0.0,0,validation_split
WC709908,2026-05-02 03:37,crm,0,1,0.0,0,validation_split
WC709909,2026-05-02 06:32,crm,0,1,0.0,0,validation_split
WC709910,2026-05-02 07:03,crm,0,1,0.0,0,validation_split
WC709911,2026-05-02 08:24,crm,0,1,0.0,0,validation_split
WC709912,2026-05-02 10:41,crm,0,1,0.0,0,validation_split
WC709913,2026-05-02 10:55,crm,0,1,0.0,0,validation_split
WC709914,2026-05-02 11:19,crm,0,1,0.0,0,validation_split
WC709915,2026-05-02 12:43,crm,0,1,0.0,0,validation_split
WC709916,2026-05-02 15:56,crm,0,1,0.0,0,validation_split
WC709917,2026-05-02 16:53,crm,0,1,0.0,0,validation_split
WC709918,2026-05-02 19:53,crm,0,1,0.0,0,validation_split
WC709919,2026-05-02 19:55,crm,0,1,0.0,0,validation_split
WC709920,2026-05-02 21:14,crm,0,1,0.0,0,validation_split
WC709921,2026-05-02 21:56,crm,0,1,0.0,0,validation_split
WC709922,2026-05-02 22:30,crm,0,1,0.0,0,validation_split
WC709923,2026-05-02 22:51,crm,0,1,0.0,0,validation_split
WC709924,2026-05-02 23:15,crm,0,1,0.0,0,validation_split
WC709925,2026-05-03 01:01,crm,0,1,0.0,0,validation_split
WC709926,2026-05-03 01:09,crm,0,1,0.0,0,validation_split
WC709927,2026-05-03 02:08,crm,0,1,0.0,0,validation_split
WC709928,2026-05-03 03:27,crm,0,1,0.0,0,validation_split
WC709929,2026-05-03 03:27,crm,0,1,0.0,0,validation_split
WC709930,2026-05-03 05:11,crm,0,1,0.0,0,validation_split
WC709931,2026-05-03 06:22,crm,0,1,0.0,0,validation_split
WC709932,2026-05-03 07:09,crm,0,1,0.0,0,validation_split
WC709933,2026-05-03 07:43,crm,0,1,0.0,0,validation_split
WC709934,2026-05-03 09:48,crm,0,1,0.0,0,validation_split
WC709935,2026-05-03 10:58,crm,0,1,0.0,0,validation_split
WC709936,2026-05-03 15:56,crm,0,1,0.0,0,validation_split
WC709937,2026-05-03 16:57,crm,0,1,0.0,0,validation_split
WC709938,2026-05-03 18:04,crm,0,1,0.0,0,validation_split
WC709939,2026-05-03 18:23,crm,0,1,0.0,0,validation_split
WC709940,2026-05-03 18:23,crm,0,1,0.0,0,validation_split
WC709941,2026-05-03 19:57,crm,0,1,0.0,0,validation_split
WC709942,2026-05-03 20:58,crm,0,1,0.0,0,validation_split
WC709943,2026-05-03 22:13,crm,0,1,0.0,0,validation_split
WC709944,2026-05-04 00:57,crm,1,2,96.0,0,validation_split
WC709945,2026-05-04 04:55,crm,0,1,0.0,0,validation_split
WC709946,2026-05-04 06:16,crm,0,1,0.0,0,validation_split
WC709947,2026-05-04 07:25,crm,0,1,0.0,0,validation_split
WC709948,2026-05-04 07:28,crm,0,1,0.0,1,validation_split
WC709949,2026-05-04 08:01,crm,0,1,0.0,0,validation_split
WC709950,2026-05-04 08:51,crm,0,1,0.0,0,validation_split
WC709951,2026-05-04 09:39,crm,0,1,0.0,0,validation_split
WC709952,2026-05-04 12:43,crm,0,1,0.0,0,validation_split
WC709953,2026-05-04 13:58,crm,0,1,0.0,0,validation_split
WC709954,2026-05-04 14:25,crm,0,1,0.0,0,validation_split
WC709955,2026-05-04 14:54,crm,0,1,0.0,0,validation_split
WC709956,2026-05-04 15:04,crm,0,1,0.0,1,validation_split
WC709957,2026-05-04 15:36,crm,0,1,0.0,0,validation_split
WC709958,2026-05-04 16:37,crm,0,1,0.0,0,validation_split
WC709959,2026-05-04 17:24,crm,0,1,0.0,0,validation_split
WC709960,2026-05-04 17:49,crm,0,1,0.0,0,validation_split
WC709961,2026-05-04 18:22,crm,0,1,0.0,0,validation_split
WC709962,2026-05-04 19:34,crm,0,1,0.0,0,validation_split
WC709963,2026-05-04 21:30,crm,0,1,0.0,0,validation_split
WC709964,2026-05-05 00:58,crm,0,1,0.0,0,validation_split
WC709965,2026-05-05 01:00,crm,0,1,0.0,0,validation_split
WC709966,2026-05-05 01:21,crm,0,1,0.0,0,validation_split
WC709967,2026-05-05 01:29,crm,0,1,0.0,0,validation_split
WC709968,2026-05-05 02:08,crm,0,1,0.0,0,validation_split
WC709969,2026-05-05 05:04,crm,0,1,0.0,0,validation_split
WC709970,2026-05-05 05:07,crm,0,1,0.0,0,validation_split
WC709971,2026-05-05 05:10,crm,0,1,0.0,0,validation_split
WC709972,2026-05-05 07:34,crm,0,1,0.0,0,validation_split
WC709973,2026-05-05 07:45,crm,0,1,0.0,0,validation_split
WC709974,2026-05-05 09:47,crm,0,1,0.0,0,validation_split
WC709975,2026-05-05 10:16,crm,0,1,0.0,0,validation_split
WC709976,2026-05-05 11:49,crm,0,1,0.0,0,validation_split
WC709977,2026-05-05 12:17,crm,0,1,0.0,0,validation_split
WC709978,2026-05-05 14:24,crm,0,1,0.0,0,validation_split
WC709979,2026-05-05 14:44,crm,0,1,0.0,0,validation_split
WC709980,2026-05-05 15:30,crm,0,1,0.0,0,validation_split
WC709981,2026-05-05 15:40,crm,0,1,0.0,0,validation_split
WC709982,2026-05-05 16:18,crm,0,1,0.0,0,validation_split
WC709983,2026-05-05 18:11,crm,0,1,0.0,0,validation_split
WC709984,2026-05-05 19:39,crm,0,1,0.0,0,validation_split
WC709985,2026-05-05 19:41,crm,0,1,0.0,0,validation_split
WC709986,2026-05-05 19:52,crm,0,1,0.0,0,validation_split
WC709987,2026-05-05 21:08,crm,0,1,0.0,0,validation_split
WC709988,2026-05-05 21:21,crm,0,1,0.0,0,validation_split
WC709989,2026-05-05 23:51,crm,0,1,0.0,0,validation_split
WC709990,2026-05-06 02:33,crm,0,1,0.0,0,validation_split
WC709991,2026-05-06 04:24,crm,0,1,0.0,0,validation_split
WC709992,2026-05-06 05:47,crm,0,1,0.0,0,validation_split
WC709993,2026-05-06 06:05,crm,0,1,0.0,0,validation_split
WC709994,2026-05-06 07:42,crm,0,1,0.0,0,validation_split
WC709995,2026-05-06 08:21,crm,0,1,0.0,0,validation_split
WC709996,2026-05-06 12:44,crm,0,1,0.0,,validation_split
WC709997,2026-05-06 15:01,crm,0,1,0.0,0,validation_split
WC709998,2026-05-06 15:09,crm,0,1,0.0,0,validation_split
WC709999,2026-05-06 15:33,crm,0,1,0.0,0,validation_split
WC710000,2026-05-06 16:59,crm,1,2,120.0,0,validation_split
WC710001,2026-05-06 17:10,crm,0,1,0.0,0,validation_split
WC710002,2026-05-06 19:36,crm,0,1,0.0,0,validation_split
WC710003,2026-05-06 20:48,crm,0,1,0.0,,validation_split
WC710004,2026-05-06 21:48,crm,0,1,0.0,0,validation_split
WC710005,2026-05-06 23:56,crm,0,1,0.0,0,validation_split
WC710006,2026-05-07 02:12,crm,0,1,0.0,0,validation_split
WC710007,2026-05-07 06:48,crm,0,1,0.0,0,validation_split
WC710008,2026-05-07 07:29,crm,0,1,0.0,0,validation_split
WC710009,2026-05-07 07:50,crm,0,1,0.0,0,validation_split
WC710010,2026-05-07 09:28,crm,0,1,0.0,0,validation_split
WC710011,2026-05-07 09:29,crm,0,1,0.0,0,validation_split
WC710012,2026-05-07 10:26,crm,0,1,0.0,0,validation_split
WC710013,2026-05-07 11:15,crm,0,1,0.0,0,validation_split
WC710014,2026-05-07 11:40,crm,0,1,0.0,0,validation_split
WC710015,2026-05-07 12:04,crm,0,1,0.0,1,validation_split
WC710016,2026-05-07 12:55,crm,0,1,0.0,0,validation_split
WC710017,2026-05-07 14:45,crm,0,1,0.0,0,validation_split
WC710018,2026-05-07 14:55,crm,0,1,0.0,0,validation_split
WC710019,2026-05-07 16:58,crm,0,1,0.0,0,validation_split
WC710020,2026-05-07 17:02,crm,0,1,0.0,0,validation_split
WC710021,2026-05-07 18:02,crm,0,1,0.0,0,validation_split
WC710022,2026-05-07 18:15,crm,0,1,0.0,0,validation_split
WC710023,2026-05-07 18:15,crm,0,1,0.0,,validation_split
WC710024,2026-05-07 18:21,crm,0,1,0.0,0,validation_split
WC710025,2026-05-07 20:04,crm,0,1,0.0,0,validation_split
WC710026,2026-05-07 21:01,crm,0,1,0.0,0,validation_split
WC710027,2026-05-07 22:13,crm,0,1,0.0,0,validation_split
WC710028,2026-05-07 23:51,crm,0,1,0.0,0,validation_split
WC710029,2026-05-08 03:15,crm,0,1,0.0,0,validation_split
WC710030,2026-05-08 04:37,crm,0,1,0.0,0,validation_split
WC710031,2026-05-08 05:20,crm,0,1,0.0,0,validation_split
WC710032,2026-05-08 07:00,crm,1,2,72.0,,validation_split
WC710033,2026-05-08 07:21,crm,0,1,0.0,0,validation_split
WC710034,2026-05-08 08:55,crm,0,1,0.0,0,validation_split
WC710035,2026-05-08 09:21,crm,0,1,0.0,0,validation_split
WC710036,2026-05-08 09:52,crm,0,1,0.0,0,validation_split
WC710037,2026-05-08 10:51,crm,0,1,0.0,0,validation_split
WC710038,2026-05-08 12:37,crm,0,1,0.0,0,validation_split
WC710039,2026-05-08 12:40,crm,0,1,0.0,0,validation_split
WC710040,2026-05-08 12:53,crm,0,1,0.0,0,validation_split
WC710041,2026-05-08 15:51,crm,1,2,96.0,0,validation_split
WC710042,2026-05-08 17:56,crm,0,1,0.0,0,validation_split
WC710043,2026-05-08 18:38,crm,0,1,0.0,0,validation_split
WC710044,2026-05-08 19:34,crm,0,1,0.0,0,validation_split
WC710045,2026-05-08 21:47,crm,0,1,0.0,0,validation_split
WC710046,2026-05-09 00:26,crm,0,1,0.0,0,validation_split
WC710047,2026-05-09 00:39,crm,0,1,0.0,0,validation_split
WC710048,2026-05-09 01:43,crm,0,1,0.0,0,validation_split
WC710049,2026-05-09 02:53,crm,0,1,0.0,1,validation_split
WC710050,2026-05-09 03:09,crm,0,1,0.0,0,validation_split
WC710051,2026-05-09 05:03,crm,0,1,0.0,0,validation_split
WC710052,2026-05-09 06:13,crm,0,1,0.0,0,validation_split
WC710053,2026-05-09 07:11,crm,0,1,0.0,0,validation_split
WC710054,2026-05-09 08:08,crm,0,1,0.0,0,validation_split
WC710055,2026-05-09 09:19,crm,1,2,24.0,,validation_split
WC710056,2026-05-09 09:28,crm,0,1,0.0,0,validation_split
WC710057,2026-05-09 09:51,crm,0,1,0.0,0,validation_split
WC710058,2026-05-09 10:06,crm,0,1,0.0,0,validation_split
WC710059,2026-05-09 10:34,crm,0,1,0.0,0,validation_split
WC710060,2026-05-09 10:39,crm,0,1,0.0,0,validation_split
WC710061,2026-05-09 12:50,crm,0,1,0.0,0,validation_split
WC710062,2026-05-09 13:21,crm,0,1,0.0,0,validation_split
WC710063,2026-05-09 13:41,crm,0,1,0.0,0,validation_split
WC710064,2026-05-09 13:55,crm,0,1,0.0,0,validation_split
WC710065,2026-05-09 15:14,crm,0,1,0.0,0,validation_split
WC710066,2026-05-09 16:21,crm,0,1,0.0,0,validation_split
WC710067,2026-05-09 16:50,crm,0,1,0.0,0,validation_split
WC710068,2026-05-09 17:06,crm,0,1,0.0,0,validation_split
WC710069,2026-05-09 17:20,crm,1,2,72.0,0,validation_split
WC710070,2026-05-09 17:21,crm,0,1,0.0,0,validation_split
WC710071,2026-05-09 18:14,crm,0,1,0.0,0,validation_split
WC710072,2026-05-09 20:23,crm,0,1,0.0,,validation_split
WC710073,2026-05-09 20:57,crm,0,1,0.0,0,validation_split
WC710074,2026-05-09 21:39,crm,0,1,0.0,0,validation_split
WC710075,2026-05-09 22:58,crm,0,1,0.0,0,validation_split
WC710076,2026-05-09 23:07,crm,0,1,0.0,0,validation_split
WC710077,2026-05-09 23:33,crm,0,1,0.0,0,validation_split
WC710078,2026-05-09 23:45,crm,0,1,0.0,0,validation_split
WC710079,2026-05-10 01:21,crm,0,1,0.0,0,validation_split
WC710080,2026-05-10 01:42,crm,0,1,0.0,0,validation_split
WC710081,2026-05-10 02:49,crm,1,2,72.0,0,validation_split
WC710082,2026-05-10 03:18,crm,0,1,0.0,0,validation_split
WC710083,2026-05-10 04:09,crm,0,1,0.0,0,validation_split
WC710084,2026-05-10 04:31,crm,0,1,0.0,0,validation_split
WC710085,2026-05-10 08:19,crm,0,1,0.0,0,validation_split
WC710086,2026-05-10 09:51,crm,0,1,0.0,0,validation_split
WC710087,2026-05-10 10:12,crm,0,1,0.0,0,validation_split
WC710088,2026-05-10 11:27,crm,1,2,120.0,0,validation_split
WC710089,2026-05-10 11:48,crm,0,1,0.0,0,validation_split
WC710090,2026-05-10 12:22,crm,0,1,0.0,0,validation_split
WC710091,2026-05-10 13:28,crm,0,1,0.0,0,validation_split
WC710092,2026-05-10 14:16,crm,0,1,0.0,0,validation_split
WC710093,2026-05-10 14:34,crm,0,1,0.0,0,validation_split
WC710094,2026-05-10 14:43,crm,0,1,0.0,,validation_split
WC710095,2026-05-10 15:39,crm,0,1,0.0,0,validation_split
WC710096,2026-05-10 17:03,crm,0,1,0.0,0,validation_split
WC710097,2026-05-10 18:21,crm,0,1,0.0,0,validation_split
WC710098,2026-05-10 19:44,crm,0,1,0.0,0,validation_split
WC710099,2026-05-10 19:47,crm,0,1,0.0,,validation_split
WC710100,2026-05-10 21:54,crm,0,1,0.0,0,validation_split
WC710101,2026-05-10 23:46,crm,0,1,0.0,0,validation_split
WC710102,2026-05-10 23:47,crm,0,1,0.0,0,validation_split
WC710103,2026-05-10 23:52,crm,0,1,0.0,0,validation_split
WC710104,2026-05-11 00:12,crm,0,1,0.0,0,validation_split
WC710105,2026-05-11 00:45,crm,1,2,24.0,1,validation_split
WC710106,2026-05-11 00:53,crm,0,1,0.0,0,validation_split
WC710107,2026-05-11 00:55,crm,0,1,0.0,0,validation_split
WC710108,2026-05-11 01:19,crm,0,1,0.0,0,validation_split
WC710109,2026-05-11 01:53,crm,0,1,0.0,0,validation_split
WC710110,2026-05-11 02:21,crm,0,1,0.0,0,validation_split
WC710111,2026-05-11 02:25,crm,0,1,0.0,0,validation_split
WC710112,2026-05-11 03:01,crm,0,1,0.0,0,validation_split
WC710113,2026-05-11 04:00,crm,0,1,0.0,0,validation_split
WC710114,2026-05-11 04:24,crm,0,1,0.0,0,validation_split
WC710115,2026-05-11 05:47,crm,0,1,0.0,0,validation_split
WC710116,2026-05-11 06:42,crm,0,1,0.0,0,validation_split
WC710117,2026-05-11 07:33,crm,0,1,0.0,0,validation_split
WC710118,2026-05-11 08:37,crm,0,1,0.0,0,validation_split
WC710119,2026-05-11 09:21,crm,0,1,0.0,0,validation_split
WC710120,2026-05-11 09:25,crm,0,1,0.0,0,validation_split
WC710121,2026-05-11 09:42,crm,0,1,0.0,0,validation_split
WC710122,2026-05-11 09:54,crm,0,1,0.0,0,validation_split
WC710123,2026-05-11 10:06,crm,0,1,0.0,0,validation_split
WC710124,2026-05-11 11:51,crm,0,1,0.0,0,validation_split
WC710125,2026-05-11 12:36,crm,0,1,0.0,0,validation_split
WC710126,2026-05-11 12:54,crm,1,2,24.0,0,validation_split
WC710127,2026-05-11 13:31,crm,0,1,0.0,0,validation_split
WC710128,2026-05-11 16:55,crm,0,1,0.0,0,validation_split
WC710129,2026-05-11 17:16,crm,0,1,0.0,0,validation_split
WC710130,2026-05-11 17:52,crm,0,1,0.0,0,validation_split
WC710131,2026-05-11 20:12,crm,1,2,96.0,0,validation_split
WC710132,2026-05-11 20:41,crm,0,1,0.0,0,validation_split
WC710133,2026-05-11 20:45,crm,0,1,0.0,0,validation_split
WC710134,2026-05-11 22:06,crm,1,2,72.0,0,validation_split
WC710135,2026-05-11 22:59,crm,0,1,0.0,0,validation_split
WC710136,2026-05-11 23:20,crm,0,1,0.0,0,validation_split
WC710137,2026-05-11 23:47,crm,0,1,0.0,0,validation_split
WC710138,2026-05-12 02:16,crm,0,1,0.0,0,validation_split
WC710139,2026-05-12 04:22,crm,0,1,0.0,0,validation_split
WC710140,2026-05-12 05:18,crm,0,1,0.0,0,validation_split
WC710141,2026-05-12 06:22,crm,0,1,0.0,0,validation_split
WC710142,2026-05-12 07:45,crm,0,1,0.0,0,validation_split
WC710143,2026-05-12 08:49,crm,0,1,0.0,0,validation_split
WC710144,2026-05-12 10:53,crm,0,1,0.0,0,validation_split
WC710145,2026-05-12 11:08,crm,0,1,0.0,0,validation_split
WC710146,2026-05-12 11:26,crm,0,1,0.0,,validation_split
WC710147,2026-05-12 12:46,crm,0,1,0.0,0,validation_split
WC710148,2026-05-12 16:00,crm,0,1,0.0,,validation_split
WC710149,2026-05-12 17:06,crm,0,1,0.0,0,validation_split
WC710150,2026-05-12 17:49,crm,1,2,48.0,0,validation_split
WC710151,2026-05-12 18:30,crm,0,1,0.0,0,validation_split
WC710152,2026-05-12 21:37,crm,0,1,0.0,0,validation_split
WC710153,2026-05-12 21:53,crm,0,1,0.0,0,validation_split
WC710154,2026-05-12 22:37,crm,1,2,120.0,0,validation_split
WC710155,2026-05-12 23:21,crm,0,1,0.0,0,validation_split
WC710156,2026-05-12 23:41,crm,0,1,0.0,0,validation_split
WC710157,2026-05-13 00:34,crm,0,1,0.0,0,validation_split
WC710158,2026-05-13 00:57,crm,0,1,0.0,0,validation_split
WC710159,2026-05-13 01:22,crm,0,1,0.0,0,validation_split
WC710160,2026-05-13 02:06,crm,0,1,0.0,0,validation_split
WC710161,2026-05-13 02:29,crm,0,1,0.0,0,validation_split
WC710162,2026-05-13 04:01,crm,0,1,0.0,0,validation_split
WC710163,2026-05-13 04:14,crm,0,1,0.0,0,validation_split
WC710164,2026-05-13 04:28,crm,0,1,0.0,0,validation_split
WC710165,2026-05-13 05:19,crm,0,1,0.0,0,validation_split
WC710166,2026-05-13 05:56,crm,0,1,0.0,0,validation_split
WC710167,2026-05-13 08:56,crm,0,1,0.0,0,validation_split
WC710168,2026-05-13 09:18,crm,0,1,0.0,0,validation_split
WC710169,2026-05-13 10:34,crm,0,1,0.0,0,validation_split
WC710170,2026-05-13 11:23,crm,0,1,0.0,0,validation_split
WC710171,2026-05-13 14:30,crm,0,1,0.0,0,validation_split
WC710172,2026-05-13 15:16,crm,0,1,0.0,0,validation_split
WC710173,2026-05-13 17:08,crm,0,1,0.0,0,validation_split
WC710174,2026-05-13 17:33,crm,0,1,0.0,0,validation_split
WC710175,2026-05-13 20:07,crm,0,1,0.0,0,validation_split
WC710176,2026-05-13 20:08,crm,0,1,0.0,0,validation_split
WC710177,2026-05-13 20:08,crm,0,1,0.0,0,validation_split
WC710178,2026-05-14 00:33,crm,0,1,0.0,0,validation_split
WC710179,2026-05-14 00:46,crm,0,1,0.0,0,validation_split
WC710180,2026-05-14 03:28,crm,0,1,0.0,0,validation_split
WC710181,2026-05-14 03:46,crm,0,1,0.0,0,validation_split
WC710182,2026-05-14 08:34,crm,0,1,0.0,0,validation_split
WC710183,2026-05-14 09:55,crm,0,1,0.0,0,validation_split
WC710184,2026-05-14 10:30,crm,0,1,0.0,0,validation_split
WC710185,2026-05-14 12:51,crm,0,1,0.0,0,validation_split
WC710186,2026-05-14 13:53,crm,0,1,0.0,0,validation_split
WC710187,2026-05-14 14:49,crm,0,1,0.0,0,validation_split
WC710188,2026-05-14 14:55,crm,0,1,0.0,0,validation_split
WC710189,2026-05-14 15:42,crm,0,1,0.0,0,validation_split
WC710190,2026-05-14 17:54,crm,0,1,0.0,0,validation_split
WC710191,2026-05-14 18:17,crm,0,1,0.0,0,validation_split
WC710192,2026-05-14 22:01,crm,0,1,0.0,0,validation_split
WC710193,2026-05-14 22:52,crm,0,1,0.0,0,validation_split
WC710194,2026-05-15 01:24,crm,0,1,0.0,0,validation_split
WC710195,2026-05-15 02:28,crm,1,2,120.0,0,validation_split
WC710196,2026-05-15 03:11,crm,0,1,0.0,0,validation_split
WC710197,2026-05-15 04:23,crm,0,1,0.0,0,validation_split
WC710198,2026-05-15 05:30,crm,1,2,48.0,0,validation_split
WC710199,2026-05-15 05:42,crm,0,1,0.0,0,validation_split
WC710200,2026-05-15 06:03,crm,0,1,0.0,0,validation_split
WC710201,2026-05-15 06:15,crm,0,1,0.0,0,validation_split
WC710202,2026-05-15 07:18,crm,0,1,0.0,0,validation_split
WC710203,2026-05-15 07:53,crm,0,1,0.0,0,validation_split
WC710204,2026-05-15 08:07,crm,0,1,0.0,0,validation_split
WC710205,2026-05-15 08:12,crm,0,1,0.0,,validation_split
WC710207,2026-05-15 10:29,crm,0,1,0.0,0,validation_split
WC710206,2026-05-15 10:29,crm,0,1,0.0,0,validation_split
WC710208,2026-05-15 10:34,crm,0,1,0.0,0,validation_split
WC710209,2026-05-15 11:12,crm,0,1,0.0,,validation_split
WC710210,2026-05-15 11:55,crm,0,1,0.0,0,validation_split
WC710211,2026-05-15 12:27,crm,0,1,0.0,0,validation_split
WC710212,2026-05-15 12:30,crm,0,1,0.0,0,validation_split
WC710213,2026-05-15 15:00,crm,0,1,0.0,0,validation_split
WC710214,2026-05-15 16:59,crm,0,1,0.0,0,validation_split
WC710215,2026-05-15 17:58,crm,0,1,0.0,0,validation_split
WC710216,2026-05-15 18:10,crm,0,1,0.0,0,validation_split
WC710217,2026-05-15 18:11,crm,0,1,0.0,0,validation_split
WC710218,2026-05-15 18:46,crm,0,1,0.0,0,validation_split
WC710219,2026-05-15 20:40,crm,0,1,0.0,0,validation_split
WC710220,2026-05-15 21:25,crm,0,1,0.0,0,validation_split
WC710221,2026-05-15 21:41,crm,0,1,0.0,0,validation_split
WC710222,2026-05-15 22:59,crm,0,1,0.0,0,validation_split
WC710223,2026-05-16 00:00,crm,0,1,0.0,0,validation_split
WC710224,2026-05-16 00:55,crm,0,1,0.0,0,validation_split
WC710225,2026-05-16 01:20,crm,1,2,48.0,0,validation_split
WC710226,2026-05-16 01:42,crm,0,1,0.0,0,validation_split
WC710227,2026-05-16 02:01,crm,0,1,0.0,0,validation_split
WC710228,2026-05-16 04:16,crm,0,1,0.0,0,validation_split
WC710229,2026-05-16 04:37,crm,1,2,24.0,0,validation_split
WC710230,2026-05-16 05:15,crm,0,1,0.0,0,validation_split
WC710231,2026-05-16 06:09,crm,0,1,0.0,0,validation_split
WC710232,2026-05-16 06:26,crm,0,1,0.0,0,validation_split
WC710233,2026-05-16 06:42,crm,0,1,0.0,0,validation_split
WC710234,2026-05-16 07:01,crm,0,1,0.0,0,validation_split
WC710235,2026-05-16 07:07,crm,1,2,72.0,0,validation_split
WC710236,2026-05-16 10:10,crm,0,1,0.0,0,validation_split
WC710237,2026-05-16 10:11,crm,0,1,0.0,0,validation_split
WC710238,2026-05-16 11:17,crm,0,1,0.0,0,validation_split
WC710239,2026-05-16 11:27,crm,0,1,0.0,0,validation_split
WC710240,2026-05-16 11:31,crm,0,1,0.0,0,validation_split
WC710241,2026-05-16 12:09,crm,0,1,0.0,0,validation_split
WC710242,2026-05-16 13:38,crm,0,1,0.0,0,validation_split
WC710243,2026-05-16 14:10,crm,0,1,0.0,0,validation_split
WC710244,2026-05-16 14:25,crm,0,1,0.0,0,validation_split
WC710245,2026-05-16 14:45,crm,0,1,0.0,1,validation_split
WC710246,2026-05-16 16:07,crm,0,1,0.0,0,validation_split
WC710247,2026-05-16 20:38,crm,1,2,96.0,0,validation_split
WC710248,2026-05-16 20:48,crm,0,1,0.0,0,validation_split
WC710249,2026-05-16 21:06,crm,0,1,0.0,0,validation_split
WC710250,2026-05-16 21:11,crm,0,1,0.0,0,validation_split
WC710251,2026-05-16 21:14,crm,0,1,0.0,0,validation_split
WC710252,2026-05-16 22:01,crm,0,1,0.0,0,validation_split
WC710253,2026-05-17 01:02,crm,0,1,0.0,0,validation_split
WC710254,2026-05-17 01:32,crm,0,1,0.0,0,validation_split
WC710256,2026-05-17 02:02,crm,0,1,0.0,0,validation_split
WC710255,2026-05-17 02:02,crm,0,1,0.0,0,validation_split
WC710257,2026-05-17 03:08,crm,0,1,0.0,1,validation_split
WC710258,2026-05-17 03:48,crm,0,1,0.0,0,validation_split
WC710259,2026-05-17 06:12,crm,0,1,0.0,0,validation_split
WC710260,2026-05-17 07:09,crm,0,1,0.0,0,validation_split
WC710261,2026-05-17 08:14,crm,0,1,0.0,0,validation_split
WC710262,2026-05-17 08:37,crm,1,2,120.0,0,validation_split
WC710263,2026-05-17 08:57,crm,0,1,0.0,0,validation_split
WC710264,2026-05-17 11:38,crm,0,1,0.0,0,validation_split
WC710265,2026-05-17 12:12,crm,0,1,0.0,0,validation_split
WC710266,2026-05-17 12:55,crm,0,1,0.0,,validation_split
WC710267,2026-05-17 14:02,crm,0,1,0.0,0,validation_split
WC710268,2026-05-17 14:50,crm,0,1,0.0,0,validation_split
WC710269,2026-05-17 15:12,crm,0,1,0.0,0,validation_split
WC710270,2026-05-17 15:42,crm,0,1,0.0,0,validation_split
WC710271,2026-05-17 16:43,crm,0,1,0.0,0,validation_split
WC710272,2026-05-17 16:47,crm,0,1,0.0,0,validation_split
WC710273,2026-05-17 20:56,crm,0,1,0.0,0,validation_split
WC710274,2026-05-17 21:12,crm,0,1,0.0,1,validation_split
WC710275,2026-05-17 22:03,crm,0,1,0.0,0,validation_split
WC710276,2026-05-17 23:19,crm,0,1,0.0,0,validation_split
WC710277,2026-05-18 02:29,crm,0,1,0.0,0,validation_split
WC710278,2026-05-18 03:09,crm,1,2,120.0,0,validation_split
WC710279,2026-05-18 03:13,crm,0,1,0.0,0,validation_split
WC710280,2026-05-18 04:59,crm,0,1,0.0,0,validation_split
WC710281,2026-05-18 05:00,crm,0,1,0.0,0,validation_split
WC710282,2026-05-18 05:48,crm,1,2,96.0,0,validation_split
WC710283,2026-05-18 07:30,crm,0,1,0.0,0,validation_split
WC710284,2026-05-18 07:42,crm,0,1,0.0,0,validation_split
WC710285,2026-05-18 08:02,crm,1,2,120.0,0,validation_split
WC710286,2026-05-18 08:40,crm,0,1,0.0,0,validation_split
WC710287,2026-05-18 09:19,crm,0,1,0.0,0,validation_split
WC710288,2026-05-18 09:56,crm,0,1,0.0,0,validation_split
WC710289,2026-05-18 10:08,crm,0,1,0.0,0,validation_split
WC710290,2026-05-18 12:33,crm,0,1,0.0,0,validation_split
WC710291,2026-05-18 14:34,crm,0,1,0.0,0,validation_split
WC710292,2026-05-18 14:47,crm,0,1,0.0,0,validation_split
WC710293,2026-05-18 14:53,crm,0,1,0.0,0,validation_split
WC710294,2026-05-18 20:40,crm,0,1,0.0,0,validation_split
WC710295,2026-05-18 21:26,crm,0,1,0.0,0,validation_split
WC710296,2026-05-18 22:26,crm,0,1,0.0,0,validation_split
WC710297,2026-05-19 00:58,crm,1,2,96.0,0,validation_split
WC710298,2026-05-19 02:26,crm,0,1,0.0,0,validation_split
WC710299,2026-05-19 02:39,crm,0,1,0.0,0,validation_split
WC710300,2026-05-19 02:59,crm,0,1,0.0,0,validation_split
WC710301,2026-05-19 03:34,crm,0,1,0.0,0,validation_split
WC710302,2026-05-19 03:48,crm,0,1,0.0,0,validation_split
WC710303,2026-05-19 04:45,crm,0,1,0.0,0,validation_split
WC710304,2026-05-19 05:14,crm,0,1,0.0,0,validation_split
WC710305,2026-05-19 05:39,crm,0,1,0.0,0,validation_split
WC710306,2026-05-19 06:32,crm,0,1,0.0,0,validation_split
WC710307,2026-05-19 06:57,crm,0,1,0.0,0,validation_split
WC710308,2026-05-19 07:31,crm,0,1,0.0,0,validation_split
WC710309,2026-05-19 09:53,crm,0,1,0.0,,validation_split
WC710310,2026-05-19 11:40,crm,0,1,0.0,,validation_split
WC710311,2026-05-19 12:04,crm,0,1,0.0,0,validation_split
WC710312,2026-05-19 12:53,crm,0,1,0.0,0,validation_split
WC710313,2026-05-19 13:14,crm,0,1,0.0,0,validation_split
WC710314,2026-05-19 14:07,crm,0,1,0.0,0,validation_split
WC710315,2026-05-19 14:27,crm,0,1,0.0,0,validation_split
WC710316,2026-05-19 16:36,crm,0,1,0.0,0,validation_split
WC710317,2026-05-19 16:41,crm,0,1,0.0,,validation_split
WC710318,2026-05-19 17:15,crm,0,1,0.0,0,validation_split
WC710319,2026-05-19 17:27,crm,0,1,0.0,0,validation_split
WC710320,2026-05-19 20:02,crm,0,1,0.0,0,validation_split
WC710321,2026-05-19 20:48,crm,0,1,0.0,0,validation_split
WC710322,2026-05-19 22:54,crm,0,1,0.0,0,validation_split
WC710323,2026-05-19 23:48,crm,0,1,0.0,0,validation_split
WC710324,2026-05-20 01:07,crm,0,1,0.0,,validation_split
WC710325,2026-05-20 02:18,crm,0,1,0.0,0,validation_split
WC710326,2026-05-20 02:43,crm,0,1,0.0,0,validation_split
WC710327,2026-05-20 05:03,crm,0,1,0.0,0,validation_split
WC710328,2026-05-20 05:41,crm,0,1,0.0,0,validation_split
WC710329,2026-05-20 06:35,crm,0,1,0.0,0,validation_split
WC710330,2026-05-20 09:40,crm,0,1,0.0,0,validation_split
WC710331,2026-05-20 09:51,crm,0,1,0.0,0,validation_split
WC710332,2026-05-20 10:30,crm,0,1,0.0,0,validation_split
WC710333,2026-05-20 11:00,crm,0,1,0.0,0,validation_split
WC710334,2026-05-20 11:13,crm,0,1,0.0,1,validation_split
WC710335,2026-05-20 11:28,crm,0,1,0.0,0,validation_split
WC710336,2026-05-20 12:50,crm,0,1,0.0,0,validation_split
WC710337,2026-05-20 12:53,crm,0,1,0.0,0,validation_split
WC710338,2026-05-20 16:15,crm,0,1,0.0,0,validation_split
WC710339,2026-05-20 17:08,crm,0,1,0.0,0,validation_split
WC710340,2026-05-20 17:36,crm,0,1,0.0,0,validation_split
WC710341,2026-05-20 18:01,crm,0,1,0.0,0,validation_split
WC710342,2026-05-20 20:07,crm,0,1,0.0,0,validation_split
WC710343,2026-05-20 20:17,crm,0,1,0.0,0,validation_split
WC710344,2026-05-20 20:26,crm,0,1,0.0,0,validation_split
WC710345,2026-05-20 21:05,crm,0,1,0.0,0,validation_split
WC710346,2026-05-20 22:35,crm,0,1,0.0,0,validation_split
WC710347,2026-05-20 22:49,crm,0,1,0.0,0,validation_split
WC710348,2026-05-21 00:01,crm,0,1,0.0,0,validation_split
WC710349,2026-05-21 02:42,crm,1,2,96.0,0,validation_split
WC710350,2026-05-21 03:40,crm,0,1,0.0,0,validation_split
WC710351,2026-05-21 04:02,crm,0,1,0.0,0,validation_split
WC710352,2026-05-21 04:18,crm,1,2,24.0,0,validation_split
WC710353,2026-05-21 04:25,crm,0,1,0.0,0,validation_split
WC710354,2026-05-21 04:45,crm,0,1,0.0,0,validation_split
WC710355,2026-05-21 05:51,crm,0,1,0.0,0,validation_split
WC710356,2026-05-21 07:56,crm,0,1,0.0,0,validation_split
WC710357,2026-05-21 08:14,crm,0,1,0.0,0,validation_split
WC710358,2026-05-21 08:46,crm,0,1,0.0,0,validation_split
WC710359,2026-05-21 09:06,crm,0,1,0.0,0,validation_split
WC710360,2026-05-21 09:08,crm,0,1,0.0,0,validation_split
WC710361,2026-05-21 10:55,crm,0,1,0.0,0,validation_split
WC710362,2026-05-21 11:03,crm,0,1,0.0,1,validation_split
WC710363,2026-05-21 11:34,crm,0,1,0.0,0,validation_split
WC710364,2026-05-21 12:38,crm,0,1,0.0,0,validation_split
WC710365,2026-05-21 14:02,crm,0,1,0.0,0,validation_split
WC710366,2026-05-21 14:04,crm,0,1,0.0,0,validation_split
WC710367,2026-05-21 15:10,crm,0,1,0.0,0,validation_split
WC710368,2026-05-21 15:21,crm,0,1,0.0,0,validation_split
WC710369,2026-05-21 16:49,crm,0,1,0.0,0,validation_split
WC710370,2026-05-21 17:21,crm,0,1,0.0,0,validation_split
WC710371,2026-05-21 18:04,crm,0,1,0.0,,validation_split
WC710372,2026-05-21 18:40,crm,0,1,0.0,,validation_split
WC710373,2026-05-21 19:26,crm,0,1,0.0,0,validation_split
WC710374,2026-05-21 19:31,crm,0,1,0.0,0,validation_split
WC710375,2026-05-21 20:56,crm,1,2,120.0,0,validation_split
WC710376,2026-05-21 21:15,crm,0,1,0.0,0,validation_split
WC710377,2026-05-21 22:41,crm,0,1,0.0,0,validation_split
WC710378,2026-05-21 22:59,crm,0,1,0.0,0,validation_split
WC710379,2026-05-21 23:54,crm,0,1,0.0,0,validation_split
WC710380,2026-05-22 00:24,crm,0,1,0.0,0,validation_split
WC710381,2026-05-22 02:25,crm,0,1,0.0,0,validation_split
WC710382,2026-05-22 02:55,crm,0,1,0.0,0,validation_split
WC710383,2026-05-22 03:10,crm,0,1,0.0,0,validation_split
WC710384,2026-05-22 10:10,crm,0,1,0.0,0,validation_split
WC710385,2026-05-22 10:33,crm,0,1,0.0,0,validation_split
WC710386,2026-05-22 12:13,crm,0,1,0.0,0,validation_split
WC710387,2026-05-22 12:42,crm,0,1,0.0,0,validation_split
WC710388,2026-05-22 13:04,crm,0,1,0.0,0,validation_split
WC710389,2026-05-22 14:12,crm,0,1,0.0,0,validation_split
WC710390,2026-05-22 15:12,crm,0,1,0.0,0,validation_split
WC710391,2026-05-22 15:46,crm,0,1,0.0,0,validation_split
WC710392,2026-05-22 16:18,crm,0,1,0.0,0,validation_split
WC710393,2026-05-22 17:23,crm,0,1,0.0,0,validation_split
WC710394,2026-05-22 18:10,crm,0,1,0.0,0,validation_split
WC710395,2026-05-22 18:13,crm,0,1,0.0,0,validation_split
WC710396,2026-05-22 18:22,crm,0,1,0.0,0,validation_split
WC710397,2026-05-22 18:25,crm,0,1,0.0,0,validation_split
WC710398,2026-05-22 18:27,crm,0,1,0.0,0,validation_split
WC710399,2026-05-22 18:51,crm,1,2,72.0,0,validation_split
WC710400,2026-05-22 20:25,crm,0,1,0.0,0,validation_split
WC710401,2026-05-22 20:27,crm,0,1,0.0,0,validation_split
WC710402,2026-05-22 21:00,crm,0,1,0.0,0,validation_split
WC710403,2026-05-22 21:28,crm,0,1,0.0,0,validation_split
WC710404,2026-05-22 22:39,crm,0,1,0.0,,validation_split
WC710405,2026-05-22 23:11,crm,0,1,0.0,0,validation_split
WC710406,2026-05-23 00:47,crm,0,1,0.0,0,validation_split
WC710407,2026-05-23 02:37,crm,0,1,0.0,0,validation_split
WC710408,2026-05-23 03:20,crm,0,1,0.0,0,validation_split
WC710409,2026-05-23 04:22,crm,0,1,0.0,0,validation_split
WC710410,2026-05-23 04:47,crm,0,1,0.0,0,validation_split
WC710411,2026-05-23 05:23,crm,0,1,0.0,0,validation_split
WC710412,2026-05-23 07:35,crm,0,1,0.0,0,validation_split
WC710413,2026-05-23 08:05,crm,0,1,0.0,0,validation_split
WC710414,2026-05-23 08:27,crm,0,1,0.0,0,validation_split
WC710415,2026-05-23 08:29,crm,0,1,0.0,0,validation_split
WC710416,2026-05-23 08:53,crm,0,1,0.0,0,validation_split
WC710417,2026-05-23 10:40,crm,0,1,0.0,0,validation_split
WC710418,2026-05-23 10:45,crm,0,1,0.0,0,validation_split
WC710419,2026-05-23 12:20,crm,0,1,0.0,0,validation_split
WC710420,2026-05-23 12:38,crm,0,1,0.0,0,validation_split
WC710421,2026-05-23 15:04,crm,0,1,0.0,0,validation_split
WC710422,2026-05-23 16:11,crm,0,1,0.0,0,validation_split
WC710423,2026-05-23 20:13,crm,0,1,0.0,0,validation_split
WC710424,2026-05-23 20:27,crm,0,1,0.0,0,validation_split
WC710425,2026-05-23 20:43,crm,0,1,0.0,0,validation_split
WC710426,2026-05-23 20:49,crm,0,1,0.0,0,validation_split
WC710427,2026-05-23 21:05,crm,0,1,0.0,0,validation_split
WC710428,2026-05-23 21:10,crm,0,1,0.0,0,validation_split
WC710429,2026-05-23 21:14,crm,1,2,96.0,0,validation_split
WC710430,2026-05-23 21:34,crm,0,1,0.0,0,validation_split
WC710431,2026-05-23 23:55,crm,0,1,0.0,0,validation_split
WC710432,2026-05-24 00:19,crm,0,1,0.0,0,validation_split
WC710433,2026-05-24 00:24,crm,0,1,0.0,0,validation_split
WC710434,2026-05-24 00:36,crm,0,1,0.0,0,validation_split
WC710435,2026-05-24 01:30,crm,1,2,96.0,0,validation_split
WC710436,2026-05-24 03:14,crm,0,1,0.0,0,validation_split
WC710437,2026-05-24 03:50,crm,0,1,0.0,0,validation_split
WC710438,2026-05-24 04:11,crm,0,1,0.0,0,validation_split
WC710439,2026-05-24 04:18,crm,0,1,0.0,0,validation_split
WC710440,2026-05-24 05:06,crm,0,1,0.0,0,validation_split
WC710441,2026-05-24 05:47,crm,0,1,0.0,0,validation_split
WC710442,2026-05-24 06:07,crm,0,1,0.0,0,validation_split
WC710443,2026-05-24 06:42,crm,0,1,0.0,0,validation_split
WC710444,2026-05-24 06:55,crm,0,1,0.0,0,validation_split
WC710445,2026-05-24 10:31,crm,0,1,0.0,0,validation_split
WC710446,2026-05-24 12:14,crm,0,1,0.0,0,validation_split
WC710447,2026-05-24 15:30,crm,0,1,0.0,0,validation_split
WC710448,2026-05-24 16:26,crm,0,1,0.0,0,validation_split
WC710449,2026-05-24 16:40,crm,0,1,0.0,0,validation_split
WC710450,2026-05-24 17:31,crm,0,1,0.0,0,validation_split
WC710451,2026-05-24 18:17,crm,0,1,0.0,0,validation_split
WC710452,2026-05-24 19:30,crm,0,1,0.0,1,validation_split
WC710453,2026-05-24 20:56,crm,0,1,0.0,0,validation_split
WC710454,2026-05-24 20:57,crm,0,1,0.0,0,validation_split
WC710455,2026-05-24 22:52,crm,0,1,0.0,0,validation_split
WC710456,2026-05-24 23:35,crm,0,1,0.0,0,validation_split
WC710457,2026-05-24 23:36,crm,0,1,0.0,0,validation_split
WC710458,2026-05-25 01:12,crm,0,1,0.0,0,validation_split
WC710459,2026-05-25 01:40,crm,0,1,0.0,0,validation_split
WC710460,2026-05-25 01:41,crm,0,1,0.0,,validation_split
WC710461,2026-05-25 03:07,crm,0,1,0.0,0,validation_split
WC710462,2026-05-25 03:19,crm,0,1,0.0,0,validation_split
WC710463,2026-05-25 03:23,crm,0,1,0.0,0,validation_split
WC710464,2026-05-25 04:28,crm,0,1,0.0,0,validation_split
WC710465,2026-05-25 05:44,crm,0,1,0.0,0,validation_split
WC710466,2026-05-25 06:33,crm,0,1,0.0,0,validation_split
WC710467,2026-05-25 06:42,crm,0,1,0.0,0,validation_split
WC710468,2026-05-25 07:12,crm,0,1,0.0,0,validation_split
WC710469,2026-05-25 07:29,crm,1,2,120.0,0,validation_split
WC710470,2026-05-25 07:52,crm,0,1,0.0,0,validation_split
WC710471,2026-05-25 08:24,crm,0,1,0.0,0,validation_split
WC710473,2026-05-25 08:27,crm,0,1,0.0,0,validation_split
WC710472,2026-05-25 08:27,crm,1,2,120.0,0,validation_split
WC710474,2026-05-25 10:23,crm,0,1,0.0,0,validation_split
WC710475,2026-05-25 10:27,crm,0,1,0.0,0,validation_split
WC710476,2026-05-25 10:47,crm,0,1,0.0,0,validation_split
WC710477,2026-05-25 11:13,crm,0,1,0.0,0,validation_split
WC710478,2026-05-25 11:36,crm,0,1,0.0,0,validation_split
WC710479,2026-05-25 11:39,crm,0,1,0.0,0,validation_split
WC710480,2026-05-25 12:16,crm,0,1,0.0,0,validation_split
WC710481,2026-05-25 12:27,crm,1,2,48.0,0,validation_split
WC710482,2026-05-25 12:36,crm,0,1,0.0,0,validation_split
WC710483,2026-05-25 13:31,crm,0,1,0.0,0,validation_split
WC710484,2026-05-25 14:39,crm,0,1,0.0,0,validation_split
WC710485,2026-05-25 15:45,crm,0,1,0.0,0,validation_split
WC710486,2026-05-25 15:59,crm,0,1,0.0,0,validation_split
WC710487,2026-05-25 16:03,crm,0,1,0.0,0,validation_split
WC710488,2026-05-25 20:09,crm,1,2,72.0,0,validation_split
WC710489,2026-05-25 21:36,crm,0,1,0.0,0,validation_split
WC710490,2026-05-25 23:18,crm,0,1,0.0,0,validation_split
WC710491,2026-05-26 02:23,crm,0,1,0.0,0,validation_split
WC710492,2026-05-26 03:24,crm,0,1,0.0,0,validation_split
WC710493,2026-05-26 05:43,crm,0,1,0.0,0,validation_split
WC710494,2026-05-26 08:06,crm,0,1,0.0,0,validation_split
WC710495,2026-05-26 08:55,crm,0,1,0.0,0,validation_split
WC710496,2026-05-26 09:25,crm,0,1,0.0,0,validation_split
WC710497,2026-05-26 10:27,crm,0,1,0.0,0,validation_split
WC710498,2026-05-26 12:48,crm,0,1,0.0,0,validation_split
WC710499,2026-05-26 13:36,crm,0,1,0.0,0,validation_split
WC710500,2026-05-26 14:38,crm,0,1,0.0,0,validation_split
WC710501,2026-05-26 15:37,crm,0,1,0.0,0,validation_split
WC710502,2026-05-26 19:20,crm,1,2,72.0,0,validation_split
WC710503,2026-05-26 21:03,crm,0,1,0.0,0,validation_split
WC710504,2026-05-26 21:25,crm,0,1,0.0,1,validation_split
WC710505,2026-05-26 23:00,crm,0,1,0.0,0,validation_split
WC710506,2026-05-27 00:26,crm,0,1,0.0,0,validation_split
WC710507,2026-05-27 00:30,crm,0,1,0.0,0,validation_split
WC710508,2026-05-27 04:09,crm,0,1,0.0,0,validation_split
WC710509,2026-05-27 05:11,crm,0,1,0.0,0,validation_split
WC710510,2026-05-27 06:49,crm,0,1,0.0,0,validation_split
WC710511,2026-05-27 09:06,crm,0,1,0.0,0,validation_split
WC710512,2026-05-27 09:52,crm,0,1,0.0,0,validation_split
WC710513,2026-05-27 10:15,crm,0,1,0.0,0,validation_split
WC710514,2026-05-27 11:40,crm,0,1,0.0,0,validation_split
WC710515,2026-05-27 13:31,crm,0,1,0.0,0,validation_split
WC710516,2026-05-27 15:03,crm,0,1,0.0,0,validation_split
WC710517,2026-05-27 16:10,crm,0,1,0.0,0,validation_split
WC710518,2026-05-27 16:38,crm,0,1,0.0,0,validation_split
WC710519,2026-05-27 17:31,crm,1,2,48.0,0,validation_split
WC710520,2026-05-27 17:45,crm,0,1,0.0,0,validation_split
WC710521,2026-05-27 18:01,crm,1,2,120.0,0,validation_split
WC710522,2026-05-27 20:23,crm,0,1,0.0,0,validation_split
WC710524,2026-05-27 20:28,crm,0,1,0.0,0,validation_split
WC710523,2026-05-27 20:28,crm,0,1,0.0,0,validation_split
WC710525,2026-05-27 20:47,crm,0,1,0.0,0,validation_split
WC710526,2026-05-27 21:32,crm,0,1,0.0,0,validation_split
WC710527,2026-05-27 22:53,crm,0,1,0.0,0,validation_split
WC710528,2026-05-28 00:40,crm,0,1,0.0,0,validation_split
WC710529,2026-05-28 00:52,crm,0,1,0.0,1,validation_split
WC710530,2026-05-28 04:32,crm,0,1,0.0,0,validation_split
WC710531,2026-05-28 05:58,crm,0,1,0.0,0,validation_split
WC710532,2026-05-28 06:39,crm,0,1,0.0,0,validation_split
WC710533,2026-05-28 07:42,crm,0,1,0.0,0,validation_split
WC710534,2026-05-28 07:58,crm,0,1,0.0,0,validation_split
WC710535,2026-05-28 08:03,crm,0,1,0.0,0,validation_split
WC710536,2026-05-28 08:47,crm,0,1,0.0,0,validation_split
WC710537,2026-05-28 09:07,crm,0,1,0.0,0,validation_split
WC710538,2026-05-28 11:22,crm,0,1,0.0,0,validation_split
WC710539,2026-05-28 12:39,crm,0,1,0.0,0,validation_split
WC710540,2026-05-28 16:24,crm,0,1,0.0,0,validation_split
WC710541,2026-05-28 17:10,crm,0,1,0.0,0,validation_split
WC710542,2026-05-28 17:36,crm,0,1,0.0,0,validation_split
WC710543,2026-05-28 17:56,crm,0,1,0.0,0,validation_split
WC710544,2026-05-28 18:07,crm,0,1,0.0,0,validation_split
WC710545,2026-05-28 18:39,crm,0,1,0.0,0,validation_split
WC710546,2026-05-28 18:45,crm,0,1,0.0,0,validation_split
WC710547,2026-05-28 19:01,crm,0,1,0.0,0,validation_split
WC710548,2026-05-28 20:30,crm,0,1,0.0,0,validation_split
WC710549,2026-05-28 21:21,crm,0,1,0.0,0,validation_split
WC710550,2026-05-28 21:30,crm,0,1,0.0,0,validation_split
WC710551,2026-05-28 22:08,crm,1,2,120.0,0,validation_split
WC710552,2026-05-28 22:51,crm,0,1,0.0,0,validation_split
WC710553,2026-05-29 01:09,crm,0,1,0.0,0,validation_split
WC710554,2026-05-29 01:12,crm,0,1,0.0,0,validation_split
WC710555,2026-05-29 02:47,crm,0,1,0.0,0,validation_split
WC710556,2026-05-29 04:01,crm,0,1,0.0,0,validation_split
WC710557,2026-05-29 05:25,crm,0,1,0.0,0,validation_split
WC710558,2026-05-29 07:06,crm,0,1,0.0,,validation_split
WC710559,2026-05-29 07:36,crm,0,1,0.0,0,validation_split
WC710560,2026-05-29 07:55,crm,0,1,0.0,0,validation_split
WC710561,2026-05-29 11:27,crm,0,1,0.0,0,validation_split
WC710562,2026-05-29 12:14,crm,0,1,0.0,0,validation_split
WC710563,2026-05-29 13:22,crm,0,1,0.0,0,validation_split
WC710564,2026-05-29 16:27,crm,0,1,0.0,0,validation_split
WC710565,2026-05-29 19:05,crm,0,1,0.0,0,validation_split
WC710566,2026-05-29 19:27,crm,0,1,0.0,,validation_split
WC710567,2026-05-29 20:04,crm,0,1,0.0,0,validation_split
WC710568,2026-05-29 22:32,crm,0,1,0.0,0,validation_split
WC710569,2026-05-29 22:52,crm,0,1,0.0,0,validation_split
WC710570,2026-05-30 02:07,crm,0,1,0.0,0,validation_split
WC710571,2026-05-30 02:09,crm,0,1,0.0,0,validation_split
WC710572,2026-05-30 02:44,crm,0,1,0.0,0,validation_split
WC710573,2026-05-30 03:15,crm,0,1,0.0,0,validation_split
WC710574,2026-05-30 03:19,crm,0,1,0.0,0,validation_split
WC710575,2026-05-30 03:36,crm,0,1,0.0,0,validation_split
WC710576,2026-05-30 05:21,crm,0,1,0.0,0,validation_split
WC710577,2026-05-30 05:46,crm,0,1,0.0,0,validation_split
WC710578,2026-05-30 06:36,crm,0,1,0.0,0,validation_split
WC710579,2026-05-30 08:28,crm,1,2,96.0,0,validation_split
WC710580,2026-05-30 08:43,crm,0,1,0.0,0,validation_split
WC710581,2026-05-30 09:41,crm,0,1,0.0,0,validation_split
WC710582,2026-05-30 10:16,crm,1,2,96.0,0,validation_split
WC710583,2026-05-30 12:22,crm,0,1,0.0,0,validation_split
WC710584,2026-05-30 12:47,crm,0,1,0.0,0,validation_split
WC710585,2026-05-30 15:42,crm,0,1,0.0,,validation_split
WC710586,2026-05-30 16:22,crm,0,1,0.0,0,validation_split
WC710587,2026-05-30 17:44,crm,0,1,0.0,0,validation_split
WC710588,2026-05-30 18:00,crm,0,1,0.0,0,validation_split
WC710589,2026-05-30 18:24,crm,1,2,96.0,0,validation_split
WC710590,2026-05-30 19:26,crm,0,1,0.0,0,validation_split
WC710591,2026-05-30 20:03,crm,0,1,0.0,0,validation_split
WC710592,2026-05-30 20:19,crm,0,1,0.0,0,validation_split
WC710593,2026-05-30 22:27,crm,0,1,0.0,0,validation_split
WC710594,2026-05-30 23:04,crm,0,1,0.0,0,validation_split
WC710595,2026-05-31 00:05,crm,0,1,0.0,,validation_split
WC710596,2026-05-31 00:34,crm,0,1,0.0,0,validation_split
WC710597,2026-05-31 03:59,crm,0,1,0.0,1,validation_split
WC710598,2026-05-31 05:37,crm,0,1,0.0,0,validation_split
WC710599,2026-05-31 05:38,crm,0,1,0.0,0,validation_split
WC710600,2026-05-31 06:35,crm,0,1,0.0,0,validation_split
WC710601,2026-05-31 07:05,crm,0,1,0.0,0,validation_split
WC710602,2026-05-31 08:17,crm,0,1,0.0,0,validation_split
WC710603,2026-05-31 09:08,crm,0,1,0.0,0,validation_split
WC710604,2026-05-31 10:23,crm,0,1,0.0,0,validation_split
WC710605,2026-05-31 10:57,crm,0,1,0.0,0,validation_split
WC710606,2026-05-31 12:58,crm,0,1,0.0,0,validation_split
WC710607,2026-05-31 13:48,crm,1,2,96.0,0,validation_split
WC710608,2026-05-31 14:38,crm,0,1,0.0,0,validation_split
WC710609,2026-05-31 17:39,crm,0,1,0.0,0,validation_split
WC710610,2026-05-31 17:54,crm,0,1,0.0,0,validation_split
WC710611,2026-05-31 18:17,crm,0,1,0.0,0,validation_split
WC710612,2026-05-31 20:13,crm,0,1,0.0,0,validation_split
WC710613,2026-05-31 21:02,crm,0,1,0.0,0,validation_split
WC710614,2026-05-31 21:54,crm,0,1,0.0,0,validation_split
WC710615,2026-05-31 22:02,crm,0,1,0.0,0,validation_split
WC710616,2026-05-31 22:21,crm,0,1,0.0,0,validation_split
WC710617,2026-05-31 22:33,crm,1,2,120.0,0,validation_split
WC710618,2026-06-01 00:30,crm,0,1,0.0,0,validation_split
WC710619,2026-06-01 00:46,crm,0,1,0.0,0,validation_split
WC710620,2026-06-01 00:53,crm,0,1,0.0,0,validation_split
WC710621,2026-06-01 00:58,crm,0,1,0.0,0,validation_split
WC710622,2026-06-01 04:09,crm,0,1,0.0,0,validation_split
WC710623,2026-06-01 05:47,crm,0,1,0.0,0,validation_split
WC710624,2026-06-01 06:04,crm,0,1,0.0,0,validation_split
WC710625,2026-06-01 06:32,crm,0,1,0.0,0,validation_split
WC710626,2026-06-01 06:42,crm,0,1,0.0,0,validation_split
WC710627,2026-06-01 07:51,crm,0,1,0.0,0,validation_split
WC710628,2026-06-01 08:06,crm,1,2,48.0,0,validation_split
WC710629,2026-06-01 08:12,crm,0,1,0.0,0,validation_split
WC710630,2026-06-01 08:34,crm,1,2,96.0,0,validation_split
WC710631,2026-06-01 09:06,crm,0,1,0.0,0,validation_split
WC710632,2026-06-01 09:21,crm,1,2,120.0,0,validation_split
WC710633,2026-06-01 09:57,crm,0,1,0.0,0,validation_split
WC710634,2026-06-01 10:14,crm,0,1,0.0,0,validation_split
WC710635,2026-06-01 10:23,crm,0,1,0.0,0,validation_split
WC710636,2026-06-01 11:52,crm,0,1,0.0,0,validation_split
WC710637,2026-06-01 12:42,crm,0,1,0.0,0,validation_split
WC710638,2026-06-01 12:54,crm,0,1,0.0,,validation_split
WC710639,2026-06-01 15:55,crm,0,1,0.0,0,validation_split
WC710640,2026-06-01 16:16,crm,0,1,0.0,0,validation_split
WC710641,2026-06-01 16:26,crm,0,1,0.0,1,validation_split
WC710642,2026-06-01 19:08,crm,0,1,0.0,0,validation_split
WC710643,2026-06-01 19:21,crm,0,1,0.0,0,validation_split
WC710644,2026-06-01 19:24,crm,0,1,0.0,0,validation_split
WC710645,2026-06-01 20:00,crm,0,1,0.0,0,validation_split
WC710646,2026-06-01 20:55,crm,0,1,0.0,0,validation_split
WC710647,2026-06-01 21:14,crm,0,1,0.0,0,validation_split
WC710648,2026-06-01 21:53,crm,0,1,0.0,,validation_split
WC710649,2026-06-01 22:19,crm,0,1,0.0,0,validation_split
WC710650,2026-06-01 22:45,crm,0,1,0.0,0,validation_split
WC710651,2026-06-02 00:23,crm,0,1,0.0,0,validation_split
WC710652,2026-06-02 01:51,crm,0,1,0.0,0,validation_split
WC710653,2026-06-02 02:34,crm,0,1,0.0,0,validation_split
WC710654,2026-06-02 04:24,crm,0,1,0.0,0,validation_split
WC710655,2026-06-02 06:15,crm,0,1,0.0,0,validation_split
WC710656,2026-06-02 08:08,crm,0,1,0.0,0,validation_split
WC710657,2026-06-02 08:44,crm,1,2,120.0,0,validation_split
WC710658,2026-06-02 10:38,crm,0,1,0.0,0,validation_split
WC710659,2026-06-02 14:14,crm,1,2,24.0,0,validation_split
WC710660,2026-06-02 16:32,crm,1,2,24.0,0,validation_split
WC710661,2026-06-02 16:39,crm,0,1,0.0,0,validation_split
WC710662,2026-06-02 17:54,crm,0,1,0.0,1,validation_split
WC710663,2026-06-02 18:53,crm,0,1,0.0,0,validation_split
WC710664,2026-06-02 18:56,crm,0,1,0.0,0,validation_split
WC710665,2026-06-02 20:51,crm,1,2,120.0,0,validation_split
WC710666,2026-06-02 21:31,crm,0,1,0.0,0,validation_split
WC710667,2026-06-02 21:54,crm,0,1,0.0,0,validation_split
WC710668,2026-06-02 22:57,crm,0,1,0.0,0,validation_split
WC710669,2026-06-03 01:24,crm,0,1,0.0,0,validation_split
WC710670,2026-06-03 01:39,crm,0,1,0.0,0,validation_split
WC710671,2026-06-03 02:07,crm,0,1,0.0,0,validation_split
WC710672,2026-06-03 02:20,crm,0,1,0.0,0,validation_split
WC710673,2026-06-03 03:36,crm,0,1,0.0,0,validation_split
WC710674,2026-06-03 03:42,crm,0,1,0.0,0,validation_split
WC710675,2026-06-03 04:28,crm,0,1,0.0,0,validation_split
WC710676,2026-06-03 05:38,crm,0,1,0.0,0,validation_split
WC710677,2026-06-03 08:05,crm,0,1,0.0,0,validation_split
WC710678,2026-06-03 09:50,crm,0,1,0.0,0,validation_split
WC710679,2026-06-03 10:00,crm,0,1,0.0,0,validation_split
WC710680,2026-06-03 10:10,crm,0,1,0.0,0,validation_split
WC710681,2026-06-03 12:10,crm,0,1,0.0,0,validation_split
WC710682,2026-06-03 12:55,crm,0,1,0.0,0,validation_split
WC710683,2026-06-03 15:02,crm,0,1,0.0,0,validation_split
WC710684,2026-06-03 15:10,crm,0,1,0.0,0,validation_split
WC710685,2026-06-03 15:19,crm,0,1,0.0,0,validation_split
WC710686,2026-06-03 15:34,crm,0,1,0.0,0,validation_split
WC710687,2026-06-03 21:09,crm,0,1,0.0,0,validation_split
WC710688,2026-06-03 21:35,crm,0,1,0.0,0,validation_split
WC710689,2026-06-03 21:55,crm,0,1,0.0,0,validation_split
WC710690,2026-06-03 22:04,crm,0,1,0.0,0,validation_split
WC710692,2026-06-03 22:30,crm,0,1,0.0,0,validation_split
WC710691,2026-06-03 22:30,crm,0,1,0.0,0,validation_split
WC710693,2026-06-04 00:35,crm,0,1,0.0,0,validation_split
WC710694,2026-06-04 01:04,crm,0,1,0.0,0,validation_split
WC710695,2026-06-04 02:06,crm,0,1,0.0,0,validation_split
WC710696,2026-06-04 03:02,crm,0,1,0.0,0,validation_split
WC710697,2026-06-04 03:28,crm,0,1,0.0,0,validation_split
WC710698,2026-06-04 03:49,crm,0,1,0.0,1,validation_split
WC710699,2026-06-04 03:53,crm,0,1,0.0,0,validation_split
WC710700,2026-06-04 05:16,crm,0,1,0.0,0,validation_split
WC710701,2026-06-04 06:14,crm,0,1,0.0,0,validation_split
WC710702,2026-06-04 07:21,crm,0,1,0.0,0,validation_split
WC710703,2026-06-04 07:42,crm,1,2,96.0,0,validation_split
WC710704,2026-06-04 08:03,crm,0,1,0.0,0,validation_split
WC710705,2026-06-04 08:22,crm,0,1,0.0,0,validation_split
WC710706,2026-06-04 11:44,crm,0,1,0.0,0,validation_split
WC710707,2026-06-04 11:49,crm,0,1,0.0,0,validation_split
WC710708,2026-06-04 12:27,crm,0,1,0.0,0,validation_split
WC710709,2026-06-04 14:56,crm,0,1,0.0,0,validation_split
WC710710,2026-06-04 18:30,crm,0,1,0.0,0,validation_split
WC710711,2026-06-04 18:32,crm,0,1,0.0,1,validation_split
WC710712,2026-06-04 19:42,crm,0,1,0.0,0,validation_split
WC710713,2026-06-04 20:12,crm,0,1,0.0,0,validation_split
WC710714,2026-06-04 20:18,crm,1,2,96.0,0,validation_split
WC710715,2026-06-04 22:57,crm,0,1,0.0,0,validation_split
WC710716,2026-06-05 01:34,crm,0,1,0.0,0,validation_split
WC710717,2026-06-05 02:16,crm,0,1,0.0,0,validation_split
WC710718,2026-06-05 05:24,crm,0,1,0.0,0,validation_split
WC710719,2026-06-05 05:44,crm,0,1,0.0,0,validation_split
WC710720,2026-06-05 08:41,crm,0,1,0.0,0,validation_split
WC710721,2026-06-05 10:10,crm,0,1,0.0,0,validation_split
WC710722,2026-06-05 10:39,crm,0,1,0.0,0,validation_split
WC710723,2026-06-05 11:23,crm,0,1,0.0,0,validation_split
WC710724,2026-06-05 12:26,crm,0,1,0.0,0,validation_split
WC710725,2026-06-05 13:49,crm,0,1,0.0,0,validation_split
WC710726,2026-06-05 15:00,crm,0,1,0.0,1,validation_split
WC710727,2026-06-05 15:02,crm,0,1,0.0,0,validation_split
WC710728,2026-06-05 15:04,crm,0,1,0.0,0,validation_split
WC710729,2026-06-05 15:06,crm,0,1,0.0,0,validation_split
WC710730,2026-06-05 15:08,crm,0,1,0.0,0,validation_split
WC710731,2026-06-05 16:14,crm,0,1,0.0,0,validation_split
WC710732,2026-06-05 16:29,crm,0,1,0.0,0,validation_split
WC710733,2026-06-05 17:42,crm,0,1,0.0,0,validation_split
WC710734,2026-06-06 00:41,crm,0,1,0.0,0,validation_split
WC710735,2026-06-06 02:00,crm,0,1,0.0,0,validation_split
WC710736,2026-06-06 04:32,crm,1,2,96.0,0,validation_split
WC710737,2026-06-06 04:36,crm,0,1,0.0,0,validation_split
WC710738,2026-06-06 06:23,crm,0,1,0.0,0,validation_split
WC710739,2026-06-06 08:41,crm,0,1,0.0,0,validation_split
WC710740,2026-06-06 09:05,crm,0,1,0.0,0,validation_split
WC710741,2026-06-06 11:25,crm,0,1,0.0,0,validation_split
WC710742,2026-06-06 12:08,crm,0,1,0.0,0,validation_split
WC710743,2026-06-06 14:03,crm,0,1,0.0,0,validation_split
WC710744,2026-06-06 14:46,crm,0,1,0.0,0,validation_split
WC710745,2026-06-06 15:07,crm,0,1,0.0,0,validation_split
WC710746,2026-06-06 15:49,crm,0,1,0.0,0,validation_split
WC710747,2026-06-06 16:15,crm,0,1,0.0,0,validation_split
WC710748,2026-06-06 18:58,crm,0,1,0.0,0,validation_split
WC710749,2026-06-06 21:35,crm,1,2,72.0,0,validation_split
WC710750,2026-06-06 22:14,crm,0,1,0.0,0,validation_split
WC710751,2026-06-07 00:43,crm,1,2,48.0,0,validation_split
WC710752,2026-06-07 01:28,crm,0,1,0.0,0,validation_split
WC710753,2026-06-07 04:31,crm,0,1,0.0,0,validation_split
WC710754,2026-06-07 07:49,crm,0,1,0.0,0,validation_split
WC710755,2026-06-07 08:15,crm,0,1,0.0,0,validation_split
WC710756,2026-06-07 09:11,crm,0,1,0.0,0,validation_split
WC710757,2026-06-07 12:40,crm,0,1,0.0,0,validation_split
WC710758,2026-06-07 14:58,crm,0,1,0.0,0,validation_split
WC710759,2026-06-07 15:28,crm,0,1,0.0,,validation_split
WC710760,2026-06-07 16:31,crm,0,1,0.0,0,validation_split
WC710761,2026-06-07 16:35,crm,0,1,0.0,0,validation_split
WC710762,2026-06-07 17:34,crm,0,1,0.0,0,validation_split
WC710763,2026-06-07 18:45,crm,0,1,0.0,0,validation_split
WC710764,2026-06-07 21:51,crm,0,1,0.0,0,validation_split
WC710765,2026-06-07 22:08,crm,0,1,0.0,1,validation_split
WC710766,2026-06-07 22:37,crm,1,2,96.0,0,validation_split
WC710767,2026-06-07 23:26,crm,0,1,0.0,0,validation_split
WC710768,2026-06-08 00:03,crm,0,1,0.0,0,validation_split
WC710769,2026-06-08 00:21,crm,0,1,0.0,0,validation_split
WC710770,2026-06-08 01:22,crm,0,1,0.0,0,validation_split
WC710771,2026-06-08 01:31,crm,0,1,0.0,0,validation_split
WC710772,2026-06-08 02:13,crm,0,1,0.0,0,validation_split
WC710773,2026-06-08 03:17,crm,0,1,0.0,0,validation_split
WC710774,2026-06-08 03:38,crm,0,1,0.0,0,validation_split
WC710775,2026-06-08 03:40,crm,0,1,0.0,0,validation_split
WC710776,2026-06-08 03:55,crm,0,1,0.0,0,validation_split
WC710777,2026-06-08 04:40,crm,0,1,0.0,0,validation_split
WC710778,2026-06-08 05:32,crm,0,1,0.0,0,validation_split
WC710779,2026-06-08 05:58,crm,0,1,0.0,0,validation_split
WC710780,2026-06-08 06:44,crm,0,1,0.0,0,validation_split
WC710781,2026-06-08 06:58,crm,0,1,0.0,,validation_split
WC710782,2026-06-08 07:15,crm,0,1,0.0,0,validation_split
WC710783,2026-06-08 08:58,crm,0,1,0.0,0,validation_split
WC710784,2026-06-08 11:16,crm,0,1,0.0,0,validation_split
WC710785,2026-06-08 11:19,crm,0,1,0.0,0,validation_split
WC710786,2026-06-08 11:36,crm,0,1,0.0,,validation_split
WC710787,2026-06-08 12:01,crm,0,1,0.0,0,validation_split
WC710788,2026-06-08 12:06,crm,0,1,0.0,0,validation_split
WC710789,2026-06-08 13:22,crm,1,2,120.0,0,validation_split
WC710790,2026-06-08 13:46,crm,0,1,0.0,0,validation_split
WC710791,2026-06-08 14:00,crm,0,1,0.0,0,validation_split
WC710792,2026-06-08 14:15,crm,0,1,0.0,0,validation_split
WC710793,2026-06-08 14:17,crm,0,1,0.0,0,validation_split
WC710794,2026-06-08 14:26,crm,0,1,0.0,0,validation_split
WC710795,2026-06-08 14:43,crm,1,2,48.0,0,validation_split
WC710796,2026-06-08 16:53,crm,0,1,0.0,0,validation_split
WC710797,2026-06-08 17:10,crm,0,1,0.0,0,validation_split
WC710798,2026-06-08 17:18,crm,0,1,0.0,0,validation_split
WC710799,2026-06-08 17:26,crm,0,1,0.0,0,validation_split
WC710800,2026-06-08 17:57,crm,0,1,0.0,0,validation_split
WC710801,2026-06-08 18:03,crm,0,1,0.0,0,validation_split
WC710802,2026-06-08 19:53,crm,0,1,0.0,0,validation_split
WC710803,2026-06-08 22:14,crm,0,1,0.0,0,validation_split
WC710804,2026-06-09 00:41,crm,0,1,0.0,0,validation_split
WC710805,2026-06-09 02:29,crm,0,1,0.0,0,validation_split
WC710806,2026-06-09 03:54,crm,0,1,0.0,0,validation_split
WC710807,2026-06-09 04:06,crm,0,1,0.0,0,validation_split
WC710808,2026-06-09 04:34,crm,0,1,0.0,0,validation_split
WC710809,2026-06-09 04:51,crm,0,1,0.0,0,validation_split
WC710810,2026-06-09 05:21,crm,1,2,24.0,0,validation_split
WC710811,2026-06-09 05:30,crm,0,1,0.0,,validation_split
WC710812,2026-06-09 06:08,crm,0,1,0.0,0,validation_split
WC710813,2026-06-09 07:30,crm,0,1,0.0,0,validation_split
WC710814,2026-06-09 08:38,crm,1,2,24.0,0,validation_split
WC710815,2026-06-09 09:18,crm,0,1,0.0,0,validation_split
WC710816,2026-06-09 09:20,crm,0,1,0.0,0,validation_split
WC710817,2026-06-09 10:11,crm,0,1,0.0,0,validation_split
WC710818,2026-06-09 10:17,crm,0,1,0.0,0,validation_split
WC710819,2026-06-09 10:21,crm,0,1,0.0,0,validation_split
WC710820,2026-06-09 13:09,crm,0,1,0.0,0,validation_split
WC710821,2026-06-09 13:19,crm,0,1,0.0,0,validation_split
WC710822,2026-06-09 15:22,crm,0,1,0.0,0,validation_split
WC710823,2026-06-09 15:48,crm,0,1,0.0,0,validation_split
WC710824,2026-06-09 16:55,crm,0,1,0.0,0,validation_split
WC710825,2026-06-09 18:25,crm,0,1,0.0,0,validation_split
WC710826,2026-06-09 20:22,crm,0,1,0.0,0,validation_split
WC710827,2026-06-09 21:35,crm,1,2,72.0,0,validation_split
WC710828,2026-06-09 23:17,crm,0,1,0.0,0,validation_split
WC710829,2026-06-09 23:45,crm,0,1,0.0,0,validation_split
WC710830,2026-06-10 00:05,crm,0,1,0.0,0,validation_split
WC710831,2026-06-10 02:18,crm,0,1,0.0,0,validation_split
WC710832,2026-06-10 03:19,crm,0,1,0.0,0,validation_split
WC710833,2026-06-10 04:00,crm,0,1,0.0,0,validation_split
WC710834,2026-06-10 05:23,crm,0,1,0.0,0,validation_split
WC710835,2026-06-10 05:45,crm,0,1,0.0,0,validation_split
WC710836,2026-06-10 07:04,crm,0,1,0.0,0,validation_split
WC710837,2026-06-10 07:26,crm,0,1,0.0,0,validation_split
WC710838,2026-06-10 07:32,crm,0,1,0.0,0,validation_split
WC710839,2026-06-10 08:30,crm,0,1,0.0,0,validation_split
WC710840,2026-06-10 08:37,crm,0,1,0.0,0,validation_split
WC710841,2026-06-10 10:13,crm,0,1,0.0,0,validation_split
WC710842,2026-06-10 12:29,crm,1,2,72.0,0,validation_split
WC710843,2026-06-10 13:00,crm,0,1,0.0,0,validation_split
WC710844,2026-06-10 14:45,crm,0,1,0.0,0,validation_split
WC710845,2026-06-10 15:22,crm,0,1,0.0,0,validation_split
WC710846,2026-06-10 18:05,crm,0,1,0.0,0,validation_split
WC710847,2026-06-10 19:40,crm,0,1,0.0,0,validation_split
WC710848,2026-06-10 20:34,crm,0,1,0.0,0,validation_split
WC710849,2026-06-10 20:38,crm,0,1,0.0,0,validation_split
WC710850,2026-06-10 22:10,crm,1,2,72.0,0,validation_split
WC710851,2026-06-11 02:23,crm,0,1,0.0,0,validation_split
WC710852,2026-06-11 03:53,crm,0,1,0.0,0,validation_split
WC710853,2026-06-11 04:43,crm,0,1,0.0,0,validation_split
WC710854,2026-06-11 05:25,crm,0,1,0.0,0,validation_split
WC710855,2026-06-11 05:57,crm,0,1,0.0,0,validation_split
WC710856,2026-06-11 06:05,crm,0,1,0.0,0,validation_split
WC710857,2026-06-11 07:14,crm,0,1,0.0,0,validation_split
WC710858,2026-06-11 07:53,crm,0,1,0.0,0,validation_split
WC710859,2026-06-11 08:31,crm,0,1,0.0,0,validation_split
WC710860,2026-06-11 09:53,crm,0,1,0.0,0,validation_split
WC710861,2026-06-11 10:22,crm,0,1,0.0,0,validation_split
WC710862,2026-06-11 10:32,crm,0,1,0.0,0,validation_split
WC710863,2026-06-11 11:48,crm,0,1,0.0,0,validation_split
WC710864,2026-06-11 12:56,crm,0,1,0.0,0,validation_split
WC710866,2026-06-11 12:58,crm,0,1,0.0,0,validation_split
WC710865,2026-06-11 12:58,crm,1,2,48.0,0,validation_split
WC710867,2026-06-11 13:21,crm,0,1,0.0,1,validation_split
WC710868,2026-06-11 13:27,crm,0,1,0.0,0,validation_split
WC710869,2026-06-11 14:43,crm,0,1,0.0,0,validation_split
WC710870,2026-06-11 17:57,crm,0,1,0.0,0,validation_split
WC710871,2026-06-11 18:57,crm,0,1,0.0,0,validation_split
WC710872,2026-06-11 19:35,crm,0,1,0.0,0,validation_split
WC710874,2026-06-11 20:24,crm,0,1,0.0,0,validation_split
WC710873,2026-06-11 20:24,crm,0,1,0.0,0,validation_split
WC710875,2026-06-11 20:47,crm,0,1,0.0,1,validation_split
WC710876,2026-06-11 22:40,crm,0,1,0.0,1,validation_split
WC710877,2026-06-12 01:10,crm,0,1,0.0,0,validation_split
WC710878,2026-06-12 04:36,crm,0,1,0.0,0,validation_split
WC710879,2026-06-12 05:56,crm,0,1,0.0,0,validation_split
WC710880,2026-06-12 07:15,crm,0,1,0.0,0,validation_split
WC710881,2026-06-12 10:28,crm,1,2,96.0,0,validation_split
WC710882,2026-06-12 10:58,crm,0,1,0.0,0,validation_split
WC710883,2026-06-12 11:43,crm,0,1,0.0,0,validation_split
WC710884,2026-06-12 12:36,crm,0,1,0.0,0,validation_split
WC710885,2026-06-12 13:05,crm,0,1,0.0,0,validation_split
WC710886,2026-06-12 13:37,crm,0,1,0.0,0,validation_split
WC710887,2026-06-12 14:08,crm,0,1,0.0,0,validation_split
WC710888,2026-06-12 14:14,crm,0,1,0.0,0,validation_split
WC710889,2026-06-12 14:46,crm,0,1,0.0,0,validation_split
WC710890,2026-06-12 17:03,crm,0,1,0.0,0,validation_split
WC710891,2026-06-12 17:08,crm,0,1,0.0,0,validation_split
WC710892,2026-06-12 19:33,crm,0,1,0.0,0,validation_split
WC710893,2026-06-12 20:31,crm,0,1,0.0,0,validation_split
WC710894,2026-06-12 22:11,crm,0,1,0.0,0,validation_split
WC710895,2026-06-12 22:23,crm,0,1,0.0,0,validation_split
WC710896,2026-06-13 00:34,crm,0,1,0.0,0,validation_split
WC710897,2026-06-13 00:59,crm,0,1,0.0,0,validation_split
WC710898,2026-06-13 02:02,crm,0,1,0.0,0,validation_split
WC710899,2026-06-13 02:03,crm,1,2,96.0,0,validation_split
WC710900,2026-06-13 03:27,crm,0,1,0.0,0,validation_split
WC710901,2026-06-13 04:49,crm,0,1,0.0,0,validation_split
WC710902,2026-06-13 05:00,crm,0,1,0.0,0,validation_split
WC710903,2026-06-13 06:00,crm,0,1,0.0,0,validation_split
WC710904,2026-06-13 06:04,crm,0,1,0.0,0,validation_split
WC710905,2026-06-13 06:18,crm,0,1,0.0,0,validation_split
WC710906,2026-06-13 06:25,crm,0,1,0.0,0,validation_split
WC710907,2026-06-13 07:22,crm,0,1,0.0,0,validation_split
WC710908,2026-06-13 08:52,crm,0,1,0.0,0,validation_split
WC710909,2026-06-13 10:20,crm,0,1,0.0,0,validation_split
WC710910,2026-06-13 10:55,crm,0,1,0.0,0,validation_split
WC710911,2026-06-13 12:24,crm,1,2,48.0,0,validation_split
WC710912,2026-06-13 12:34,crm,0,1,0.0,0,validation_split
WC710913,2026-06-13 12:35,crm,0,1,0.0,0,validation_split
WC710914,2026-06-13 13:16,crm,0,1,0.0,0,validation_split
WC710915,2026-06-13 14:05,crm,0,1,0.0,0,validation_split
WC710916,2026-06-13 14:13,crm,0,1,0.0,0,validation_split
WC710917,2026-06-13 15:06,crm,0,1,0.0,0,validation_split
WC710918,2026-06-13 15:27,crm,0,1,0.0,0,validation_split
WC710919,2026-06-13 15:28,crm,0,1,0.0,0,validation_split
WC710920,2026-06-13 16:16,crm,0,1,0.0,0,validation_split
WC710921,2026-06-13 16:16,crm,0,1,0.0,0,validation_split
WC710922,2026-06-13 17:22,crm,0,1,0.0,0,validation_split
WC710923,2026-06-13 18:59,crm,0,1,0.0,0,validation_split
WC710924,2026-06-13 20:18,crm,0,1,0.0,0,validation_split
WC710925,2026-06-13 20:28,crm,0,1,0.0,0,validation_split
WC710926,2026-06-13 21:35,crm,0,1,0.0,0,validation_split
WC710927,2026-06-13 22:41,crm,0,1,0.0,0,validation_split
WC710928,2026-06-13 23:13,crm,0,1,0.0,0,validation_split
WC710929,2026-06-13 23:17,crm,1,2,96.0,0,validation_split
WC710930,2026-06-13 23:42,crm,0,1,0.0,0,validation_split
WC710931,2026-06-13 23:46,crm,0,1,0.0,0,validation_split
WC710932,2026-06-14 00:06,crm,0,1,0.0,0,validation_split
WC710933,2026-06-14 00:21,crm,0,1,0.0,0,validation_split
WC710934,2026-06-14 00:46,crm,0,1,0.0,0,validation_split
WC710935,2026-06-14 01:33,crm,0,1,0.0,0,validation_split
WC710936,2026-06-14 04:25,crm,0,1,0.0,0,validation_split
WC710937,2026-06-14 04:39,crm,0,1,0.0,0,validation_split
WC710938,2026-06-14 05:15,crm,0,1,0.0,0,validation_split
WC710939,2026-06-14 05:57,crm,1,2,96.0,0,validation_split
WC710940,2026-06-14 06:06,crm,0,1,0.0,0,validation_split
WC710941,2026-06-14 06:16,crm,0,1,0.0,0,validation_split
WC710942,2026-06-14 07:48,crm,0,1,0.0,1,validation_split
WC710943,2026-06-14 08:53,crm,0,1,0.0,0,validation_split
WC710944,2026-06-14 09:12,crm,0,1,0.0,0,validation_split
WC710945,2026-06-14 09:26,crm,0,1,0.0,0,validation_split
WC710946,2026-06-14 10:43,crm,0,1,0.0,0,validation_split
WC710947,2026-06-14 11:33,crm,0,1,0.0,0,validation_split
WC710948,2026-06-14 12:51,crm,0,1,0.0,0,validation_split
WC710949,2026-06-14 13:08,crm,0,1,0.0,0,validation_split
WC710950,2026-06-14 15:24,crm,0,1,0.0,0,validation_split
WC710951,2026-06-14 15:33,crm,0,1,0.0,0,validation_split
WC710952,2026-06-14 15:46,crm,0,1,0.0,0,validation_split
WC710953,2026-06-14 17:00,crm,0,1,0.0,0,validation_split
WC710954,2026-06-14 19:01,crm,0,1,0.0,0,validation_split
WC710955,2026-06-14 19:09,crm,0,1,0.0,0,validation_split
WC710956,2026-06-14 19:24,crm,1,2,120.0,0,validation_split
WC710957,2026-06-14 20:40,crm,0,1,0.0,1,validation_split
WC710958,2026-06-14 22:17,crm,0,1,0.0,0,validation_split
WC710959,2026-06-14 22:23,crm,0,1,0.0,0,validation_split
WC710960,2026-06-14 22:26,crm,0,1,0.0,0,validation_split
WC710961,2026-06-14 22:43,crm,0,1,0.0,0,validation_split
WC710962,2026-06-15 01:31,crm,1,2,120.0,0,validation_split
WC710963,2026-06-15 03:25,crm,0,1,0.0,0,validation_split
WC710964,2026-06-15 05:29,crm,0,1,0.0,,validation_split
WC710965,2026-06-15 05:34,crm,0,1,0.0,0,validation_split
WC710966,2026-06-15 08:16,crm,0,1,0.0,0,validation_split
WC710967,2026-06-15 08:33,crm,0,1,0.0,0,validation_split
WC710968,2026-06-15 08:52,crm,0,1,0.0,0,validation_split
WC710969,2026-06-15 09:05,crm,0,1,0.0,0,validation_split
WC710970,2026-06-15 10:01,crm,0,1,0.0,0,validation_split
WC710971,2026-06-15 10:01,crm,1,2,120.0,0,validation_split
WC710972,2026-06-15 10:16,crm,0,1,0.0,0,validation_split
WC710973,2026-06-15 10:16,crm,0,1,0.0,0,validation_split
WC710974,2026-06-15 10:44,crm,0,1,0.0,0,validation_split
WC710975,2026-06-15 11:49,crm,0,1,0.0,0,validation_split
WC710976,2026-06-15 12:52,crm,0,1,0.0,0,validation_split
WC710977,2026-06-15 14:28,crm,0,1,0.0,0,validation_split
WC710978,2026-06-15 18:11,crm,0,1,0.0,0,validation_split
WC710979,2026-06-15 18:16,crm,0,1,0.0,0,validation_split
WC710980,2026-06-15 19:05,crm,0,1,0.0,0,validation_split
WC710981,2026-06-15 20:07,crm,0,1,0.0,0,validation_split
WC710982,2026-06-15 21:01,crm,0,1,0.0,0,validation_split
WC710983,2026-06-15 22:16,crm,0,1,0.0,0,validation_split
WC710984,2026-06-15 22:21,crm,0,1,0.0,1,validation_split
WC710985,2026-06-16 00:21,crm,0,1,0.0,0,validation_split
WC710986,2026-06-16 01:00,crm,0,1,0.0,0,validation_split
WC710987,2026-06-16 02:13,crm,0,1,0.0,0,validation_split
WC710988,2026-06-16 02:43,crm,0,1,0.0,0,validation_split
WC710989,2026-06-16 03:15,crm,0,1,0.0,0,validation_split
WC710990,2026-06-16 04:41,crm,0,1,0.0,0,validation_split
WC710991,2026-06-16 05:46,crm,0,1,0.0,0,validation_split
WC710992,2026-06-16 06:11,crm,0,1,0.0,0,validation_split
WC710993,2026-06-16 06:54,crm,0,1,0.0,1,validation_split
WC710994,2026-06-16 07:56,crm,0,1,0.0,0,validation_split
WC710995,2026-06-16 08:36,crm,0,1,0.0,0,validation_split
WC710996,2026-06-16 09:48,crm,0,1,0.0,0,validation_split
WC710997,2026-06-16 11:57,crm,0,1,0.0,0,validation_split
WC710998,2026-06-16 12:37,crm,0,1,0.0,0,validation_split
WC710999,2026-06-16 14:17,crm,0,1,0.0,0,validation_split
WC711000,2026-06-16 16:00,crm,0,1,0.0,0,validation_split
WC711001,2026-06-16 17:27,crm,0,1,0.0,0,validation_split
WC711002,2026-06-16 18:09,crm,0,1,0.0,0,validation_split
WC711003,2026-06-16 18:10,crm,0,1,0.0,0,validation_split
WC711004,2026-06-16 18:59,crm,1,2,48.0,0,validation_split
WC711005,2026-06-16 19:03,crm,0,1,0.0,0,validation_split
WC711006,2026-06-16 20:07,crm,0,1,0.0,0,validation_split
WC711007,2026-06-16 20:25,crm,0,1,0.0,0,validation_split
WC711008,2026-06-16 21:33,crm,0,1,0.0,0,validation_split
WC711009,2026-06-16 21:44,crm,0,1,0.0,0,validation_split
WC711010,2026-06-16 22:12,crm,0,1,0.0,,validation_split
WC711011,2026-06-16 23:21,crm,0,1,0.0,0,validation_split
WC711012,2026-06-17 01:45,crm,0,1,0.0,0,validation_split
WC711013,2026-06-17 03:22,crm,0,1,0.0,0,validation_split
WC711014,2026-06-17 04:57,crm,0,1,0.0,0,validation_split
WC711015,2026-06-17 05:33,crm,0,1,0.0,0,validation_split
WC711016,2026-06-17 06:16,crm,0,1,0.0,0,validation_split
WC711017,2026-06-17 08:51,crm,0,1,0.0,0,validation_split
WC711018,2026-06-17 09:15,crm,1,2,72.0,0,validation_split
WC711019,2026-06-17 10:48,crm,0,1,0.0,0,validation_split
WC711020,2026-06-17 11:50,crm,0,1,0.0,0,validation_split
WC711021,2026-06-17 12:04,crm,0,1,0.0,0,validation_split
WC711022,2026-06-17 12:29,crm,0,1,0.0,0,validation_split
WC711023,2026-06-17 15:04,crm,0,1,0.0,0,validation_split
WC711024,2026-06-17 15:54,crm,0,1,0.0,0,validation_split
WC711025,2026-06-17 16:11,crm,0,1,0.0,0,validation_split
WC711026,2026-06-17 17:54,crm,0,1,0.0,0,validation_split
WC711027,2026-06-17 19:57,crm,0,1,0.0,0,validation_split
WC711028,2026-06-17 20:54,crm,0,1,0.0,0,validation_split
WC711029,2026-06-17 22:33,crm,0,1,0.0,0,validation_split
WC711030,2026-06-17 23:11,crm,0,1,0.0,0,validation_split
WC711031,2026-06-17 23:59,crm,0,1,0.0,0,validation_split
WC711032,2026-06-18 00:21,crm,0,1,0.0,0,validation_split
WC711033,2026-06-18 00:30,crm,0,1,0.0,0,validation_split
WC711034,2026-06-18 00:31,crm,0,1,0.0,0,validation_split
WC711035,2026-06-18 00:40,crm,0,1,0.0,0,validation_split
WC711036,2026-06-18 00:46,crm,0,1,0.0,0,validation_split
WC711037,2026-06-18 01:29,crm,0,1,0.0,0,validation_split
WC711038,2026-06-18 02:03,crm,0,1,0.0,0,validation_split
WC711039,2026-06-18 04:22,crm,0,1,0.0,0,validation_split
WC711040,2026-06-18 05:38,crm,0,1,0.0,0,validation_split
WC711041,2026-06-18 06:33,crm,0,1,0.0,1,validation_split
WC711042,2026-06-18 06:37,crm,0,1,0.0,0,validation_split
WC711043,2026-06-18 06:42,crm,1,2,120.0,0,validation_split
WC711044,2026-06-18 07:26,crm,0,1,0.0,0,validation_split
WC711045,2026-06-18 08:17,crm,0,1,0.0,0,validation_split
WC711046,2026-06-18 09:03,crm,0,1,0.0,0,validation_split
WC711047,2026-06-18 09:50,crm,0,1,0.0,0,validation_split
WC711048,2026-06-18 10:12,crm,0,1,0.0,,validation_split
WC711049,2026-06-18 10:50,crm,0,1,0.0,0,validation_split
WC711050,2026-06-18 11:56,crm,0,1,0.0,0,validation_split
WC711051,2026-06-18 12:54,crm,0,1,0.0,0,validation_split
WC711052,2026-06-18 13:18,crm,0,1,0.0,0,validation_split
WC711053,2026-06-18 13:22,crm,0,1,0.0,0,validation_split
WC711054,2026-06-18 13:36,crm,0,1,0.0,0,validation_split
WC711055,2026-06-18 14:27,crm,0,1,0.0,0,validation_split
WC711056,2026-06-18 16:17,crm,0,1,0.0,0,validation_split
WC711057,2026-06-18 16:31,crm,0,1,0.0,0,validation_split
WC711058,2026-06-18 16:45,crm,0,1,0.0,0,validation_split
WC711059,2026-06-18 17:13,crm,0,1,0.0,0,validation_split
WC711060,2026-06-18 19:13,crm,0,1,0.0,0,validation_split
WC711061,2026-06-18 22:28,crm,0,1,0.0,0,validation_split
WC711062,2026-06-18 22:29,crm,0,1,0.0,0,validation_split
WC711063,2026-06-18 22:35,crm,0,1,0.0,0,validation_split
WC711064,2026-06-19 00:03,crm,0,1,0.0,,validation_split
WC711065,2026-06-19 02:10,crm,0,1,0.0,0,validation_split
WC711066,2026-06-19 02:13,crm,0,1,0.0,0,validation_split
WC711067,2026-06-19 03:46,crm,0,1,0.0,0,validation_split
WC711068,2026-06-19 06:06,crm,0,1,0.0,0,validation_split
WC711069,2026-06-19 06:44,crm,0,1,0.0,0,validation_split
WC711070,2026-06-19 08:47,crm,0,1,0.0,0,validation_split
WC711071,2026-06-19 13:05,crm,1,2,48.0,0,validation_split
WC711072,2026-06-19 13:17,crm,0,1,0.0,0,validation_split
WC711073,2026-06-19 14:11,crm,0,1,0.0,0,validation_split
WC711074,2026-06-19 14:20,crm,0,1,0.0,0,validation_split
WC711075,2026-06-19 14:36,crm,0,1,0.0,0,validation_split
WC711076,2026-06-19 14:48,crm,0,1,0.0,0,validation_split
WC711077,2026-06-19 14:50,crm,0,1,0.0,0,validation_split
WC711078,2026-06-19 16:18,crm,0,1,0.0,0,validation_split
WC711079,2026-06-19 19:44,crm,0,1,0.0,0,validation_split
WC711080,2026-06-19 20:30,crm,0,1,0.0,0,validation_split
WC711081,2026-06-19 20:51,crm,0,1,0.0,0,validation_split
WC711082,2026-06-19 23:06,crm,0,1,0.0,0,validation_split
WC711083,2026-06-19 23:24,crm,0,1,0.0,0,validation_split
WC711084,2026-06-20 01:25,crm,0,1,0.0,0,validation_split
WC711085,2026-06-20 01:30,crm,0,1,0.0,0,validation_split
WC711086,2026-06-20 01:47,crm,0,1,0.0,0,validation_split
WC711087,2026-06-20 04:59,crm,0,1,0.0,0,validation_split
WC711088,2026-06-20 07:13,crm,0,1,0.0,0,validation_split
WC711089,2026-06-20 09:14,crm,0,1,0.0,0,validation_split
WC711090,2026-06-20 10:43,crm,0,1,0.0,,validation_split
WC711091,2026-06-20 11:10,crm,0,1,0.0,0,validation_split
WC711092,2026-06-20 13:31,crm,0,1,0.0,0,validation_split
WC711093,2026-06-20 14:01,crm,0,1,0.0,0,validation_split
WC711094,2026-06-20 14:49,crm,0,1,0.0,0,validation_split
WC711095,2026-06-20 14:53,crm,0,1,0.0,0,validation_split
WC711096,2026-06-20 17:49,crm,0,1,0.0,0,validation_split
WC711097,2026-06-20 18:17,crm,0,1,0.0,0,validation_split
WC711098,2026-06-20 19:10,crm,0,1,0.0,0,validation_split
WC711099,2026-06-20 19:34,crm,0,1,0.0,0,validation_split
WC711100,2026-06-20 19:34,crm,0,1,0.0,0,validation_split
WC711101,2026-06-20 20:40,crm,0,1,0.0,0,validation_split
WC711102,2026-06-20 23:00,crm,0,1,0.0,0,validation_split
WC711103,2026-06-21 00:06,crm,1,2,72.0,0,validation_split
WC711104,2026-06-21 02:21,crm,0,1,0.0,0,validation_split
WC711105,2026-06-21 02:56,crm,0,1,0.0,0,validation_split
WC711106,2026-06-21 03:50,crm,0,1,0.0,0,validation_split
WC711107,2026-06-21 04:17,crm,0,1,0.0,0,validation_split
WC711108,2026-06-21 04:23,crm,0,1,0.0,0,validation_split
WC711109,2026-06-21 05:00,crm,0,1,0.0,0,validation_split
WC711110,2026-06-21 05:31,crm,0,1,0.0,0,validation_split
WC711111,2026-06-21 07:17,crm,0,1,0.0,0,validation_split
WC711112,2026-06-21 08:02,crm,0,1,0.0,0,validation_split
WC711113,2026-06-21 08:12,crm,1,2,96.0,0,validation_split
WC711114,2026-06-21 08:30,crm,0,1,0.0,0,validation_split
WC711115,2026-06-21 11:02,crm,0,1,0.0,0,validation_split
WC711116,2026-06-21 11:56,crm,0,1,0.0,1,validation_split
WC711117,2026-06-21 12:37,crm,0,1,0.0,0,validation_split
WC711118,2026-06-21 12:56,crm,0,1,0.0,,validation_split
WC711119,2026-06-21 14:46,crm,0,1,0.0,0,validation_split
WC711120,2026-06-21 16:26,crm,0,1,0.0,0,validation_split
WC711121,2026-06-21 16:49,crm,0,1,0.0,0,validation_split
WC711122,2026-06-21 17:06,crm,0,1,0.0,0,validation_split
WC711123,2026-06-21 19:42,crm,0,1,0.0,0,validation_split
WC711124,2026-06-21 20:14,crm,0,1,0.0,0,validation_split
WC711125,2026-06-21 21:38,crm,0,1,0.0,0,validation_split
WC711126,2026-06-21 23:19,crm,0,1,0.0,,validation_split
WC711127,2026-06-22 00:03,crm,0,1,0.0,0,validation_split
WC711128,2026-06-22 00:40,crm,0,1,0.0,0,validation_split
WC711129,2026-06-22 01:21,crm,0,1,0.0,0,validation_split
WC711130,2026-06-22 01:59,crm,0,1,0.0,0,validation_split
WC711131,2026-06-22 02:08,crm,0,1,0.0,0,validation_split
WC711132,2026-06-22 03:56,crm,0,1,0.0,0,validation_split
WC711133,2026-06-22 04:35,crm,0,1,0.0,0,validation_split
WC711134,2026-06-22 04:56,crm,0,1,0.0,0,validation_split
WC711135,2026-06-22 06:04,crm,0,1,0.0,0,validation_split
WC711136,2026-06-22 06:53,crm,0,1,0.0,0,validation_split
WC711137,2026-06-22 09:10,crm,0,1,0.0,0,validation_split
WC711138,2026-06-22 09:42,crm,1,2,24.0,0,validation_split
WC711139,2026-06-22 10:55,crm,0,1,0.0,0,validation_split
WC711140,2026-06-22 12:19,crm,0,1,0.0,0,validation_split
WC711141,2026-06-22 14:44,crm,0,1,0.0,0,validation_split
WC711142,2026-06-22 16:08,crm,0,1,0.0,0,validation_split
WC711143,2026-06-22 16:33,crm,1,2,96.0,0,validation_split
WC711144,2026-06-22 21:16,crm,0,1,0.0,0,validation_split
WC711145,2026-06-22 23:47,crm,0,1,0.0,0,validation_split
WC711146,2026-06-22 23:59,crm,0,1,0.0,0,validation_split
WC711147,2026-06-23 02:07,crm,0,1,0.0,0,validation_split
WC711148,2026-06-23 03:17,crm,0,1,0.0,0,validation_split
WC711149,2026-06-23 03:35,crm,0,1,0.0,0,validation_split
WC711150,2026-06-23 04:29,crm,0,1,0.0,0,validation_split
WC711151,2026-06-23 04:35,crm,0,1,0.0,0,validation_split
WC711152,2026-06-23 04:46,crm,0,1,0.0,0,validation_split
WC711153,2026-06-23 04:52,crm,0,1,0.0,0,validation_split
WC711154,2026-06-23 05:29,crm,0,1,0.0,0,validation_split
WC711155,2026-06-23 05:52,crm,0,1,0.0,0,validation_split
WC711156,2026-06-23 06:05,crm,0,1,0.0,0,validation_split
WC711157,2026-06-23 10:32,crm,0,1,0.0,0,validation_split
WC711158,2026-06-23 11:05,crm,0,1,0.0,0,validation_split
WC711159,2026-06-23 12:02,crm,0,1,0.0,0,validation_split
WC711160,2026-06-23 13:14,crm,0,1,0.0,0,validation_split
WC711161,2026-06-23 14:25,crm,0,1,0.0,0,validation_split
WC711162,2026-06-23 14:57,crm,0,1,0.0,0,validation_split
WC711163,2026-06-23 16:45,crm,0,1,0.0,0,validation_split
WC711164,2026-06-23 17:37,crm,0,1,0.0,1,validation_split
WC711165,2026-06-23 19:15,crm,0,1,0.0,0,validation_split
WC711166,2026-06-23 19:31,crm,0,1,0.0,0,validation_split
WC711167,2026-06-23 20:25,crm,0,1,0.0,0,validation_split
WC711168,2026-06-23 22:59,crm,0,1,0.0,0,validation_split
WC711169,2026-06-24 00:45,crm,0,1,0.0,0,validation_split
WC711170,2026-06-24 01:15,crm,1,2,72.0,0,validation_split
WC711171,2026-06-24 03:16,crm,0,1,0.0,0,validation_split
WC711172,2026-06-24 03:27,crm,0,1,0.0,0,validation_split
WC711173,2026-06-24 03:29,crm,1,2,72.0,0,validation_split
WC711174,2026-06-24 03:39,crm,0,1,0.0,0,validation_split
WC711175,2026-06-24 03:48,crm,0,1,0.0,0,validation_split
WC711176,2026-06-24 04:18,crm,1,2,48.0,0,validation_split
WC711177,2026-06-24 06:13,crm,0,1,0.0,0,validation_split
WC711178,2026-06-24 06:39,crm,0,1,0.0,0,validation_split
WC711179,2026-06-24 06:58,crm,0,1,0.0,0,validation_split
WC711180,2026-06-24 07:09,crm,0,1,0.0,0,validation_split
WC711181,2026-06-24 08:50,crm,0,1,0.0,0,validation_split
WC711182,2026-06-24 09:07,crm,0,1,0.0,0,validation_split
WC711183,2026-06-24 10:59,crm,0,1,0.0,0,validation_split
WC711184,2026-06-24 11:29,crm,0,1,0.0,0,validation_split
WC711185,2026-06-24 11:30,crm,0,1,0.0,0,validation_split
WC711186,2026-06-24 12:13,crm,0,1,0.0,,validation_split
WC711187,2026-06-24 13:01,crm,0,1,0.0,0,validation_split
WC711188,2026-06-24 14:51,crm,0,1,0.0,0,validation_split
WC711189,2026-06-24 15:02,crm,0,1,0.0,0,validation_split
WC711190,2026-06-24 15:26,crm,0,1,0.0,0,validation_split
WC711191,2026-06-24 16:01,crm,0,1,0.0,0,validation_split
WC711192,2026-06-24 16:31,crm,0,1,0.0,0,validation_split
WC711193,2026-06-24 17:20,crm,0,1,0.0,0,validation_split
WC711194,2026-06-24 19:50,crm,0,1,0.0,0,validation_split
WC711195,2026-06-24 20:55,crm,0,1,0.0,0,validation_split
WC711196,2026-06-24 22:26,crm,0,1,0.0,0,validation_split
WC711197,2026-06-25 00:46,crm,0,1,0.0,0,validation_split
WC711198,2026-06-25 00:52,crm,0,1,0.0,0,validation_split
WC711199,2026-06-25 05:57,crm,0,1,0.0,0,validation_split
WC711200,2026-06-25 08:41,crm,0,1,0.0,1,validation_split
WC711201,2026-06-25 08:51,crm,0,1,0.0,,validation_split
WC711202,2026-06-25 09:31,crm,0,1,0.0,0,validation_split
WC711203,2026-06-25 10:00,crm,0,1,0.0,0,validation_split
WC711204,2026-06-25 10:04,crm,0,1,0.0,0,validation_split
WC711205,2026-06-25 10:26,crm,0,1,0.0,0,validation_split
WC711206,2026-06-25 10:54,crm,0,1,0.0,0,validation_split
WC711207,2026-06-25 11:11,crm,0,1,0.0,0,validation_split
WC711208,2026-06-25 12:42,crm,0,1,0.0,0,validation_split
WC711209,2026-06-25 15:22,crm,0,1,0.0,0,validation_split
WC711210,2026-06-25 15:49,crm,0,1,0.0,0,validation_split
WC711211,2026-06-25 15:58,crm,0,1,0.0,1,validation_split
WC711212,2026-06-25 16:30,crm,0,1,0.0,0,validation_split
WC711213,2026-06-25 19:01,crm,0,1,0.0,0,validation_split
WC711214,2026-06-25 20:22,crm,0,1,0.0,0,validation_split
WC711215,2026-06-25 20:49,crm,0,1,0.0,0,validation_split
WC711216,2026-06-25 21:58,crm,0,1,0.0,0,validation_split
WC711217,2026-06-25 23:13,crm,0,1,0.0,0,validation_split
WC711218,2026-06-25 23:52,crm,0,1,0.0,0,validation_split
WC711219,2026-06-26 01:03,crm,0,1,0.0,0,validation_split
WC711220,2026-06-26 01:11,crm,0,1,0.0,0,validation_split
WC711221,2026-06-26 01:55,crm,0,1,0.0,0,validation_split
WC711222,2026-06-26 02:44,crm,0,1,0.0,0,validation_split
WC711223,2026-06-26 03:16,crm,0,1,0.0,0,validation_split
WC711224,2026-06-26 03:49,crm,0,1,0.0,0,validation_split
WC711225,2026-06-26 04:22,crm,0,1,0.0,0,validation_split
WC711226,2026-06-26 04:52,crm,0,1,0.0,0,validation_split
WC711227,2026-06-26 06:25,crm,0,1,0.0,0,validation_split
WC711228,2026-06-26 07:05,crm,0,1,0.0,0,validation_split
WC711229,2026-06-26 08:45,crm,0,1,0.0,0,validation_split
WC711230,2026-06-26 08:52,crm,0,1,0.0,0,validation_split
WC711231,2026-06-26 09:30,crm,0,1,0.0,0,validation_split
WC711232,2026-06-26 09:52,crm,0,1,0.0,0,validation_split
WC711233,2026-06-26 10:49,crm,0,1,0.0,0,validation_split
WC711234,2026-06-26 12:40,crm,0,1,0.0,0,validation_split
WC711235,2026-06-26 16:08,crm,0,1,0.0,0,validation_split
WC711236,2026-06-26 16:13,crm,0,1,0.0,0,validation_split
WC711237,2026-06-26 16:31,crm,0,1,0.0,0,validation_split
WC711238,2026-06-26 16:38,crm,0,1,0.0,,validation_split
WC711239,2026-06-26 17:14,crm,0,1,0.0,0,validation_split
WC711240,2026-06-26 18:20,crm,1,2,48.0,0,validation_split
WC711241,2026-06-26 18:32,crm,0,1,0.0,0,validation_split
WC711242,2026-06-26 19:21,crm,0,1,0.0,0,validation_split
WC711243,2026-06-26 19:53,crm,0,1,0.0,0,validation_split
WC711244,2026-06-26 20:37,crm,0,1,0.0,0,validation_split
WC711245,2026-06-26 21:20,crm,0,1,0.0,0,validation_split
WC711246,2026-06-26 23:08,crm,0,1,0.0,0,validation_split
WC711247,2026-06-26 23:53,crm,0,1,0.0,0,validation_split
WC711248,2026-06-27 01:10,crm,0,1,0.0,0,validation_split
WC711249,2026-06-27 01:34,crm,0,1,0.0,1,validation_split
WC711250,2026-06-27 03:22,crm,0,1,0.0,0,validation_split
WC711251,2026-06-27 04:22,crm,0,1,0.0,0,validation_split
WC711252,2026-06-27 05:07,crm,0,1,0.0,0,validation_split
WC711253,2026-06-27 05:44,crm,0,1,0.0,0,validation_split
WC711254,2026-06-27 07:15,crm,0,1,0.0,0,validation_split
WC711255,2026-06-27 07:43,crm,0,1,0.0,0,validation_split
WC711256,2026-06-27 08:23,crm,0,1,0.0,0,validation_split
WC711257,2026-06-27 09:39,crm,1,2,24.0,0,validation_split
WC711258,2026-06-27 09:39,crm,0,1,0.0,0,validation_split
WC711259,2026-06-27 11:26,crm,0,1,0.0,0,validation_split
WC711260,2026-06-27 11:31,crm,0,1,0.0,0,validation_split
WC711261,2026-06-27 11:48,crm,0,1,0.0,0,validation_split
WC711262,2026-06-27 12:38,crm,0,1,0.0,1,validation_split
WC711263,2026-06-27 13:54,crm,0,1,0.0,0,validation_split
WC711264,2026-06-27 15:59,crm,0,1,0.0,0,validation_split
WC711265,2026-06-27 17:14,crm,0,1,0.0,0,validation_split
WC711266,2026-06-27 18:43,crm,0,1,0.0,0,validation_split
WC711267,2026-06-27 20:02,crm,0,1,0.0,0,validation_split
WC711268,2026-06-27 20:47,crm,0,1,0.0,0,validation_split
WC711269,2026-06-27 21:53,crm,0,1,0.0,0,validation_split
WC711270,2026-06-27 22:18,crm,0,1,0.0,0,validation_split
WC711271,2026-06-27 22:24,crm,0,1,0.0,1,validation_split
WC711272,2026-06-27 22:49,crm,0,1,0.0,0,validation_split
WC711273,2026-06-27 22:58,crm,0,1,0.0,0,validation_split
WC711274,2026-06-28 05:51,crm,0,1,0.0,0,validation_split
WC711275,2026-06-28 06:45,crm,0,1,0.0,0,validation_split
WC711276,2026-06-28 06:56,crm,0,1,0.0,0,validation_split
WC711277,2026-06-28 07:59,crm,0,1,0.0,0,validation_split
WC711278,2026-06-28 09:00,crm,0,1,0.0,0,validation_split
WC711279,2026-06-28 10:40,crm,0,1,0.0,1,validation_split
WC711280,2026-06-28 11:05,crm,0,1,0.0,0,validation_split
WC711281,2026-06-28 12:01,crm,0,1,0.0,0,validation_split
WC711282,2026-06-28 12:38,crm,0,1,0.0,0,validation_split
WC711283,2026-06-28 12:48,crm,0,1,0.0,0,validation_split
WC711284,2026-06-28 13:13,crm,1,2,58.7,0,validation_split
WC711285,2026-06-28 14:56,crm,0,1,0.0,0,validation_split
WC711286,2026-06-28 15:28,crm,0,1,0.0,0,validation_split
WC711287,2026-06-28 16:07,crm,0,1,0.0,0,validation_split
WC711288,2026-06-28 17:23,crm,0,1,0.0,0,validation_split
WC711289,2026-06-28 18:37,crm,1,2,53.3,0,validation_split
WC711290,2026-06-28 19:06,crm,0,1,0.0,0,validation_split
WC711291,2026-06-28 22:27,crm,0,1,0.0,0,validation_split
WC711292,2026-06-28 22:43,crm,1,2,49.2,0,validation_split
WC711293,2026-06-28 23:45,crm,0,1,0.0,0,validation_split
WC711294,2026-06-29 02:19,crm,0,1,0.0,0,validation_split
WC711295,2026-06-29 02:20,crm,0,1,0.0,0,validation_split
WC711296,2026-06-29 03:38,crm,0,1,0.0,0,validation_split
WC711297,2026-06-29 05:12,crm,0,1,0.0,0,validation_split
WC711298,2026-06-29 05:27,crm,0,1,0.0,0,validation_split
WC711299,2026-06-29 06:29,crm,0,1,0.0,0,validation_split
WC711300,2026-06-29 06:38,crm,0,1,0.0,0,validation_split
WC711301,2026-06-29 08:38,crm,0,1,0.0,0,validation_split
WC711302,2026-06-29 09:15,crm,0,1,0.0,0,validation_split
WC711303,2026-06-29 09:24,crm,0,1,0.0,0,validation_split
WC711304,2026-06-29 09:32,crm,0,1,0.0,0,validation_split
WC711305,2026-06-29 09:59,crm,0,1,0.0,0,validation_split
WC711306,2026-06-29 10:21,crm,0,1,0.0,0,validation_split
WC711307,2026-06-29 10:28,crm,0,1,0.0,0,validation_split
WC711308,2026-06-29 12:25,crm,0,1,0.0,0,validation_split
WC711309,2026-06-29 12:33,crm,0,1,0.0,0,validation_split
WC711310,2026-06-29 13:35,crm,0,1,0.0,0,validation_split
WC711311,2026-06-29 15:35,crm,0,1,0.0,0,validation_split
WC711312,2026-06-29 15:50,crm,0,1,0.0,0,validation_split
WC711313,2026-06-29 16:43,crm,0,1,0.0,0,validation_split
WC711314,2026-06-29 17:58,crm,0,1,0.0,0,validation_split
WC711315,2026-06-29 18:57,crm,0,1,0.0,0,validation_split
WC711316,2026-06-29 19:22,crm,0,1,0.0,0,validation_split
WC711317,2026-06-29 20:27,crm,0,1,0.0,0,validation_split
WC711318,2026-06-29 21:05,crm,0,1,0.0,0,validation_split
WC711319,2026-06-29 21:52,crm,0,1,0.0,0,validation_split
WC711320,2026-06-30 00:34,crm,0,1,0.0,0,validation_split
WC711321,2026-06-30 01:53,crm,0,1,0.0,0,validation_split
WC711322,2026-06-30 02:35,crm,0,1,0.0,0,validation_split
WC711323,2026-06-30 02:39,crm,0,1,0.0,0,validation_split
WC711324,2026-06-30 03:31,crm,0,1,0.0,0,validation_split
WC711325,2026-06-30 03:47,crm,0,1,0.0,0,validation_split
WC711326,2026-06-30 03:54,crm,0,1,0.0,0,validation_split
WC711327,2026-06-30 04:32,crm,0,1,0.0,0,validation_split
WC711328,2026-06-30 06:33,crm,0,1,0.0,0,validation_split
WC711329,2026-06-30 08:14,crm,0,1,0.0,0,validation_split
WC711330,2026-06-30 08:21,crm,0,1,0.0,0,validation_split
WC711331,2026-06-30 10:48,crm,0,1,0.0,0,validation_split
WC711332,2026-06-30 12:03,crm,0,1,0.0,0,validation_split
WC711333,2026-06-30 12:37,crm,0,1,0.0,0,validation_split
WC711334,2026-06-30 12:48,crm,0,1,0.0,0,validation_split
WC711335,2026-06-30 14:15,crm,0,1,0.0,,validation_split
WC711336,2026-06-30 14:47,crm,1,2,9.13,0,validation_split
WC711337,2026-06-30 14:49,crm,0,1,0.0,0,validation_split
WC711338,2026-06-30 15:29,crm,1,2,8.43,0,validation_split
WC711339,2026-06-30 15:33,crm,0,1,0.0,0,validation_split
WC711340,2026-06-30 15:53,crm,0,1,0.0,0,validation_split
WC711341,2026-06-30 17:08,crm,0,1,0.0,0,validation_split
WC711342,2026-06-30 17:46,crm,0,1,0.0,0,validation_split
WC711343,2026-06-30 18:05,crm,0,1,0.0,0,validation_split
WC711344,2026-06-30 20:49,crm,0,1,0.0,0,validation_split
WC711345,2026-06-30 21:20,crm,0,1,0.0,0,validation_split
WC711346,2026-06-30 23:25,crm,0,1,0.0,0,validation_split
WC711347,2026-06-30 23:40,crm,0,1,0.0,0,validation_split
